﻿<?xml version="1.0" encoding="utf-8" ?>
<Defs>

  <PawnKindDef Name="MercenaryBase" Abstract="True">
    <race>Human</race>
    <defaultFactionType>Pirate</defaultFactionType>
    <chemicalAddictionChance>0.1</chemicalAddictionChance>
    <invNutrition>2.55</invNutrition>
    <itemQuality>Normal</itemQuality>
    <backstoryCryptosleepCommonality>0.08</backstoryCryptosleepCommonality>
    <maxGenerationAge>65</maxGenerationAge>
    <combatEnhancingDrugsChance>0.15</combatEnhancingDrugsChance>
    <combatEnhancingDrugsCount>0~2</combatEnhancingDrugsCount>
    <biocodeWeaponChance>0.1</biocodeWeaponChance>
  </PawnKindDef>

  <!-- Low merc tier - grenadiers -->

  <PawnKindDef Abstract="True" Name="GrenadierBase" ParentName="MercenaryBase">
    <race>Human</race>
    <combatPower>65</combatPower>
    <gearHealthRange>0.7~2.3</gearHealthRange>
    <apparelTags>
      <li>IndustrialBasic</li>
      <li>IndustrialAdvanced</li>
      <li>IndustrialMilitaryBasic</li>
      <li>BeltDefensePop</li>
    </apparelTags>
    <apparelMoney>400~700</apparelMoney>
    <apparelAllowHeadgearChance>0.5</apparelAllowHeadgearChance>
    <weaponMoney>500~500</weaponMoney>
    <techHediffsChance>0.05</techHediffsChance>
    <techHediffsMoney>500~500</techHediffsMoney>
    <techHediffsTags>
      <li>Poor</li>
      <li>Simple</li>
      <li>ImplantEmpireCommon</li>
    </techHediffsTags>
    <inventoryOptions>
      <skipChance>0.9</skipChance>
      <subOptionsChooseOne>
        <li>
          <thingDef>Silver</thingDef>
          <countRange>50~200</countRange>
        </li>
        <li>
          <thingDef>MedicineIndustrial</thingDef>
          <countRange>1~1</countRange>
        </li>
      </subOptionsChooseOne>
    </inventoryOptions>
  </PawnKindDef>

  <PawnKindDef ParentName="GrenadierBase">
    <defName>Grenadier_Destructive</defName>
    <label>grenadier</label>
    <canBeSapper>true</canBeSapper>
    <weaponTags>
      <li>GrenadeDestructive</li>
    </weaponTags>
  </PawnKindDef>

  <PawnKindDef ParentName="GrenadierBase">
    <defName>Grenadier_EMP</defName>
    <label>EMP grenadier</label>
    <weaponTags>
      <li>GrenadeEMP</li>
    </weaponTags>
  </PawnKindDef>

  <PawnKindDef ParentName="GrenadierBase">
    <defName>Grenadier_Smoke</defName>
    <label>smoke grenadier</label>
    <weaponTags>
      <li>GrenadeSmoke</li>
    </weaponTags>
    <weaponMoney>400~400</weaponMoney>
  </PawnKindDef>

  <!-- Mid merc tier - gunner, slasher, sniper, heavy -->

  <PawnKindDef ParentName="MercenaryBase" Name="MercenaryMidTierBase" Abstract="True">
    <techHediffsChance>0.15</techHediffsChance>
    <techHediffsMoney>700~1200</techHediffsMoney>
    <techHediffsTags>
      <li>Simple</li>
      <li>Advanced</li>
      <li>ImplantEmpireCommon</li>
    </techHediffsTags>
    <biocodeWeaponChance>0.2</biocodeWeaponChance>
  </PawnKindDef>

    <PawnKindDef ParentName="MercenaryMidTierBase" Name="MercenaryGunnerBase" Abstract="True">
    <label>mercenary gunner</label>
    <combatPower>90</combatPower>
    <gearHealthRange>0.7~3.2</gearHealthRange>
    <apparelTags>
      <li>IndustrialBasic</li>
      <li>IndustrialAdvanced</li>
      <li>IndustrialMilitaryBasic</li>
      <li>IndustrialMilitaryAdvanced</li>
      <li>BeltDefensePop</li>
    </apparelTags>
    <apparelMoney>1000~1500</apparelMoney>
    <apparelAllowHeadgearChance>0.5</apparelAllowHeadgearChance>
    <weaponMoney>330~650</weaponMoney>
    <weaponTags>
      <li>Gun</li>
    </weaponTags>
    <combatEnhancingDrugsChance>0.05</combatEnhancingDrugsChance>
    <combatEnhancingDrugsCount>0~2</combatEnhancingDrugsCount>
    <inventoryOptions>
      <skipChance>0.8</skipChance>
      <subOptionsChooseOne>
        <li>
          <thingDef>Silver</thingDef>
          <countRange>50~200</countRange>
        </li>
        <li>
          <thingDef>MedicineIndustrial</thingDef>
          <countRange>1~1</countRange>
        </li>
      </subOptionsChooseOne>
    </inventoryOptions>
  </PawnKindDef>

  <PawnKindDef ParentName="MercenaryGunnerBase">
    <defName>Mercenary_Gunner</defName>
  </PawnKindDef>

  <PawnKindDef ParentName="MercenaryGunnerBase">
    <defName>Mercenary_Gunner_Acidifier</defName>
    <techHediffsRequired>
      <li>DeathAcidifier</li>
    </techHediffsRequired>
  </PawnKindDef>

  <PawnKindDef ParentName="MercenaryMidTierBase" Name="MercenarySniperBase" Abstract="True">
    <label>mercenary sniper</label>
    <combatPower>110</combatPower>
    <gearHealthRange>0.7~3.2</gearHealthRange>
    <apparelTags>
      <li>IndustrialBasic</li>
      <li>IndustrialAdvanced</li>
      <li>IndustrialMilitaryBasic</li>
      <li>IndustrialMilitaryAdvanced</li>
    </apparelTags>
    <apparelMoney>1000~1500</apparelMoney>
    <apparelAllowHeadgearChance>0.5</apparelAllowHeadgearChance>
    <weaponMoney>600~600</weaponMoney>
    <weaponTags>
      <li>SniperRifle</li>
    </weaponTags>
    <inventoryOptions>
      <skipChance>0.8</skipChance>
      <subOptionsChooseOne>
        <li>
          <thingDef>Silver</thingDef>
          <countRange>50~200</countRange>
        </li>
        <li>
          <thingDef>MedicineIndustrial</thingDef>
          <countRange>1~1</countRange>
        </li>
      </subOptionsChooseOne>
    </inventoryOptions>
  </PawnKindDef>

  <PawnKindDef ParentName="MercenarySniperBase">
    <defName>Mercenary_Sniper</defName>
  </PawnKindDef>

  <PawnKindDef ParentName="MercenarySniperBase">
    <defName>Mercenary_Sniper_Acidifier</defName>
    <techHediffsRequired>
      <li>DeathAcidifier</li>
    </techHediffsRequired>
  </PawnKindDef>
  
  <PawnKindDef ParentName="MercenaryMidTierBase" Name="MercenarySlasherBase" Abstract="True">
    <defName>Mercenary_Slasher</defName>
    <label>mercenary slasher</label>
    <combatPower>150</combatPower>
    <canBeSapper>true</canBeSapper>
    <gearHealthRange>0.7~3.2</gearHealthRange>
    <apparelTags>
      <li>IndustrialBasic</li>
      <li>IndustrialAdvanced</li>
      <li>IndustrialMilitaryBasic</li>
      <li>IndustrialMilitaryAdvanced</li>
    </apparelTags>
    <apparelRequired>
      <li>Apparel_ShieldBelt</li>
    </apparelRequired>
    <apparelMoney>300~1400</apparelMoney>
    <apparelAllowHeadgearChance>0</apparelAllowHeadgearChance>
    <weaponMoney>200~500</weaponMoney>
    <weaponTags>
      <li>MedievalMeleeDecent</li>
      <li>MedievalMeleeAdvanced</li>
    </weaponTags>
    <inventoryOptions>
      <skipChance>0.8</skipChance>
      <subOptionsChooseOne>
        <li>
          <thingDef>Silver</thingDef>
          <countRange>180~400</countRange>
        </li>
        <li>
          <thingDef>MedicineIndustrial</thingDef>
          <countRange>1~2</countRange>
        </li>
      </subOptionsChooseOne>
    </inventoryOptions>
  </PawnKindDef>

  <PawnKindDef ParentName="MercenarySlasherBase">
    <defName>Mercenary_Slasher</defName>
  </PawnKindDef>

  <PawnKindDef ParentName="MercenarySlasherBase">
    <defName>Mercenary_Slasher_Acidifier</defName>
    <techHediffsRequired>
      <li>DeathAcidifier</li>
    </techHediffsRequired>
  </PawnKindDef>

  <PawnKindDef ParentName="MercenaryMidTierBase">
    <defName>Mercenary_Heavy</defName>
    <label>heavy mercenary</label>
    <labelPlural>heavy mercenaries</labelPlural>
    <combatPower>150</combatPower>
    <gearHealthRange>0.7~3.2</gearHealthRange>
    <apparelTags>
      <li>IndustrialBasic</li>
      <li>IndustrialAdvanced</li>
      <li>IndustrialMilitaryBasic</li>
      <li>IndustrialMilitaryAdvanced</li>
      <li>BeltDefensePop</li>
    </apparelTags>
    <apparelMoney>200~350</apparelMoney>
    <apparelAllowHeadgearChance>0.5</apparelAllowHeadgearChance>
    <weaponMoney>1200~1200</weaponMoney>
    <weaponTags>
      <li>GunHeavy</li>
      <li>GunSingleUse</li>
    </weaponTags>
  </PawnKindDef>

  <!-- Elite tier - merc elite, pirate boss -->
  
  <PawnKindDef Abstract="True" Name="MercenaryEliteTierBase" ParentName="MercenaryBase">
    <combatPower>150</combatPower>
    <maxGenerationAge>45</maxGenerationAge>
    <backstoryCryptosleepCommonality>0.25</backstoryCryptosleepCommonality>
    <gearHealthRange>1~1</gearHealthRange>
    <apparelTags>
      <li>IndustrialBasic</li>
      <li>IndustrialAdvanced</li>
      <li>IndustrialMilitaryBasic</li>
      <li>IndustrialMilitaryAdvanced</li>
      <li>SpacerMilitary</li>
      <li>BeltDefensePop</li>
    </apparelTags>
    <apparelMoney>2500~3500</apparelMoney>
    <apparelAllowHeadgearChance>0.9</apparelAllowHeadgearChance>
    <weaponMoney>500~1400</weaponMoney>
    <weaponTags>
      <li>IndustrialGunAdvanced</li>
    </weaponTags>
    <techHediffsMoney>1000~1200</techHediffsMoney>
    <techHediffsTags>
      <li>Advanced</li>
      <li>ImplantEmpireCommon</li>
    </techHediffsTags>
    <techHediffsChance>0.35</techHediffsChance>
    <combatEnhancingDrugsChance>0.80</combatEnhancingDrugsChance>
    <combatEnhancingDrugsCount>1~2</combatEnhancingDrugsCount>
    <biocodeWeaponChance>0.3</biocodeWeaponChance>
  </PawnKindDef>

  <PawnKindDef ParentName="MercenaryEliteTierBase">
    <defName>PirateBoss</defName>
    <label>boss</label>
    <labelPlural>bosses</labelPlural>
    <factionLeader>true</factionLeader>
    <baseRecruitDifficulty>0.90</baseRecruitDifficulty>
    <canBeSapper>true</canBeSapper>
    <inventoryOptions>
      <skipChance>0.8</skipChance>
      <subOptionsChooseOne>
        <li>
          <thingDef>Silver</thingDef>
          <countRange>50~200</countRange>
        </li>
      </subOptionsChooseOne>
    </inventoryOptions>
  </PawnKindDef>

  <PawnKindDef ParentName="MercenaryEliteTierBase" Name="MercenaryEliteBase" Abstract="True">
    <label>elite mercenary</label>
    <labelPlural>elite mercenaries</labelPlural>
    <inventoryOptions>
      <skipChance>0.8</skipChance>
      <subOptionsChooseOne>
        <li>
          <thingDef>MedicineIndustrial</thingDef>
          <countRange>1~2</countRange>
        </li>
      </subOptionsChooseOne>
    </inventoryOptions>
  </PawnKindDef>

  <PawnKindDef ParentName="MercenaryEliteBase">
    <defName>Mercenary_Elite</defName>
  </PawnKindDef>
  
  <PawnKindDef ParentName="MercenaryEliteBase">
    <defName>Mercenary_Elite_Acidifier</defName>
    <techHediffsRequired>
      <li>DeathAcidifier</li>
    </techHediffsRequired>
  </PawnKindDef>

</Defs>
