<?xml version="1.0" encoding="utf-8" ?>
<Defs>

  <TerrainDef Abstract="True" ParentName="FloorBase" Name="FineTileStoneBase">
    <renderPrecedence>220</renderPrecedence>
    <description>Exquisite stone tiles, made with no compromises, for expressing economic status. Slow to construct.</description>
    <texturePath>Terrain/Surfaces/TileStoneFine</texturePath>
    <statBases>
      <WorkToBuild>5000</WorkToBuild>
      <Beauty>3</Beauty>
    </statBases>
    <designatorDropdown>Floor_Tile_Fine</designatorDropdown>
    <researchPrerequisites>
      <li>Stonecutting</li>
    </researchPrerequisites>
    <tags>
      <li>FineFloor</li>
    </tags>
    <constructionSkillPrerequisite>6</constructionSkillPrerequisite>
    <resourcesFractionWhenDeconstructed>0.15</resourcesFractionWhenDeconstructed>
  </TerrainDef>

  <TerrainDef ParentName="FineTileStoneBase">
    <defName>FineTileSandstone</defName>
    <label>fine sandstone tile</label>
    <color>(147,127,118)</color>
    <costList>
      <BlocksSandstone>20</BlocksSandstone>
    </costList>
  </TerrainDef>

  <TerrainDef ParentName="FineTileStoneBase">
    <defName>FineTileGranite</defName>
    <label>fine granite tile</label>
    <color>(105,95,97)</color>
    <costList>
      <BlocksGranite>20</BlocksGranite>
    </costList>
  </TerrainDef>

  <TerrainDef ParentName="FineTileStoneBase">
    <defName>FineTileLimestone</defName>
    <label>fine limestone tile</label>
    <color>(158,153,135)</color>
    <costList>
      <BlocksLimestone>20</BlocksLimestone>
    </costList>
  </TerrainDef>

  <TerrainDef ParentName="FineTileStoneBase">
    <defName>FineTileSlate</defName>
    <label>fine slate tile</label>
    <color>(70,70,70)</color>
    <costList>
      <BlocksSlate>20</BlocksSlate>
    </costList>
  </TerrainDef>

  <TerrainDef ParentName="FineTileStoneBase">
    <defName>FineTileMarble</defName>
    <label>fine marble tile</label>
    <color>(180,180,180)</color>
    <costList>
      <BlocksMarble>20</BlocksMarble>
    </costList>
  </TerrainDef>
  
</Defs>