﻿<?xml version="1.0" encoding="utf-8" ?>
<Defs>

  <!-- Heavy charge blaster -->

  <ThingDef ParentName="BaseBullet">
    <defName>Bullet_ChargeBlasterHeavy</defName>
    <label>charge blaster shot</label>
    <graphicData>
      <texPath>Things/Projectile/Charge_Small</texPath>
      <graphicClass>Graphic_Single</graphicClass>
      <shaderType>TransparentPostLight</shaderType>
    </graphicData>
    <projectile>
      <damageDef>Bullet</damageDef>
      <damageAmountBase>15</damageAmountBase>
      <speed>90</speed>
    </projectile>
  </ThingDef>

  <ThingDef Abstract="True" ParentName="BaseGunWithQuality" Name="Gun_ChargeBlasterHeavyBase">
    <label>heavy charge blaster</label>
    <description>A pulse-charged rapid-fire blaster for area suppressive fire.</description>
    <graphicData>
      <texPath>Things/Item/Equipment/WeaponRanged/ChargeBlasterHeavy</texPath>
      <graphicClass>Graphic_Single</graphicClass>
    </graphicData>
    <statBases>
      <MarketValue>1400</MarketValue>
      <Mass>22</Mass>
      <AccuracyTouch>0.18</AccuracyTouch>
      <AccuracyShort>0.26</AccuracyShort>
      <AccuracyMedium>0.26</AccuracyMedium>
      <AccuracyLong>0.18</AccuracyLong>
      <RangedWeapon_Cooldown>7.4</RangedWeapon_Cooldown>
    </statBases>
    <techLevel>Spacer</techLevel>
    <menuHidden>True</menuHidden>
    <tradeability>None</tradeability>
    <destroyOnDrop>true</destroyOnDrop>
    <tools>
      <li>
        <label>barrel</label>
        <capacities>
          <li>Blunt</li>
        </capacities>
        <power>11.7</power>
        <cooldownTime>2.6</cooldownTime>
      </li>
    </tools>
  </ThingDef>

  <ThingDef ParentName="Gun_ChargeBlasterHeavyBase">
    <defName>Gun_ChargeBlasterHeavy</defName>
    <verbs>
      <li>
        <verbClass>Verb_Shoot</verbClass>
        <hasStandardCommand>true</hasStandardCommand>
        <defaultProjectile>Bullet_ChargeBlasterHeavy</defaultProjectile>
        <warmupTime>1.25</warmupTime>
        <range>26.9</range>
        <ticksBetweenBurstShots>5</ticksBetweenBurstShots>
        <burstShotCount>24</burstShotCount>
        <soundCast>Shot_ChargeBlaster</soundCast>
        <soundCastTail>GunTail_Heavy</soundCastTail>
        <muzzleFlashScale>9</muzzleFlashScale>
      </li>
    </verbs>
    <weaponTags>
      <li>MechanoidGunHeavy</li>
    </weaponTags>
  </ThingDef>

  <!-- Inferno cannon -->

  <ThingDef ParentName="BaseBullet">
    <defName>Bullet_InfernoCannon</defName>
    <label>inferno cannon shell</label>
    <graphicData>
      <texPath>Things/Projectile/LauncherShot</texPath>
      <graphicClass>Graphic_Single</graphicClass>
      <shaderType>TransparentPostLight</shaderType>
      <color>(254,189,58)</color>
    </graphicData>
    <thingClass>Projectile_Explosive</thingClass>
    <projectile>
      <damageDef>Flame</damageDef>
      <!-- Use default damage from explosion def -->
      <speed>45</speed>
      <explosionRadius>2.4</explosionRadius >
      <preExplosionSpawnThingDef>Filth_Fuel</preExplosionSpawnThingDef>
      <preExplosionSpawnChance>0.27</preExplosionSpawnChance>
      <ai_IsIncendiary>true</ai_IsIncendiary>
    </projectile>
  </ThingDef>

  <ThingDef Abstract="True" ParentName="BaseGunWithQuality" Name="Gun_InfernoCannonBase">
    <label>inferno cannon</label>
    <description>An incendiary-shot mini-artillery device. It fires a large incendiary warhead.</description>
    <graphicData>
      <texPath>Things/Item/Equipment/WeaponRanged/InfernoCannon</texPath>
      <graphicClass>Graphic_Single</graphicClass>
    </graphicData>
    <statBases>
      <MarketValue>1400</MarketValue>
      <Mass>18</Mass>
      <RangedWeapon_Cooldown>8.4</RangedWeapon_Cooldown>
    </statBases>
    <techLevel>Spacer</techLevel>
    <menuHidden>True</menuHidden>
    <generateCommonality>0.5</generateCommonality>
    <tradeability>None</tradeability>
    <tools>
      <li>
        <label>barrel</label>
        <capacities>
          <li>Blunt</li>
        </capacities>
        <power>11.7</power>
        <cooldownTime>2.6</cooldownTime>
      </li>
    </tools>
  </ThingDef>

  <ThingDef ParentName="Gun_InfernoCannonBase">
    <defName>Gun_InfernoCannon</defName>
    <weaponTags>
      <li>MechanoidGunHeavy</li>
    </weaponTags>
    <verbs>
      <li>
        <verbClass>Verb_Shoot</verbClass>
        <hasStandardCommand>true</hasStandardCommand>
        <defaultProjectile>Bullet_InfernoCannon</defaultProjectile>
        <forcedMissRadius>3.5</forcedMissRadius>
        <ai_AvoidFriendlyFireRadius>3</ai_AvoidFriendlyFireRadius>
        <warmupTime>1.25</warmupTime>
        <range>26.9</range>
        <burstShotCount>1</burstShotCount>
        <soundCast>InfernoCannon_Fire</soundCast>
        <soundCastTail>GunTail_Light</soundCastTail>
        <muzzleFlashScale>14</muzzleFlashScale>
      </li>
    </verbs>
  </ThingDef>
  
  <!-- Needlegun -->

  <ThingDef ParentName="BaseGunWithQuality">
    <defName>Gun_Needle</defName>
    <label>needle gun</label>
    <description>A long-range weapon used by mechanoids. Named after its needle-like projectiles, it fires single shots with great accuracy. While it does less damage than charge weapons, it can reach over very long distances.</description>
    <techLevel>Spacer</techLevel>
    <graphicData>
      <texPath>Things/Item/Equipment/WeaponRanged/NeedleGun</texPath>
      <graphicClass>Graphic_Single</graphicClass>
    </graphicData>
    <menuHidden>True</menuHidden>
    <tradeability>None</tradeability>
    <destroyOnDrop>true</destroyOnDrop>
    <statBases>
      <MarketValue>1400</MarketValue>
      <Mass>2.6</Mass>
      <AccuracyTouch>0.60</AccuracyTouch>
      <AccuracyShort>0.80</AccuracyShort>
      <AccuracyMedium>0.90</AccuracyMedium>
      <AccuracyLong>0.85</AccuracyLong>
      <RangedWeapon_Cooldown>2.1</RangedWeapon_Cooldown>
    </statBases>
    <weaponTags>
      <li>MechanoidGunLongRange</li>
    </weaponTags>
    <verbs>
      <li>
        <verbClass>Verb_Shoot</verbClass>
        <hasStandardCommand>true</hasStandardCommand>
        <defaultProjectile>Bullet_NeedleGun</defaultProjectile>
        <warmupTime>2.5</warmupTime>
        <range>44.9</range>
        <soundCast>Shot_NeedleGun</soundCast>
        <soundCastTail>GunTail_Heavy</soundCastTail>
        <muzzleFlashScale>9</muzzleFlashScale>
      </li>
    </verbs>
    <tools>
      <li>
        <label>barrel</label>
        <capacities>
          <li>Blunt</li>
          <li>Poke</li>
        </capacities>
        <power>9</power>
        <cooldownTime>2.6</cooldownTime>
      </li>
    </tools>
  </ThingDef>
  <ThingDef ParentName="BaseBullet">
    <defName>Bullet_NeedleGun</defName>
    <label>needle shot</label>
    <graphicData>
      <texPath>Things/Projectile/Needle</texPath>
      <graphicClass>Graphic_Single</graphicClass>
      <drawSize>1.3</drawSize>
    </graphicData>
    <projectile>
      <damageDef>Bullet</damageDef>
      <damageAmountBase>15</damageAmountBase>
      <armorPenetrationBase>0.35</armorPenetrationBase>
      <stoppingPower>1.5</stoppingPower>
      <speed>90</speed>
    </projectile>
  </ThingDef>

</Defs>