﻿<?xml version="1.0" encoding="utf-8" ?>
<Defs>

  <TaleDef>
    <defName>MinedValuable</defName>
    <label>mined valuable</label>
    <taleClass>Tale_SinglePawnAndDef</taleClass>
    <type>Volatile</type>
    <defSymbol>MATERIAL</defSymbol>
    <baseInterest>1</baseInterest>
    <rulePack>
      <rulesStrings>
        <li>tale_noun->[PAWN_nameDef] mining a rich vein of [MATERIAL_label]</li>
        <li>image->[PAWN_nameFull] working a [MATERIAL_label] wall with mining tools, [circumstance_group]</li>
        <li>image->[PAWN_nameFull] holding up a chunk of [MATERIAL_label], [circumstance_group]</li>
        <li>image->[PAWN_nameFull] resting against a wall of [MATERIAL_label], [circumstance_group]</li>
        <li>image->[PAWN_nameFull] coordinating an excavation team against a rich vein of [MATERIAL_label], [circumstance_group]</li>
        <li>image->[PAWN_nameFull] carefully inspecting a rich vein of [MATERIAL_label], [circumstance_group]</li>
        <li>circumstance_phrase->sweating heavily</li>
        <li>circumstance_phrase->wearing a [AdjectiveFriendly] expression</li>
        <li>circumstance_phrase->wearing a [AdjectiveFriendly] expression</li>
        <li>circumstance_phrase->smiling proudly</li>
        <li>circumstance_phrase->a satisfied expression on [PAWN_possessive] face</li>
        <li>desc_sentence->[Quantity_adjphrase] [ally]s assist.</li>
        <li>desc_sentence->[Quantity_adjphrase] [Animal]s wander the area.</li>
        <li>desc_sentence->There is a [Community] in the background.</li>
        <li>desc_sentence->[Quantity_adjphrase] further veins are visible in the distance.</li>
        <li>desc_sentence->A [TerrainFeature] is visible in the distance.</li>
        <li>desc_sentence->[PAWN_nameDef] is sweaty and dirty from work.</li>
      </rulesStrings>
    </rulePack>
  </TaleDef>

  <TaleDef>
    <defName>CompletedLongConstructionProject</defName>
    <label>completed long construction project</label>
    <taleClass>Tale_SinglePawnAndDef</taleClass>
    <type>Volatile</type>
    <defSymbol>OBJECT</defSymbol>
    <baseInterest>5</baseInterest>
    <rulePack>
      <rulesStrings>
        <li>tale_noun->[PAWN_nameDef] finishing construction on a [OBJECT_label]</li>
        <li>image->[PAWN_nameFull] building a [OBJECT_label] [circumstance_group]</li>
        <li>image->[PAWN_nameFull] putting together a [OBJECT_label] [circumstance_group]</li>
        <li>image->[PAWN_nameFull] polishing the surface of a [OBJECT_label] [circumstance_group]</li>
        <li>image->[PAWN_nameFull] inscribing [PAWN_possessive] name on a [OBJECT_label] [circumstance_group]</li>
        <li>circumstance_phrase->with a gleam in [PAWN_possessive] eye</li>
        <li>circumstance_phrase->while wiping the sweat from [PAWN_possessive] forehead</li>
        <li>circumstance_phrase->while covered in grime</li>
        <li>circumstance_phrase->while smiling proudly</li>
        <li>circumstance_phrase->with a satisfied expression on [PAWN_possessive] face</li>
        <li>desc_sentence->The [OBJECT_label] appears to tower above [PAWN_nameDef].</li>
        <li>desc_sentence->The [OBJECT_label] glows a soft [Color].</li>
        <li>desc_sentence->The [OBJECT_label] is intricately detailed.</li>
        <li>desc_sentence->[Quantity_adjphrase] [PersonJob]s marvel at the [OBJECT_label].</li>
        <li>desc_sentence->[Quantity_adjphrase] [PersonJob]s gaze in awe.</li>
      </rulesStrings>
    </rulePack>
  </TaleDef>

  <TaleDef>
    <defName>CompletedLongCraftingProject</defName>
    <label>completed long crafting project</label>
    <taleClass>Tale_SinglePawnAndDef</taleClass>
    <type>Volatile</type>
    <defSymbol>OBJECT</defSymbol>
    <baseInterest>5</baseInterest>
    <rulePack>
      <rulesStrings>
        <li>tale_noun->[PAWN_nameDef] completing work on a [OBJECT_label]</li>
        <li>image->[PAWN_nameFull] working on a [OBJECT_label] [circumstance_group]</li>
        <li>image->[PAWN_nameFull] polishing the surface of a [OBJECT_label] [circumstance_group]</li>
        <li>image->[PAWN_nameFull] adding surface detail to a [OBJECT_label] [circumstance_group]</li>
        <li>image->[PAWN_nameFull] inscribing [PAWN_possessive] name on a [OBJECT_label] [circumstance_group]</li>
        <li>circumstance_phrase->with a gleam in [PAWN_possessive] eye</li>
        <li>circumstance_phrase->while wiping the sweat from [PAWN_possessive] forehead</li>
        <li>circumstance_phrase->while covered in grime</li>
        <li>circumstance_phrase->while smiling proudly</li>
        <li>circumstance_phrase->with a satisfied expression on [PAWN_possessive] face</li>
        <li>desc_sentence->The [OBJECT_label] glows a soft [Color].</li>
        <li>desc_sentence->The [OBJECT_label] is intricately detailed.</li>
        <li>desc_sentence->[PAWN_nameDef] lifts the [OBJECT_label] seemingly without effort.</li>
        <li>desc_sentence->[Quantity_adjphrase] [PersonJob]s marvel at the device.</li>
        <li>desc_sentence->[Quantity_adjphrase] [PersonJob]s gaze in awe.</li>
      </rulesStrings>
    </rulePack>
  </TaleDef>

  <TaleDef>
    <defName>AttendedParty</defName>
    <label>attended party</label>
    <taleClass>Tale_DoublePawn</taleClass>
    <type>Volatile</type>
    <firstPawnSymbol>ATTENDER</firstPawnSymbol>
    <secondPawnSymbol>ORGANIZER</secondPawnSymbol>
    <baseInterest>1</baseInterest>
    <rulePack>
      <rulesStrings>
        <li>tale_noun->[ATTENDER_nameDef] attending [ORGANIZER_nameDef]'s party</li>
        <li>tale_noun->[ATTENDER_nameDef] relaxing with [ORGANIZER_nameDef] at a party</li>
        <li>image->[ATTENDER_nameFull] having a conversation with [ORGANIZER_nameFull] [circumstance_group]</li>
        <li>image->[ATTENDER_nameFull] getting a drink from [ORGANIZER_nameFull] [circumstance_group]</li>
        <li>image->[ATTENDER_nameFull] chatting with [ORGANIZER_nameFull] [circumstance_group]</li>
        <li>image->[ORGANIZER_nameFull] welcoming [ATTENDER_nameFull] [circumstance_group]</li>
        <li>image->[ORGANIZER_nameFull] introducing [ATTENDER_nameFull] to a friend [circumstance_group]</li>
        <li>circumstance_phrase->with a broad grin</li>
        <li>circumstance_phrase->with a laugh</li>
        <li>circumstance_phrase->with a [AdjectiveFriendly] smile</li>
        <li>circumstance_phrase->while laughing uproariously</li>
        <li>circumstance_phrase->while [AdjectiveFriendly]</li>
        <li>desc_sentence->[Quantity_adjphrase] [PersonJob]s are involved in the conversation.</li>
        <li>desc_sentence->The area is decorated with [Color] and [Color].</li>
        <li>desc_sentence->[Quantity_adjphrase] [Animal]s play nearby.</li>
      </rulesStrings>
    </rulePack>
  </TaleDef>

  <TaleDef>
    <defName>Meditated</defName>
    <label>meditated</label>
    <taleClass>Tale_SinglePawn</taleClass>
    <type>Volatile</type>
    <baseInterest>1</baseInterest>
    <rulePack>
      <rulesStrings>
        <li>tale_noun->[PAWN_nameDef] meditating</li>
        <li>image->[PAWN_nameFull] sitting under a [TreeType] tree, [circumstance_group]</li>
        <li>image->[PAWN_nameFull] sitting quietly, [circumstance_group]</li>
        <li>image->[PAWN_nameFull] gazing into the distance and [circumstance_group]</li>
        <li>image->[PAWN_nameFull] closing [PAWN_possessive] eyes and [circumstance_group]</li>
        <li>circumstance_phrase->radiating serenity</li>
        <li>circumstance_phrase->with a tranquil smile</li>
        <li>circumstance_phrase->with a [VerbFriendly] smile</li>
        <li>circumstance_phrase->glowing softly</li>
        <li>circumstance_phrase->surrounded by a [Color] aura</li>
        <li>desc_sentence->[Quantity_adjphrase] [PersonJob]s gaze upon [PAWN_pronoun].</li>
        <li>desc_sentence->[PAWN_pronoun] is surrounded by [Quantity_adjphrase] [Animal]s.</li>
        <li>desc_sentence->[Quantity_adjphrase] [Animal]s rest peacefully.</li>
        <li>desc_sentence->[Quantity_adjphrase] [Enemy]s are awestruck by the scene.</li>
      </rulesStrings>
    </rulePack>
  </TaleDef>

  <TaleDef>
    <defName>Prayed</defName>
    <label>prayed</label>
    <taleClass>Tale_SinglePawn</taleClass>
    <type>Volatile</type>
    <baseInterest>1</baseInterest>
    <rulePack>
      <rulesStrings>
        <li>tale_noun->[PAWN_nameDef] praying</li>
        <li>tale_noun->[PAWN_nameDef] praying to a higher power</li>
        <li>image->[PAWN_nameFull] gazing into the distance and [circumstance_group]</li>
        <li>image->[PAWN_nameFull] closing [PAWN_possessive] eyes and [circumstance_group]</li>
        <li>image->[PAWN_nameFull] clasping [PAWN_possessive] hands and [circumstance_group]</li>
        <li>image->[PAWN_nameFull] looking into the sky and [circumstance_group]</li>
        <li>circumstance_phrase->radiating serenity</li>
        <li>circumstance_phrase->whispering softly</li>
        <li>circumstance_phrase->wearing a hopeful expression</li>
        <li>circumstance_phrase->glowing softly</li>
        <li>circumstance_phrase->surrounded by a [Color] aura</li>
        <li>desc_sentence->[Quantity_adjphrase] [PersonJob]s gaze upon [PAWN_pronoun].</li>
        <li>desc_sentence->[PAWN_pronoun] is surrounded by [Quantity_adjphrase] [Animal]s.</li>
        <li>desc_sentence->[Quantity_adjphrase] [Animal]s rest peacefully.</li>
        <li>desc_sentence->[Quantity_adjphrase] [Enemy]s are awestruck by the scene.</li>
      </rulesStrings>
    </rulePack>
  </TaleDef>

  <TaleDef>
    <defName>BuiltSnowman</defName>
    <label>built snowman</label>
    <taleClass>Tale_SinglePawn</taleClass>
    <type>Volatile</type>
    <baseInterest>1</baseInterest>
    <rulePack>
      <rulesStrings>
        <li>tale_noun->[PAWN_nameDef] building a snowman</li>
        <li>tale_noun->[PAWN_nameDef] playing in the snow</li>
        <li>image->[PAWN_nameFull] forming a snowball [circumstance_group]</li>
        <li>image->[PAWN_nameFull] rolling a giant ball of snow on the ground [circumstance_group]</li>
        <li>image->[PAWN_nameFull] arranging [Vegetable]s into a rough human face [circumstance_group]</li>
        <li>image->[PAWN_nameFull] lying down in the snow [circumstance_group]</li>
        <li>circumstance_phrase->while enveloped in [Quantity_adjphrase] parkas</li>
        <li>circumstance_phrase->while obscured in a light snowstorm</li>
        <li>circumstance_phrase->while [PAWN_possessive] friends build a fort</li>
        <li>circumstance_phrase->while [PAWN_possessive] friends build a snowman family</li>
        <li>desc_sentence->A [Color] aurora shines in the background.</li>
        <li>desc_sentence->In the distance, a [Community] is covered with snow.</li>
        <li>desc_sentence->A field of [Vegetable]s is barely visible through the snow.</li>
        <li>desc_sentence->A snow-covered [TerrainFeature] can be seen far away.</li>
      </rulesStrings>
    </rulePack>
  </TaleDef>

  <TaleDef>
    <defName>VisitedGrave</defName>
    <label>visited grave</label>
    <taleClass>Tale_DoublePawn</taleClass>
    <type>Volatile</type>
    <firstPawnSymbol>VISITOR</firstPawnSymbol>
    <secondPawnSymbol>CORPSE</secondPawnSymbol>
    <baseInterest>1</baseInterest>
    <rulePack>
      <rulesStrings>
        <li>tale_noun->[VISITOR_nameDef] visiting the grave of [CORPSE_nameDef]</li>
        <li>tale_noun->[VISITOR_nameDef] visiting [CORPSE_nameDef]'s grave</li>
        <li>image->[VISITOR_nameFull] standing next to [CORPSE_nameFull]'s grave [circumstance_group]</li>
        <li>image->[VISITOR_nameFull] sitting next to [CORPSE_nameFull]'s grave [circumstance_group]</li>
        <li>image->[VISITOR_nameFull] leaning against [CORPSE_nameFull]'s grave [circumstance_group]</li>
        <li>image->[VISITOR_nameFull] reading the text on [CORPSE_nameFull]'s grave [circumstance_group]</li>
        <li>image->[VISITOR_nameFull] looking at the art on [CORPSE_nameFull]'s grave [circumstance_group]</li>
        <li>circumstance_phrase->with a [AdjectiveAngsty] expression</li>
        <li>circumstance_phrase->and consumed in thought</li>
        <li>circumstance_phrase->while gazing at a faraway [TerrainFeature]</li>
        <li>circumstance_phrase->and talking quietly to the memorial</li>
        <li>desc_sentence->A [Color] aurora shines in the background.</li>
        <li>desc_sentence->In the distance, a [Community] is covered with snow.</li>
        <li>desc_sentence->A spectral image of [CORPSE_nameDef] looks over the scene with a [AdjectiveFriendly] expression.</li>
        <li>desc_sentence->A spectral image of [CORPSE_nameDef] stands next to [VISITOR_nameDef], wearing a [AdjectiveFriendly] expression.</li>
        <li>desc_sentence->A spectral image of [CORPSE_nameDef] looks over the scene with a [AdjectiveAngsty] expression.</li>
        <li>desc_sentence->A spectral image of [CORPSE_nameDef] stands next to [VISITOR_nameDef], wearing a [AdjectiveAngsty] expression.</li>
        <li>desc_sentence->[Quantity_adjphrase] [Animal]s rest near the scene.</li>
      </rulesStrings>
    </rulePack>
  </TaleDef>

  <TaleDef>
    <defName>PlayedGame</defName>
    <label>played game</label>
    <taleClass>Tale_SinglePawnAndDef</taleClass>
    <type>Volatile</type>
    <defSymbol>OBJECT</defSymbol>
    <baseInterest>0.5</baseInterest>
    <rulePack>
      <rulesStrings>
        <li>tale_noun->[PAWN_nameDef] relaxing at a [OBJECT_label]</li>
        <li>tale_noun->[PAWN_nameDef] playing games at a [OBJECT_label]</li>
        <li>tale_noun->[PAWN_nameDef] enjoying [PAWN_objective]self at a [OBJECT_label]</li>
        <li>image->[PAWN_nameFull] waiting in a chair, [circumstance_group]</li>
        <li>image->[PAWN_nameFull] poised over the [OBJECT_label], [circumstance_group]</li>
        <li>image->[PAWN_nameFull] sitting next to the [OBJECT_label], [circumstance_group]</li>
        <li>image->[PAWN_nameFull] winning at a [OBJECT_label], [circumstance_group]</li>
        <li>image->[PAWN_nameFull] losing at a [OBJECT_label], [circumstance_group]</li>
        <li>circumstance_phrase->tense with energy</li>
        <li>circumstance_phrase->[PAWN_possessive] body loose and relaxed</li>
        <li>circumstance_phrase->planning [PAWN_possessive] next action</li>
        <li>circumstance_phrase->gently massaging [PAWN_possessive] wrists</li>
        <li>circumstance_phrase->[angstyverb] with a [AdjectiveAngsty] expression</li>
        <li>circumstance_phrase->wearing a [AdjectiveAngsty] look</li>
        <li>circumstance_phrase->[angstyverb]</li>
        <li>desc_sentence->A [Color] aurora shines in the background.</li>
        <li>desc_sentence->In the distance, a [Community] is visible.</li>
        <li>desc_sentence->In the distance, a [TerrainFeature] is visible.</li>
        <li>desc_sentence->[Quantity_adjphrase] [PersonJob]s are playing as well.</li>
        <li>desc_sentence->[Quantity_adjphrase] [Animal]s play nearby.</li>
        <li>desc_sentence->[PAWN_nameDef] is glowing with a [Color] aura.</li>
        <li>desc_sentence->[PAWN_nameDef]'s features are exaggerated.</li>
        <li>desc_sentence->[PAWN_nameDef] towers above the scene.</li>
        <li>desc_sentence->[Quantity_adjphrase] [PersonJob]s are slumped in defeat.</li>
      </rulesStrings>
    </rulePack>
  </TaleDef>

  <TaleDef>
    <defName>BuriedCorpse</defName>
    <label>buried corpse</label>
    <taleClass>Tale_DoublePawn</taleClass>
    <type>Volatile</type>
    <baseInterest>2</baseInterest>
    <firstPawnSymbol>DIGGER</firstPawnSymbol>
    <secondPawnSymbol>CORPSE</secondPawnSymbol>
    <rulePack>
      <rulesStrings>
        <li>tale_noun->[DIGGER_nameDef] burying [CORPSE_nameDef]</li>
        <li>tale_noun->[DIGGER_nameDef] laying [CORPSE_nameDef] to rest</li>
        <li>image->[DIGGER_nameFull] standing next to [CORPSE_nameFull]'s grave [circumstance_group]</li>
        <li>image->[DIGGER_nameFull] sitting next to [CORPSE_nameFull]'s grave [circumstance_group]</li>
        <li>image->[DIGGER_nameFull] leaning against [CORPSE_nameFull]'s grave [circumstance_group]</li>
        <li>image->[DIGGER_nameFull] scribing text on [CORPSE_nameFull]'s grave [circumstance_group]</li>
        <li>image->[DIGGER_nameFull] drawing art on [CORPSE_nameFull]'s grave [circumstance_group]</li>
        <li>image->[DIGGER_nameFull] placing [CORPSE_nameFull]'s body within a grave [circumstance_group]</li>
        <li>circumstance_phrase->with a [AdjectiveAngsty] expression</li>
        <li>circumstance_phrase->and consumed in thought</li>
        <li>circumstance_phrase->while gazing at a faraway [TerrainFeature]</li>
        <li>circumstance_phrase->and talking quietly to the memorial</li>
        <li>desc_sentence->A [Color] aurora shines in the background.</li>
        <li>desc_sentence->In the distance, a [Community] is covered with snow.</li>
        <li>desc_sentence->A spectral image of [CORPSE_nameDef] looks over the scene with a [AdjectiveFriendly] expression.</li>
        <li>desc_sentence->A spectral image of [CORPSE_nameDef] stands next to [DIGGER_nameDef], wearing a [AdjectiveFriendly] expression.</li>
        <li>desc_sentence->A spectral image of [CORPSE_nameDef] looks over the scene with a [AdjectiveAngsty] expression.</li>
        <li>desc_sentence->A spectral image of [CORPSE_nameDef] stands next to [DIGGER_nameDef], wearing a [AdjectiveAngsty] expression.</li>
        <li>desc_sentence->[Quantity_adjphrase] [Animal]s rest near the scene.</li>
      </rulesStrings>
    </rulePack>
  </TaleDef>

  <TaleDef>
    <defName>EnteredCryptosleep</defName>
    <label>entered cryptosleep</label>
    <taleClass>Tale_SinglePawn</taleClass>
    <type>Volatile</type>
    <baseInterest>5</baseInterest>
    <rulePack>
      <rulesStrings>
        <li>tale_noun->[PAWN_nameDef] entering cryptosleep</li>
        <li>image->[PAWN_nameFull] lying down inside a cryptosleep casket [circumstance_group]</li>
        <li>image->[PAWN_nameFull] opening an empty cryptosleep casket [circumstance_group]</li>
        <li>image->[PAWN_nameFull] sealing themselves inside a cryptosleep casket [circumstance_group]</li>
        <li>image->[PAWN_nameFull] looking through the wall of a cryptosleep casket at a world they're about to leave [circumstance_group]</li>
        <li>circumstance_phrase->with a [AdjectiveAngsty] expression</li>
        <li>circumstance_phrase->while consumed in thought</li>
        <li>circumstance_phrase->while gazing at a faraway [TerrainFeature]</li>
        <li>circumstance_phrase->and talking quietly to themselves</li>
        <li>desc_sentence->[Quantity_adjphrase] [Animal]s rest near the scene.</li>
        <li>desc_sentence->[Quantity_adjphrase] [Enemy]s approach the area.</li>
        <li>desc_sentence->[PAWN_nameDef] radiates determination.</li>
        <li>desc_sentence->[PAWN_nameDef] is visibly wounded.</li>
        <li>desc_sentence->A [Color] aurora shines in the background.</li>
        <li>desc_sentence->[Quantity_adjphrase] filled cryptosleep caskets surround the scene.</li>
      </rulesStrings>
    </rulePack>
  </TaleDef>

  <TaleDef>
    <defName>PutIntoCryptosleep</defName>
    <label>put into cryptosleep</label>
    <taleClass>Tale_DoublePawn</taleClass>
    <type>Volatile</type>
    <baseInterest>5</baseInterest>
    <firstPawnSymbol>CARRIER</firstPawnSymbol>
    <secondPawnSymbol>SLEEPER</secondPawnSymbol>
    <rulePack>
      <rulesStrings>
        <li>tale_noun->[CARRIER_nameDef] putting [SLEEPER_nameDef] into cryptosleep</li>
        <li>image->[CARRIER_nameFull] placing [SLEEPER_nameDef] inside a cryptosleep casket [circumstance_group]</li>
        <li>image->[CARRIER_nameFull] opening an empty cryptosleep casket while supporting [SLEEPER_nameDef] [circumstance_group]</li>
        <li>image->[CARRIER_nameFull] sealing [SLEEPER_nameDef] inside a cryptosleep casket [circumstance_group]</li>
        <li>image->[CARRIER_nameFull] walking away as [SLEEPER_nameDef] looks through the wall of a cryptosleep casket [circumstance_group]</li>
        <li>circumstance_phrase(p=3)->with a [AdjectiveAny] expression</li>
        <li>circumstance_phrase->while consumed in thought</li>
        <li>circumstance_phrase->while gazing at a faraway [TerrainFeature]</li>
        <li>circumstance_phrase->with visible tension between the two</li>
        <li>desc_sentence->[Quantity_adjphrase] [Animal]s rest near the scene.</li>
        <li>desc_sentence->[Quantity_adjphrase] [Enemy]s approach the area.</li>
        <li>desc_sentence->[CARRIER_nameDef] radiates determination.</li>
        <li>desc_sentence->[SLEEPER_nameDef] is visibly wounded.</li>
        <li>desc_sentence->[SLEEPER_nameDef] looks exhausted.</li>
        <li>desc_sentence->[Quantity_adjphrase] filled cryptosleep caskets surround the scene.</li>
      </rulesStrings>
    </rulePack>
  </TaleDef>

  <TaleDef>
    <defName>Stripped</defName>
    <label>stripped</label>
    <taleClass>Tale_DoublePawn</taleClass>
    <type>Volatile</type>
    <firstPawnSymbol>TAKER</firstPawnSymbol>
    <secondPawnSymbol>STRIPPED</secondPawnSymbol>
    <baseInterest>2</baseInterest>
    <rulePack>
      <rulesStrings>
        <li>tale_noun->[TAKER_nameDef] stripping [STRIPPED_nameDef]</li>
        <li>image->[TAKER_nameFull] disrobing [STRIPPED_nameFull] in public [circumstance_group]</li>
        <li>image->[TAKER_nameFull] removing the clothes of [STRIPPED_nameFull] [circumstance_group]</li>
        <li>image->[TAKER_nameFull] holding an armful of [Apparel]s while standing next to [STRIPPED_nameFull], who is completely naked [circumstance_group]</li>
        <li>image->[TAKER_nameFull] waiting patiently as [STRIPPED_nameFull] removes [STRIPPED_possessive] clothes [circumstance_group]</li>
        <li>circumstance_phrase->with a sense of purpose</li>
        <li>circumstance_phrase->with no hint of shame</li>
        <li>circumstance_phrase->while others look on</li>
        <li>circumstance_phrase->for no apparent reason</li>
        <li>circumstance_phrase->while confused animals look on</li>
        <li>desc_sentence->[STRIPPED_nameDef] is visibly aroused.</li>
        <li>desc_sentence->[STRIPPED_nameDef] is covered in unexplained moisture.</li>
        <li>desc_sentence->[STRIPPED_nameDef] is breathing heavily for no obvious reason.</li>
        <li>desc_sentence->[STRIPPED_nameDef] is fondling a shrub.</li>
        <li>desc_sentence->[STRIPPED_nameDef] wears only a [AdjectiveAngsty] expression.</li>
      </rulesStrings>
    </rulePack>
  </TaleDef>

  <TaleDef>
    <defName>GainedMasterSkillWithPassion</defName>
    <label>gained master skill with passion</label>
    <taleClass>Tale_SinglePawnAndDef</taleClass>
    <type>Volatile</type>
    <defSymbol>SKILL</defSymbol>
    <defType>SkillDef</defType>
    <baseInterest>5</baseInterest>
    <rulePack>
      <rulesStrings>
        <li>tale_noun->[PAWN_nameDef] becoming a master at [SKILL_label] tasks</li>
        <li>image->[PAWN_nameFull] practicing [SKILL_label] skills [circumstance_group]</li>
        <li>image->[PAWN_nameFull] reading a tome on [SKILL_label] methods [circumstance_group]</li>
        <li>image->[PAWN_nameFull] receiving training for [SKILL_label] skills [circumstance_group]</li>
        <li>image->[PAWN_nameFull] working feverishly [circumstance_group]</li>
        <li>image->[PAWN_nameFull] finishing a project [circumstance_group]</li>
        <li>circumstance_phrase->with a [AdjectiveFriendly] expression</li>
        <li>circumstance_phrase->with a joyous expression</li>
        <li>circumstance_phrase->while [VerbFriendly]</li>
        <li>circumstance_phrase->with an exuberant shout</li>
        
        <li>circumstance_phrase->while covered in sweat</li>
        <li>circumstance_phrase->with visible exhaustion</li>
        
        <li>desc_sentence->The subject is surrounded by the results of [Quantity_adjphrase] failed experiments.</li>
        <li>desc_sentence->The subject is surrounded by [Quantity_adjphrase] books.</li>
        <li>desc_sentence->[PAWN_possessive] skill is visible in the work.</li>
        <li>desc_sentence->[Quantity_adjphrase] [PersonJob]s watch with amazement.</li>
        <li>desc_sentence->[Quantity_adjphrase] [Animal]s watch with amazement.</li>
        <li>desc_sentence->[Quantity_adjphrase] ethereal spirits of ancient masters watch from above.</li>
      </rulesStrings>
    </rulePack>
  </TaleDef>

  <TaleDef>
    <defName>GainedMasterSkillWithoutPassion</defName>
    <label>gained master skill</label>
    <taleClass>Tale_SinglePawnAndDef</taleClass>
    <type>Volatile</type>
    <defSymbol>SKILL</defSymbol>
    <defType>SkillDef</defType>
    <baseInterest>10</baseInterest>
    <rulePack>
      <rulesStrings>
        <li>tale_noun->[PAWN_nameDef] becoming a master at [SKILL_label] tasks</li>
        <li>image->[PAWN_nameFull] practicing [SKILL_label] skills [circumstance_group]</li>
        <li>image->[PAWN_nameFull] reading a tome on [SKILL_label] methods [circumstance_group]</li>
        <li>image->[PAWN_nameFull] receiving training in [SKILL_label] skills [circumstance_group]</li>
        <li>image->[PAWN_nameFull] working feverishly [circumstance_group]</li>
        <li>image->[PAWN_nameFull] finishing a project [circumstance_group]</li>

        <li>circumstance_phrase->while covered in sweat</li>
        <li>circumstance_phrase->with visible exhaustion</li>

        <li>circumstance_phrase->with a [AdjectiveAngsty] expression</li>
        <li>circumstance_phrase->with a bored expression</li>
        <li>desc_sentence->The scene is surrounded by [Quantity_adjphrase] failed experiments.</li>
        <li>desc_sentence->The scene is surrounded by [Quantity_adjphrase] books.</li>
        <li>desc_sentence->[PAWN_possessive] skill is visible in the work.</li>
        <li>desc_sentence->[Quantity_adjphrase] [PersonJob]s watch with amazement.</li>
        <li>desc_sentence->[Quantity_adjphrase] [Animal]s watch with amazement.</li>
        <li>desc_sentence->[Quantity_adjphrase] ethereal spirits of ancient masters watch from above.</li>
      </rulesStrings>
    </rulePack>
  </TaleDef>

  <TaleDef>
    <defName>IncreasedMenagerie</defName>
    <label>increased menagerie</label>
    <taleClass>Tale_DoublePawn</taleClass>
    <type>Volatile</type>
    <firstPawnSymbol>HUMAN</firstPawnSymbol>
    <secondPawnSymbol>ANIMAL</secondPawnSymbol>
    <baseInterest>2</baseInterest>
    <rulePack>
      <rulesStrings>
        <li>tale_noun(p=3)->[HUMAN_nameDef] recruiting yet another animal to [HUMAN_possessive] growing [AnimalGroup]</li>
        <li>tale_noun->[HUMAN_nameDef] being followed around by a [AnimalGroup]</li>
        <li>tale_noun->[HUMAN_nameDef]'s taming of [ANIMAL_nameDef]</li>
        <li>image->[HUMAN_nameFull] taming [ANIMAL_nameFull] [circumstance_group]</li>
        <li>image->[HUMAN_nameFull] offering a morsel of food to [ANIMAL_nameFull] [circumstance_group]</li>
        <li>image->[HUMAN_nameFull] whispering to a skittish [ANIMAL_nameFull] [circumstance_group]</li>
        <li>image->[HUMAN_nameFull] calming a wild [ANIMAL_nameFull] [circumstance_group]</li>
        <li>circumstance_phrase->with great care and caution</li>
        <li>circumstance_phrase->with a smile</li>
        <li>circumstance_phrase->while exhausted but happy</li>
        <li>circumstance_phrase->with a [AnimalGroup] in the background</li>
        <li>desc_sentence->[HUMAN_nameDef] is surrounded by uncountable [Animal]s.</li>
        <li>desc_sentence->[ANIMAL_nameDef] is moving to join a [AnimalGroup] of its kin.</li>
        <li>desc_sentence->The scene is packed with [Animal]s and [Animal]s.</li>
        <li>desc_sentence->A line of uncountable [Animal]s waits to be tamed by [HUMAN_nameDef].</li>
      </rulesStrings>
    </rulePack>
  </TaleDef>
  
</Defs>
