﻿<?xml version="1.0" encoding="utf-8" ?>
<Defs>

  <ThingDef ParentName="BaseMeleeWeapon_Blunt_Quality">
    <defName>MeleeWeapon_Axe</defName>
    <label>axe</label>
    <description>An advanced form of one of mankind's oldest weapons, the war axe is a short blade attached to a shaft. The simple, ancient design concentrates cutting power generated from strong overhand swings.</description>
    <techLevel>Medieval</techLevel>
    <costStuffCount>50</costStuffCount>
    <statBases>
      <WorkToMake>7000</WorkToMake>
      <Mass>1.5</Mass>
    </statBases>
    <recipeMaker>
      <researchPrerequisite>Smithing</researchPrerequisite>
      <skillRequirements>
        <Crafting>3</Crafting>
      </skillRequirements>
    </recipeMaker>
    <stuffCategories>
      <li>Metallic</li>
      <li>Woody</li>
    </stuffCategories>
    <weaponTags>
      <li>MedievalMeleeDecent</li>
    </weaponTags>
    <tools>
      <li>
        <label>handle</label>
        <capacities>
          <li>Poke</li>
        </capacities>
        <power>9</power>
        <cooldownTime>2</cooldownTime>
      </li>
      <li>
        <label>edge</label>
        <capacities>
          <li>Cut</li>
        </capacities>
        <power>15</power>
        <cooldownTime>2</cooldownTime>
      </li>
    </tools>
    <equippedAngleOffset>-65</equippedAngleOffset>
    <graphicData>
      <texPath>Things/Item/Equipment/WeaponMelee/Axe</texPath>
      <graphicClass>Graphic_Single</graphicClass>
    </graphicData>
  </ThingDef>

  <ThingDef ParentName="BaseMeleeWeapon_Blunt_Quality">
    <defName>MeleeWeapon_Warhammer</defName>
    <label>warhammer</label>
    <description>A long polearm topped with a brutal hammer. The powerful blunt impacts can pulverize an enemy's insides, even through armor.</description>
    <techLevel>Medieval</techLevel>
    <costStuffCount>150</costStuffCount>
    <thingSetMakerTags><li>RewardStandardQualitySuper</li></thingSetMakerTags>
    <statBases>
      <WorkToMake>18000</WorkToMake>
      <Mass>5</Mass>
    </statBases>
    <recipeMaker>
      <researchPrerequisite>LongBlades</researchPrerequisite>
      <skillRequirements>
        <Crafting>5</Crafting>
      </skillRequirements>
    </recipeMaker>
    <stuffCategories>
      <li>Metallic</li>
      <li>Woody</li>
    </stuffCategories>
    <weaponTags>
      <li>MedievalMeleeDecent</li>
    </weaponTags>
    <tools>
      <li>
        <label>handle</label>
        <capacities>
          <li>Poke</li>
        </capacities>
        <power>11</power>
        <cooldownTime>2.6</cooldownTime>
      </li>
      <li>
        <label>head</label>
        <labelUsedInLogging>false</labelUsedInLogging>
        <capacities>
          <li>Blunt</li>
        </capacities>
        <power>20</power>
        <cooldownTime>2.6</cooldownTime>
      </li>
    </tools>
    <equippedAngleOffset>-65</equippedAngleOffset>
    <graphicData>
      <texPath>Things/Item/Equipment/WeaponMelee/Warhammer</texPath>
      <graphicClass>Graphic_Single</graphicClass>
    </graphicData>
  </ThingDef>

</Defs>