﻿<?xml version="1.0" encoding="utf-8" ?>
<Defs>

  <ThingCategoryDef>
    <defName>Root</defName>
    <label>root</label>
  </ThingCategoryDef>

  <!-- Foods -->

  <ThingCategoryDef>
    <defName>Foods</defName>
    <label>foods</label>
    <parent>Root</parent>
    <resourceReadoutRoot>true</resourceReadoutRoot>
    <iconPath>UI/Icons/ThingCategories/Foods</iconPath>
  </ThingCategoryDef>

    <ThingCategoryDef>
      <defName>FoodMeals</defName>
      <label>meals</label>
      <parent>Foods</parent>
      <resourceReadoutRoot>true</resourceReadoutRoot>
      <iconPath>UI/Icons/ThingCategories/FoodMeals</iconPath>
    </ThingCategoryDef>

    <ThingCategoryDef>
      <defName>FoodRaw</defName>
      <label>raw food</label>
      <parent>Foods</parent>
      <resourceReadoutRoot>true</resourceReadoutRoot>
      <iconPath>UI/Icons/ThingCategories/FoodRaw</iconPath>
    </ThingCategoryDef>

      <ThingCategoryDef>
        <defName>MeatRaw</defName>
        <label>meat</label>
        <parent>FoodRaw</parent>
        <iconPath>UI/Icons/ThingCategories/MeatRaw</iconPath>
      </ThingCategoryDef>
  
      <ThingCategoryDef>
        <defName>PlantFoodRaw</defName>
        <label>vegetarian</label>
        <parent>FoodRaw</parent>
        <iconPath>UI/Icons/ThingCategories/PlantFoodRaw</iconPath>
      </ThingCategoryDef>

      <ThingCategoryDef>
        <defName>AnimalProductRaw</defName>
        <label>animal products</label>
        <parent>FoodRaw</parent>
        <iconPath>UI/Icons/ThingCategories/AnimalProductRaw</iconPath>
      </ThingCategoryDef>

        <ThingCategoryDef>
          <defName>EggsUnfertilized</defName>
          <label>eggs (unfert.)</label>
          <parent>AnimalProductRaw</parent>
          <iconPath>UI/Icons/ThingCategories/EggsUnfertilized</iconPath>
        </ThingCategoryDef>

        <ThingCategoryDef>
          <defName>EggsFertilized</defName>
          <label>eggs (fert.)</label>
          <parent>AnimalProductRaw</parent>
          <iconPath>UI/Icons/ThingCategories/EggsFertilized</iconPath>
        </ThingCategoryDef>

  <!-- Manufactured -->
  
  <ThingCategoryDef>
    <defName>Manufactured</defName>
    <label>manufactured</label>
    <parent>Root</parent>
    <iconPath>UI/Icons/ThingCategories/Manufactured</iconPath>
    <resourceReadoutRoot>true</resourceReadoutRoot>
  </ThingCategoryDef>

    <ThingCategoryDef>
      <defName>Textiles</defName>
      <label>textiles</label>
      <parent>Manufactured</parent>
      <iconPath>UI/Icons/ThingCategories/Textiles</iconPath>
      <resourceReadoutRoot>true</resourceReadoutRoot>
    </ThingCategoryDef>

      <ThingCategoryDef>
        <defName>Leathers</defName>
        <label>leathers</label>
        <parent>Textiles</parent>
        <iconPath>UI/Icons/ThingCategories/Leathers</iconPath>
      </ThingCategoryDef>  
  
    <ThingCategoryDef>
      <defName>Medicine</defName>
      <label>medicine</label>
      <parent>Manufactured</parent>
      <resourceReadoutRoot>true</resourceReadoutRoot>
      <iconPath>UI/Icons/ThingCategories/Medicine</iconPath>
    </ThingCategoryDef>

    <ThingCategoryDef>
      <defName>Drugs</defName>
      <label>drugs</label>
      <parent>Manufactured</parent>
      <resourceReadoutRoot>true</resourceReadoutRoot>
      <iconPath>UI/Icons/ThingCategories/Drugs</iconPath>
    </ThingCategoryDef>

    <ThingCategoryDef>
      <defName>MortarShells</defName>
      <label>mortar shells</label>
      <parent>Manufactured</parent>
      <iconPath>UI/Icons/ThingCategories/MortarShells</iconPath>
    </ThingCategoryDef>

  <!-- Raw resources -->

  <ThingCategoryDef>
    <defName>ResourcesRaw</defName>
    <label>raw resources</label>
    <parent>Root</parent>
    <resourceReadoutRoot>true</resourceReadoutRoot>
    <iconPath>UI/Icons/ThingCategories/ResourcesRaw</iconPath>
  </ThingCategoryDef>

    <ThingCategoryDef>
      <defName>PlantMatter</defName>
      <label>plant matter</label>
      <parent>ResourcesRaw</parent>
      <iconPath>UI/Icons/ThingCategories/PlantMatter</iconPath>
      <resourceReadoutRoot>true</resourceReadoutRoot>
    </ThingCategoryDef>

    <ThingCategoryDef>
      <defName>StoneBlocks</defName>
      <label>stone blocks</label>
      <parent>ResourcesRaw</parent>
      <iconPath>UI/Icons/ThingCategories/StoneBlocks</iconPath>
      <resourceReadoutRoot>true</resourceReadoutRoot>
    </ThingCategoryDef>

  
  <!--==================== Non-resource readout categories =====================-->
  
  <!-- Items -->

  <ThingCategoryDef>
    <defName>Items</defName>
    <label>items</label>
    <parent>Root</parent>
  </ThingCategoryDef>

    <ThingCategoryDef>
      <defName>Unfinished</defName>
      <label>unfinished</label>
      <parent>Items</parent>
    </ThingCategoryDef>

    <ThingCategoryDef>
      <defName>Artifacts</defName>
      <label>artifacts</label>
      <parent>Items</parent>
    </ThingCategoryDef>
  
    <ThingCategoryDef>
      <defName>Neurotrainers</defName>
      <label>neurotrainers</label>
      <parent>Items</parent>
    </ThingCategoryDef>
  
      <ThingCategoryDef>
        <defName>NeurotrainersPsycast</defName>
        <label>psytrainers</label>
        <parent>Neurotrainers</parent>
      </ThingCategoryDef>
  
    <ThingCategoryDef>
      <defName>Techprints</defName>
      <label>techprints</label>
      <parent>Items</parent>
    </ThingCategoryDef>

    <ThingCategoryDef>
      <defName>BodyParts</defName>
      <label>body parts</label>
      <parent>Items</parent>
    </ThingCategoryDef>

      <ThingCategoryDef>
        <defName>BodyPartsNatural</defName>
        <label>natural</label>
        <parent>BodyParts</parent>
      </ThingCategoryDef>

      <ThingCategoryDef>
        <defName>BodyPartsSimple</defName>
        <label>simple parts</label>
        <parent>BodyParts</parent>
      </ThingCategoryDef>

      <ThingCategoryDef>
        <defName>BodyPartsProsthetic</defName>
        <label>prosthetic</label>
        <parent>BodyParts</parent>
      </ThingCategoryDef>

      <ThingCategoryDef>
        <defName>BodyPartsBionic</defName>
        <label>bionic</label>
        <parent>BodyParts</parent>
      </ThingCategoryDef>

      <ThingCategoryDef>
        <defName>BodyPartsUltra</defName>
        <label>ultratech</label>
        <parent>BodyParts</parent>
      </ThingCategoryDef>

      <ThingCategoryDef>
        <defName>BodyPartsArchotech</defName>
        <label>archotech</label>
        <parent>BodyParts</parent>
      </ThingCategoryDef>

  <!-- Weapons -->

  <ThingCategoryDef>
    <defName>Weapons</defName>
    <label>weapons</label>
    <parent>Root</parent>
  </ThingCategoryDef>

    <ThingCategoryDef>
      <defName>WeaponsMelee</defName>
      <label>melee weapons</label>
      <parent>Weapons</parent>
    </ThingCategoryDef>

  <ThingCategoryDef>
    <defName>WeaponsMeleeBladelink</defName>
    <label>bladelink weapons</label>
    <parent>Weapons</parent>
  </ThingCategoryDef>

    <ThingCategoryDef>
      <defName>WeaponsRanged</defName>
      <label>ranged weapons</label>
      <parent>Weapons</parent>
    </ThingCategoryDef>

      <ThingCategoryDef>
        <defName>Grenades</defName>
        <label>grenades</label>
        <parent>WeaponsRanged</parent>
      </ThingCategoryDef>

  <!-- Apparel -->

  <ThingCategoryDef>
    <defName>Apparel</defName>
    <label>apparel</label>
    <parent>Root</parent>
  </ThingCategoryDef>

    <ThingCategoryDef>
      <defName>Headgear</defName>
      <label>headgear</label>
      <parent>Apparel</parent>
    </ThingCategoryDef>
  
    <ThingCategoryDef>
      <defName>ApparelArmor</defName>
      <label>armor</label>
      <parent>Apparel</parent>
    </ThingCategoryDef>
  
      <ThingCategoryDef>
        <defName>ArmorHeadgear</defName>
        <label>headgear</label>
        <parent>ApparelArmor</parent>
      </ThingCategoryDef>

    <ThingCategoryDef>
      <defName>ApparelNoble</defName>
      <label>noble apparel</label>
      <parent>Apparel</parent>
    </ThingCategoryDef>
  
      <ThingCategoryDef>
        <defName>HeadgearNoble</defName>
        <label>headgear</label>
        <parent>ApparelNoble</parent>
      </ThingCategoryDef>

  <!-- Buildings -->

  <ThingCategoryDef>
    <defName>Buildings</defName>
    <label>buildings</label>
    <parent>Root</parent>
  </ThingCategoryDef>

    <ThingCategoryDef>
      <defName>BuildingsArt</defName>
      <label>art</label>
      <parent>Buildings</parent>
    </ThingCategoryDef>

    <ThingCategoryDef>
      <defName>BuildingsProduction</defName>
      <label>production</label>
      <parent>Buildings</parent>
    </ThingCategoryDef>

    <ThingCategoryDef>
      <defName>BuildingsFurniture</defName>
      <label>furniture</label>
      <parent>Buildings</parent>
    </ThingCategoryDef>

    <ThingCategoryDef>
      <defName>BuildingsPower</defName>
      <label>power</label>
      <parent>Buildings</parent>
    </ThingCategoryDef>

    <ThingCategoryDef>
      <defName>BuildingsSecurity</defName>
      <label>security</label>
      <parent>Buildings</parent>
    </ThingCategoryDef>

    <ThingCategoryDef>
      <defName>BuildingsMisc</defName>
      <label>misc</label>
      <parent>Buildings</parent>
    </ThingCategoryDef>

    <ThingCategoryDef>
      <defName>BuildingsJoy</defName>
      <label>recreation</label>
      <parent>Buildings</parent>
    </ThingCategoryDef>

    <ThingCategoryDef>
      <defName>BuildingsTemperature</defName>
      <label>temperature</label>
      <parent>Buildings</parent>
    </ThingCategoryDef>

    <ThingCategoryDef>
      <defName>BuildingsSpecial</defName>
      <label>special</label>
      <parent>Buildings</parent>
    </ThingCategoryDef>

  <!-- Chunks -->

  <ThingCategoryDef>
    <defName>Chunks</defName>
    <label>chunks</label>
    <parent>Root</parent>
  </ThingCategoryDef>

    <ThingCategoryDef>
      <defName>StoneChunks</defName>
      <label>stone chunks</label>
      <parent>Chunks</parent>
      <resourceReadoutRoot>true</resourceReadoutRoot>
      <iconPath>UI/Icons/ThingCategories/StoneChunks</iconPath>
    </ThingCategoryDef>

  <!-- Corpses -->

  <ThingCategoryDef>
    <defName>Corpses</defName>
    <label>corpses</label>
    <parent>Root</parent>
  </ThingCategoryDef>
  
    <ThingCategoryDef>
    <defName>CorpsesHumanlike</defName>
    <label>humanlike corpses</label>
      <parent>Corpses</parent>
    </ThingCategoryDef>
  
    <ThingCategoryDef>
      <defName>CorpsesAnimal</defName>
      <label>animal corpses</label>
      <parent>Corpses</parent>
    </ThingCategoryDef>
  
      <ThingCategoryDef>
        <defName>CorpsesInsect</defName>
        <label>insect corpses</label>
        <parent>CorpsesAnimal</parent>
      </ThingCategoryDef>
  
    <ThingCategoryDef>
      <defName>CorpsesMechanoid</defName>
      <label>mechanoid corpses</label>
      <parent>Corpses</parent>
    </ThingCategoryDef>


</Defs>
