﻿<?xml version="1.0" encoding="utf-8" ?>

<Defs>
  
  <BodyTypeDef>
    <defName>Male</defName>
    <headOffset>(0.04, 0.34)</headOffset>
    <bodyNakedGraphicPath>Things/Pawn/Humanlike/Bodies/Naked_Male</bodyNakedGraphicPath>
    <bodyDessicatedGraphicPath>Things/Pawn/Humanlike/Bodies/Dessicated/Dessicated_Male</bodyDessicatedGraphicPath>
  </BodyTypeDef>

  <BodyTypeDef>
    <defName>Female</defName>
    <headOffset>(0.10, 0.34)</headOffset>
    <bodyNakedGraphicPath>Things/Pawn/Humanlike/Bodies/Naked_Female</bodyNakedGraphicPath>
    <bodyDessicatedGraphicPath>Things/Pawn/Humanlike/Bodies/Dessicated/Dessicated_Thin</bodyDessicatedGraphicPath>
  </BodyTypeDef>

  <BodyTypeDef>
    <defName>Thin</defName>
    <headOffset>(0.09, 0.34)</headOffset>
    <bodyNakedGraphicPath>Things/Pawn/Humanlike/Bodies/Naked_Thin</bodyNakedGraphicPath>
    <bodyDessicatedGraphicPath>Things/Pawn/Humanlike/Bodies/Dessicated/Dessicated_Thin</bodyDessicatedGraphicPath>
  </BodyTypeDef>

  <BodyTypeDef>
    <defName>Hulk</defName>
    <headOffset>(0.10, 0.34)</headOffset>
    <bodyNakedGraphicPath>Things/Pawn/Humanlike/Bodies/Naked_Hulk</bodyNakedGraphicPath>
    <bodyDessicatedGraphicPath>Things/Pawn/Humanlike/Bodies/Dessicated/Dessicated_Male</bodyDessicatedGraphicPath>
  </BodyTypeDef>

  <BodyTypeDef>
    <defName>Fat</defName>
    <headOffset>(0.09, 0.34)</headOffset>
    <bodyNakedGraphicPath>Things/Pawn/Humanlike/Bodies/Naked_Fat</bodyNakedGraphicPath>
    <bodyDessicatedGraphicPath>Things/Pawn/Humanlike/Bodies/Dessicated/Dessicated_Male</bodyDessicatedGraphicPath>
  </BodyTypeDef>
  
</Defs>
