﻿<?xml version="1.0" encoding="utf-8" ?>
<Defs>

  <SitePartDef>
    <defName>MechCluster</defName>
    <label>mech cluster</label>
    <description>A mech combat cluster.</description>
    <workerClass>SitePartWorker_MechCluster</workerClass>
    <siteTexture>World/WorldObjects/Sites/GenericSite</siteTexture>
    <expandingIconTexture>World/WorldObjects/Expanding/Sites/MechCluster</expandingIconTexture>
    <arrivedLetter>There is a cluster of hostile mechanoids and their combat support structures in this area.\n\nThe cluster can include artillery, turrets, combat mechanoids, and other support and defense structures.</arrivedLetter>
    <arrivedLetterDef>NegativeEvent</arrivedLetterDef>
    <wantsThreatPoints>true</wantsThreatPoints>
    <tags>
      <li>MineralScannerPreciousLumpThreat</li>
      <li>ItemStashQuestThreat</li>
      <li>DownedRefugeeQuestThreat</li>
      <li>QuestActiveThreatDefense</li>
      <li>MechCluster</li>
    </tags>
  </SitePartDef>

  <GenStepDef>
    <defName>MechCluster</defName>
    <linkWithSite>MechCluster</linkWithSite>
    <order>1600</order>
    <genStep Class="GenStep_MechCluster" />
  </GenStepDef>

</Defs>