﻿<?xml version="1.0" encoding="utf-8"?><Defs>

  <SoundDef>
    <defName>MechAssembler_Spawn</defName>
    <context>MapOnly</context>
    <maxSimultaneous>1</maxSimultaneous>
    <subSounds>
      <li>
        <grains>
          <li Class="AudioGrain_Folder">
            <clipFolderPath>Misc/MechanoidAssembler/NewMechanoidAssembled</clipFolderPath>
          </li>
        </grains>
        <distRange>10~100</distRange>
        <volumeRange>30~30</volumeRange>
      </li>
    </subSounds>
  </SoundDef>

  <SoundDef>
    <defName>Shuttle_PawnLoaded</defName>
    <context>MapOnly</context>
    <subSounds>
      <li>
        <grains>
          <li Class="AudioGrain_Folder">
            <clipFolderPath>Misc/Shuttle/Boarding</clipFolderPath>
          </li>
        </grains>
        <volumeRange>30~30</volumeRange>
      </li>
    </subSounds>
  </SoundDef>
  
  <SoundDef>
    <defName>Harp_Play</defName>
    <context>MapOnly</context>
    <sustain>True</sustain>
    <sustainFadeoutTime>0.25</sustainFadeoutTime>
    <priorityMode>PrioritizeNearest</priorityMode>
    <subSounds>
      <li>
        <grains>
          <li Class="AudioGrain_Folder">
            <clipPath>Buildings/MusicalInstruments/Harp/</clipPath>
          </li>
        </grains>
        <volumeRange>25~25</volumeRange>
        <distRange>5~25</distRange>
        <sustainLoop>True</sustainLoop>
      </li>
    </subSounds>
  </SoundDef>

  <SoundDef>
    <defName>Harpsichord_Play</defName>
    <context>MapOnly</context>
    <sustain>True</sustain>
    <sustainFadeoutTime>0.25</sustainFadeoutTime>
    <priorityMode>PrioritizeNearest</priorityMode>
    <subSounds>
      <li>
        <grains>
          <li Class="AudioGrain_Folder">
            <clipPath>Buildings/MusicalInstruments/Harpsichord/</clipPath>
          </li>
        </grains>
        <volumeRange>25~25</volumeRange>
        <distRange>5~25</distRange>
        <sustainLoop>True</sustainLoop>
      </li>
    </subSounds>
  </SoundDef>

  <SoundDef>
    <defName>Piano_Play</defName>
    <context>MapOnly</context>
    <sustain>True</sustain>
    <sustainFadeoutTime>0.25</sustainFadeoutTime>
    <priorityMode>PrioritizeNearest</priorityMode>
    <subSounds>
      <li>
        <grains>
          <li Class="AudioGrain_Folder">
            <clipPath>Buildings/MusicalInstruments/Piano/</clipPath>
          </li>
        </grains>
        <volumeRange>25~25</volumeRange>
        <distRange>5~25</distRange>
        <sustainLoop>True</sustainLoop>
      </li>
    </subSounds>
  </SoundDef>

</Defs>
