﻿<?xml version="1.0" encoding="utf-8" ?>
<Defs>
  <QuestScriptDef>
    <defName>OpportunitySite_PrisonerWillingToJoin</defName>
    <rootSelectionWeight>1</rootSelectionWeight>
    <rootMinPoints>0</rootMinPoints>
    <rootIncreasesPopulation>true</rootIncreasesPopulation>
    <autoAccept>true</autoAccept>
    <questNameRules>
      <rulesStrings>
        <li>questName->[prisoner_nameDef]'s Salvation</li>
        <li>questName->[prisoner_nameDef]'s Rescue</li>
        <li>questName->[prisoner_nameDef]'s Breakout</li>
        <li>questName->Rescuing [prisoner_nameDef]</li>
        <li>questName->Saving [prisoner_nameDef]</li>
        <li>questName->Breaking [prisoner_nameDef] Out</li>
      </rulesStrings>
    </questNameRules>
    <questDescriptionRules>
      <rulesStrings>
        <!-- Implicitly, prisoner is asker. It's a bit legacy -->
        <li>questDescription->A prisoner being held by [siteFaction_name] has managed to steal a radio and call you!
\n[prisoner_nameDef] is being held at a camp near [map_definite][underArmedGuard]. Rescue [prisoner_objective], and [prisoner_pronoun] will join your colony. [prisoner_pronoun] is a [prisoner_age]-year-old [prisoner_title]. [prisoner_pronoun] says that [allSitePartsDescriptionsExceptFirst][formerColonistInfo][prisonerFullRelationInfo]
\nIf you miss this opportunity, you may never hear from [prisoner_nameDef] again.</li>

        <li>formerColonistInfo(priority=1)->\n\n[prisoner_formerlyColonistInfo]</li>
        <li>formerColonistInfo-></li>

        <li>underArmedGuard(allowViolentQuests==true,priority=1)-> under armed guard</li>
        <li>underArmedGuard-></li>
      </rulesStrings>
    </questDescriptionRules>
    <root Class="QuestNode_Sequence">
      <nodes>
        <li Class="QuestNode_SubScript">
          <def>Util_RandomizePointsChallengeRating</def>
          <parms>
            <pointsFactorTwoStar>1.5</pointsFactorTwoStar>
            <pointsFactorThreeStar>2</pointsFactorThreeStar>
          </parms>
        </li>
        <li Class="QuestNode_SubScript">
          <def>Util_AdjustPointsForDistantFight</def>
        </li>
        <li Class="QuestNode_GetMap" />

        <li Class="QuestNode_GetSiteTile">
          <storeAs>siteTile</storeAs>
          <preferCloserTiles>true</preferCloserTiles>
        </li>

        <li Class="QuestNode_ViolentQuestsAllowed">
          <node Class="QuestNode_Set">
            <name>siteThreatChance</name>
            <value>1</value>
          </node>
          <elseNode Class="QuestNode_Set">
            <name>siteThreatChance</name>
            <value>0</value>
          </elseNode>          
        </li>

        <li Class="QuestNode_GetSitePartDefsByTagsAndFaction">
          <storeAs>sitePartDefs</storeAs>
          <storeFactionAs>siteFaction</storeFactionAs>
          <sitePartsTags>
            <li>
              <tag>PrisonerWillingToJoin</tag>
            </li>
            <li>
              <tag>PrisonerRescueQuestThreat</tag>
              <chance>$siteThreatChance</chance>
            </li>
          </sitePartsTags>
        </li>

        <li Class="QuestNode_GetDefaultSitePartsParams">
          <tile>$siteTile</tile>
          <faction>$siteFaction</faction>
          <sitePartDefs>$sitePartDefs</sitePartDefs>
          <storeSitePartsParamsAs>sitePartsParams</storeSitePartsParamsAs>
        </li>

        <li Class="QuestNode_SubScript">
          <def>Util_GenerateSite</def>
          <parms>
            <hiddenSitePartsPossible>true</hiddenSitePartsPossible>
          </parms>
        </li>
        
        <li Class="QuestNode_SpawnWorldObjects">
          <worldObjects>$site</worldObjects>
        </li>

        <li Class="QuestNode_WorldObjectTimeout">
          <worldObject>$site</worldObject>
          <isQuestTimeout>true</isQuestTimeout>
          <delayTicks>$(randInt(12,28)*60000)</delayTicks>
          <inSignalDisable>site.MapGenerated</inSignalDisable>
          <node Class="QuestNode_End">
            <outcome>Fail</outcome>
            <sendStandardLetter>true</sendStandardLetter>
          </node>
        </li>

        <li Class="QuestNode_NoWorldObject">
          <worldObject>$site</worldObject>
          <node Class="QuestNode_End" />
        </li>
      </nodes>
    </root>
  </QuestScriptDef>
</Defs>