﻿<?xml version="1.0" encoding="utf-8"?><Defs>

  <SoundDef>
    <defName>Pawn_Melee_Punch_HitPawn</defName>  
    <context>MapOnly</context>
    <maxSimultaneous>1</maxSimultaneous>  
    <subSounds>
      <li>
        <grains>
          <li Class="AudioGrain_Folder">
            <clipFolderPath>Impact/PunchHitPawn</clipFolderPath>
          </li>
        </grains>      
        <volumeRange>30.51151~42.93479</volumeRange>      
        <pitchRange>1~1.14837</pitchRange>
      </li>
    </subSounds>
  </SoundDef>

  <SoundDef>
    <defName>Pawn_Melee_Punch_HitBuilding</defName>  
    <context>MapOnly</context>
    <maxSimultaneous>1</maxSimultaneous>  
    <subSounds>
      <li>
        <grains>
          <li Class="AudioGrain_Folder">
            <clipFolderPath>Impact/PunchHitBuilding</clipFolderPath>
          </li>
        </grains>      
        <volumeRange>19.56522~31.52174</volumeRange>      
        <pitchRange>0.8516304~1.190761</pitchRange>
      </li>
    </subSounds>
  </SoundDef>

  <SoundDef>
    <defName>Pawn_Melee_Punch_Miss</defName>  
    <context>MapOnly</context>
    <maxSimultaneous>1</maxSimultaneous>  
    <subSounds>
      <li>
        <grains>
          <li Class="AudioGrain_Folder">
            <clipFolderPath>Impact/PunchMiss</clipFolderPath>
          </li>
        </grains>      
        <volumeRange>25.80563~31.16368</volumeRange>      
        <pitchRange>1.446356~2</pitchRange>      
        <sustainLoop>False</sustainLoop>
      </li>
    </subSounds>
  </SoundDef>

  <SoundDef>
    <defName>Pawn_Melee_SmallScratch_HitPawn</defName>  
    <context>MapOnly</context>
    <maxVoices>2</maxVoices>  
    <subSounds>
      <li>
        <grains>
          <li Class="AudioGrain_Folder">
            <clipFolderPath>Pawn/Animal/Melee_Small/Hit_Pawn</clipFolderPath>
          </li>
        </grains>      
        <volumeRange>12~12</volumeRange>      
        <pitchRange>0.9541177~1.068824</pitchRange>      
        <sustainLoop>False</sustainLoop>
      </li>
    </subSounds>
  </SoundDef>

  <SoundDef>
    <defName>Pawn_Melee_SmallScratch_HitBuilding</defName>  
    <context>MapOnly</context>
    <maxVoices>2</maxVoices>  
    <subSounds>
      <li>
        <grains>
          <li Class="AudioGrain_Folder">
            <clipFolderPath>Pawn/Animal/Melee_Small/Hit_Building</clipFolderPath>
          </li>
        </grains>      
        <volumeRange>22.58824~21.41176</volumeRange>      
        <pitchRange>0.8852941~1.114706</pitchRange>      
        <sustainLoop>False</sustainLoop>
      </li>
    </subSounds>
  </SoundDef>

  <SoundDef>
    <defName>Pawn_Melee_SmallScratch_Miss</defName>  
    <context>MapOnly</context>
    <maxVoices>2</maxVoices>  
    <subSounds>
      <li>
        <grains>
          <li Class="AudioGrain_Folder">
            <clipFolderPath>Pawn/Animal/Melee_Small/Miss</clipFolderPath>
          </li>
        </grains>      
        <volumeRange>12~12</volumeRange>      
        <sustainLoop>False</sustainLoop>
      </li>
    </subSounds>
  </SoundDef>

  <SoundDef>
    <defName>Pawn_Melee_BigBash_HitPawn</defName>  
    <context>MapOnly</context>
    <maxVoices>2</maxVoices>  
    <subSounds>
      <li>
        <grains>
          <li Class="AudioGrain_Folder">
            <clipFolderPath>Pawn/Animal/Melee_Big/Hit_Pawn</clipFolderPath>
          </li>
        </grains>      
        <volumeRange>20~20</volumeRange>      
        <pitchRange>0.9311765~1.137647</pitchRange>      
        <sustainLoop>False</sustainLoop>
      </li>
    </subSounds>
  </SoundDef>

  <SoundDef>
    <defName>Pawn_Melee_BigBash_HitBuilding</defName>  
    <context>MapOnly</context>
    <subSounds>
      <li>
        <grains>
          <li Class="AudioGrain_Folder">
            <clipFolderPath>Pawn/Animal/Melee_Big/Hit_Building</clipFolderPath>
          </li>
        </grains>      
        <volumeRange>20~20</volumeRange>      
        <pitchRange>0.9082353~1.022941</pitchRange>      
        <sustainLoop>False</sustainLoop>
      </li>
    </subSounds>
  </SoundDef>

  <SoundDef>
    <defName>Pawn_Melee_BigBash_Miss</defName>  
    <context>MapOnly</context>
    <subSounds>
      <li>
        <grains>
          <li Class="AudioGrain_Folder">
            <clipFolderPath>Pawn/Animal/Melee_Big/Miss</clipFolderPath>
          </li>
        </grains>      
        <volumeRange>20~20</volumeRange>      
        <pitchRange>0.9311765~1.045882</pitchRange>      
        <sustainLoop>False</sustainLoop>
      </li>
    </subSounds>
  </SoundDef>

  <SoundDef>
    <defName>Pawn_Melee_MechanoidBash_HitPawn</defName>  
    <context>MapOnly</context>
    <maxVoices>2</maxVoices>  
    <subSounds>
      <li>
        <grains>
          <li Class="AudioGrain_Folder">
            <clipFolderPath>Pawn/Mechanoid/Melee/Hit_Pawn</clipFolderPath>
          </li>
        </grains>      
        <volumeRange>20~20</volumeRange>      
        <pitchRange>0.9082353~1.229412</pitchRange>      
        <sustainLoop>False</sustainLoop>
      </li>
    </subSounds>
  </SoundDef>

  <SoundDef>
    <defName>Pawn_Melee_MechanoidBash_HitBuilding</defName>  
    <context>MapOnly</context>
    <maxVoices>2</maxVoices>  
    <subSounds>
      <li>
        <grains>
          <li Class="AudioGrain_Folder">
            <clipFolderPath>Pawn/Mechanoid/Melee/Hit_Building</clipFolderPath>
          </li>
        </grains>      
        <volumeRange>20~20</volumeRange>      
        <pitchRange>0.9541175~1.068824</pitchRange>
      </li>
    </subSounds>
  </SoundDef>

  <SoundDef>
    <defName>Pawn_Melee_MechanoidBash_Miss</defName>  
    <context>MapOnly</context>
    <maxVoices>2</maxVoices>  
    <subSounds>
      <li>
        <grains>
          <li Class="AudioGrain_Folder">
            <clipFolderPath>Pawn/Mechanoid/Melee/Miss</clipFolderPath>
          </li>
        </grains>      
        <volumeRange>20~20</volumeRange>      
        <pitchRange>1~1.18353</pitchRange>
      </li>
    </subSounds>
  </SoundDef>

  <SoundDef>
    <defName>Pawn_Melee_MechanoidSlash_HitPawn</defName>  
    <context>MapOnly</context>
    <maxVoices>2</maxVoices>  
    <subSounds>
      <li>
        <grains>
          <li Class="AudioGrain_Folder">
            <clipFolderPath>Pawn/Mechanoid/Scyther/Melee/HitPawn</clipFolderPath>
          </li>
        </grains>      
        <volumeRange>20~20</volumeRange>      
        <pitchRange>0.9082353~1.229412</pitchRange>      
        <sustainLoop>False</sustainLoop>
      </li>
    </subSounds>
  </SoundDef>

  <SoundDef>
    <defName>Pawn_Melee_MechanoidSlash_HitBuilding</defName>  
    <context>MapOnly</context>
    <maxVoices>2</maxVoices>  
    <subSounds>
      <li>
        <grains>
          <li Class="AudioGrain_Folder">
            <clipFolderPath>Pawn/Mechanoid/Scyther/Melee/HitBuilding</clipFolderPath>
          </li>
        </grains>      
        <volumeRange>20~20</volumeRange>      
        <pitchRange>0.9541175~1.068824</pitchRange>
      </li>
    </subSounds>
  </SoundDef>

  <SoundDef>
    <defName>Pawn_Melee_MechanoidSlash_Miss</defName>  
    <context>MapOnly</context>
    <maxVoices>2</maxVoices>  
    <subSounds>
      <li>
        <grains>
          <li Class="AudioGrain_Folder">
            <clipFolderPath>Pawn/Mechanoid/Scyther/Melee/Miss</clipFolderPath>
          </li>
        </grains>      
        <volumeRange>20~20</volumeRange>      
        <pitchRange>1~1.18353</pitchRange>
      </li>
    </subSounds>
  </SoundDef>

  <SoundDef>
    <defName>MeleeHit_Metal_Sharp</defName>  
    <context>MapOnly</context>
    <maxSimultaneous>2</maxSimultaneous>  
    <subSounds>
      <li>
        <grains>
          <li Class="AudioGrain_Folder">
            <clipFolderPath>Impact/MeleeHit_Metal_Sharp</clipFolderPath>
          </li>
        </grains>      
        <volumeRange>25.81395~25.81395</volumeRange>      
        <pitchRange>1~1.14837</pitchRange>      
        <distRange>0~70</distRange>
      </li>
    </subSounds>
  </SoundDef>

  <SoundDef>
    <defName>MeleeHit_Metal_Blunt</defName>  
    <context>MapOnly</context>
    <maxSimultaneous>2</maxSimultaneous>  
    <subSounds>
      <li>
        <grains>
          <li Class="AudioGrain_Folder">
            <clipFolderPath>Impact/MeleeHit_Metal_Blunt</clipFolderPath>
          </li>
        </grains>      
        <volumeRange>20~20</volumeRange>      
        <pitchRange>1~1.14837</pitchRange>      
        <distRange>0~70</distRange>
      </li>
    </subSounds>
  </SoundDef>

  <SoundDef>
    <defName>MeleeHit_Stone</defName>  
    <context>MapOnly</context>
    <maxSimultaneous>2</maxSimultaneous>  
    <subSounds>
      <li>
        <grains>
          <li Class="AudioGrain_Folder">
            <clipFolderPath>Impact/MeleeHit_Stone</clipFolderPath>
          </li>
        </grains>      
        <volumeRange>16.51163~20</volumeRange>      
        <pitchRange>0.9543775~1.193992</pitchRange>      
        <distRange>0~70</distRange>
      </li>
    </subSounds>
  </SoundDef>

  <SoundDef>
    <defName>MeleeHit_Wood</defName>  
    <context>MapOnly</context>
    <maxSimultaneous>2</maxSimultaneous>  
    <subSounds>
      <li>
        <grains>
          <li Class="AudioGrain_Folder">
            <clipFolderPath>Impact/MeleeHit_Wood</clipFolderPath>
          </li>
        </grains>      
        <volumeRange>15.34884~15.34884</volumeRange>      
        <pitchRange>1~1.14837</pitchRange>      
        <distRange>0~70</distRange>
      </li>
    </subSounds>
  </SoundDef>

</Defs>
