﻿<?xml version="1.0" encoding="utf-8" ?>
<Defs>
  <JobDef>
    <defName>Play_MusicalInstrument</defName>
    <driverClass>JobDriver_PlayMusicalInstrument</driverClass>
    <reportString>playing TargetA.</reportString>
    <joyDuration>4000</joyDuration>
    <joyMaxParticipants>1</joyMaxParticipants>
    <joySkill>Artistic</joySkill>
    <joyXpPerTick>0.0015</joyXpPerTick>
    <joyKind>HighCulture</joyKind>
    <allowOpportunisticPrefix>true</allowOpportunisticPrefix>
  </JobDef>
</Defs>