﻿<?xml version="1.0" encoding="utf-8" ?>
<Defs>

	<!-- ============== Empire titles - Player gettable non-psycaster ============================= -->

	<RoyalTitleDef Abstract="True" Name="BaseEmpireTitle" >
		<tags>
			<li>EmpireTitle</li>
		</tags>
		<awardThought>GainedTitle</awardThought>
		<lostThought>LostTitle</lostThought>
		<recruitmentDifficultyOffset>0.2</recruitmentDifficultyOffset>
	</RoyalTitleDef>

	<RoyalTitleDef ParentName="BaseEmpireTitle">
		<defName>Freeholder</defName>
		<label>freeholder</label>
		<description>The Imperial title of freeholder gives an Imperial citizen the right to own productive private property.\n\nIn the Empire, most freeholders own no more than a tiny shop or taxi, but some can become very wealthy as merchants, entrepreneurs, or investors.</description>
		<seniority>0</seniority>
		<favorCost>1</favorCost>
		<changeHeirQuestPoints>1000</changeHeirQuestPoints>
	</RoyalTitleDef>

	<!-- ============== Empire titles - Player gettable psycaster ============================= -->

	<RoyalTitleDef Abstract="True" Name="BaseEmpireTitlePsycaster" ParentName="BaseEmpireTitle" >
		<rewards>
			<PsychicAmplifier>1</PsychicAmplifier>
		</rewards>
	</RoyalTitleDef>

	<RoyalTitleDef ParentName="BaseEmpireTitlePsycaster">
		<defName>Yeoman</defName>
		<label>yeoman</label>
		<description>The Imperial title of yeoman is held by those who serve a noble lord in an important, specific way. While it is not a noble title and offers no economic rights beyond those of a freeholder, it does give the holder the right to use low-level psychic abilities.\n\nIn the Empire, this title is often held by high-level soldiers, warskiff pilots, spies, advisors, diplomats, intrusion operatives, and other key individuals.</description>
		<seniority>100</seniority>
		<favorCost>6</favorCost>
		<changeHeirQuestPoints>1000</changeHeirQuestPoints>
		<recruitmentResistanceFactor>1.05</recruitmentResistanceFactor>
		<commonality>1</commonality>
	</RoyalTitleDef>

	<RoyalTitleDef ParentName="BaseEmpireTitlePsycaster">
		<defName>Esquire</defName>
		<label>esquire</label>
		<description>The Imperial title of esquire is held by individuals at the lowest level of nobility. Esquires are subordinate nobles who mostly do what their liege lord tells them.\n\nIn the Empire, esquires might own a city building or a farm complex. During wartime, an esquire might lead a platoon of troops, captain a frigate, or serve their lord as a specialist or advisor.\n\nTheir low rank makes them paradoxically less useful as diplomats than yeomen. Sending a low-ranked esquire to a negotiation can itself be seen as an insult, whereas a yeoman negotiator is seen as only representing his lord.</description>
		<seniority>200</seniority>
		<favorCost>6</favorCost>
		<minExpectation>Moderate</minExpectation>
		<changeHeirQuestPoints>1200</changeHeirQuestPoints>
		<recruitmentResistanceFactor>1.1</recruitmentResistanceFactor>
		<commonality>1</commonality>
		<disabledWorkTags>
			<li>Cleaning</li>
		</disabledWorkTags>
		<permits>
			<li>CallMilitaryAidSmall</li>
		</permits>
		<requiredApparel>
			<li>
				<bodyPartGroupsMatchAny>
					<li>Torso</li>
				</bodyPartGroupsMatchAny>
				<requiredTags>
					<li>RoyalTier2</li>
				</requiredTags>
				<allowedTags>
					<li>RoyalCombatGear</li>
					<li>Psychic</li>
				</allowedTags>
			</li>
			<li>
				<bodyPartGroupsMatchAny>
					<li>UpperHead</li>
					<li>FullHead</li>
				</bodyPartGroupsMatchAny>
				<requiredTags>
					<li>RoyalTier2</li>
				</requiredTags>
				<allowedTags>
					<li>RoyalCombatGear</li>
					<li>Psychic</li>
				</allowedTags>
			</li>
		</requiredApparel>
		<throneRoomRequirements>
			<li Class="RoomRequirement_ThingAnyOf">
				<things>
					<li>Throne</li>
					<li>GrandThrone</li>
				</things>
			</li>
			<li Class="RoomRequirement_Area">
				<area>24</area>
			</li>
			<li Class="RoomRequirement_TerrainWithTags">
				<labelKey>RoomRequirementAllFloored</labelKey>
				<tags>
					<li>Floor</li>
					<li>FineFloor</li>
				</tags>
			</li>
			<li Class="RoomRequirement_ThingCount">
				<thingDef>Brazier</thingDef>
				<count>2</count>
			</li>
			<li Class="RoomRequirement_AllThingsAreGlowing">
				<labelKey>RoomRequirementAllBraziersMustBeLit</labelKey>
				<thingDef>Brazier</thingDef>
			</li>
		</throneRoomRequirements>
		<bedroomRequirements>
			<li Class="RoomRequirement_Area">
				<area>16</area>
			</li>
			<li Class="RoomRequirement_TerrainWithTags">
				<labelKey>RoomRequirementAllFloored</labelKey>
				<tags>
					<li>Floor</li>
					<li>FineFloor</li>
				</tags>
			</li>
			<li Class="RoomRequirement_ThingAnyOf">
				<things>
					<li>DoubleBed</li>
					<li>RoyalBed</li>
				</things>
			</li>
		</bedroomRequirements>
		<foodRequirement>
			<minQuality>MealSimple</minQuality>
			<allowedTypes>Processed, Liquor</allowedTypes>
			<allowedDefs>
				<li>Ambrosia</li>
				<li>Milk</li>
				<li>RawBerries</li>
			</allowedDefs>
		</foodRequirement>
	</RoyalTitleDef>

	<RoyalTitleDef ParentName="BaseEmpireTitlePsycaster">
		<defName>Knight</defName>
		<label>knight</label>
		<labelFemale>dame</labelFemale>
		<description>The Imperial title of knight is held by subordinate nobles of significant stature, but without a leadership role. Knights serve higher lords in all their actions, but they are ranked high enough to command respect from everyone.\n\nIn the Empire, a knight will control a factory complex, commercial district, or small farming region. In combat, a knight typically leads a company of troops or a small fleet assault group. Knights are expected to engage personally in work and battle.</description>
		<seniority>300</seniority>
		<favorCost>8</favorCost>
		<minExpectation>High</minExpectation>
		<needFallPerDayAuthority>0.1</needFallPerDayAuthority>
		<changeHeirQuestPoints>1600</changeHeirQuestPoints>
		<recruitmentResistanceFactor>1.2</recruitmentResistanceFactor>
		<commonality>1</commonality>
		<decreeMtbDays>40</decreeMtbDays>
		<decreeMentalBreakCommonality>2</decreeMentalBreakCommonality>
		<decreeTags>
			<li>All</li>
		</decreeTags>
		<disabledWorkTags>
			<li>ManualDumb</li>
		</disabledWorkTags>
		<permits>
			<li>TradeSettlement</li>
			<li>TradeCaravan</li>
			<li>CallMilitaryAidSmall</li>
		</permits>
		<requiredApparel>
			<li>
				<bodyPartGroupsMatchAny>
					<li>Torso</li>
				</bodyPartGroupsMatchAny>
				<requiredTags>
					<li>RoyalTier2</li>
				</requiredTags>
				<allowedTags>
					<li>RoyalCombatGear</li>
					<li>Psychic</li>
				</allowedTags>
			</li>
			<li>
				<bodyPartGroupsMatchAny>
					<li>UpperHead</li>
					<li>FullHead</li>
				</bodyPartGroupsMatchAny>
				<requiredTags>
					<li>RoyalTier2</li>
				</requiredTags>
				<allowedTags>
					<li>RoyalCombatGear</li>
					<li>Psychic</li>
				</allowedTags>
			</li>
		</requiredApparel>
		<throneRoomRequirements>
			<li Class="RoomRequirement_ThingAnyOf">
				<things>
					<li>Throne</li>
					<li>GrandThrone</li>
				</things>
			</li>
			<li Class="RoomRequirement_Area">
				<area>30</area>
			</li>
			<li Class="RoomRequirement_Impressiveness">
				<impressiveness>60</impressiveness>
			</li>
			<li Class="RoomRequirement_TerrainWithTags">
				<labelKey>RoomRequirementAllFloored</labelKey>
				<tags>
					<li>Floor</li>
					<li>FineFloor</li>
				</tags>
			</li>
			<li Class="RoomRequirement_ThingCount">
				<thingDef>Brazier</thingDef>
				<count>2</count>
			</li>
			<li Class="RoomRequirement_ThingCount">
				<thingDef>Column</thingDef>
				<count>2</count>
			</li>
			<li Class="RoomRequirement_Thing">
				<thingDef>Harp</thingDef>
			</li>
			<li Class="RoomRequirement_AllThingsAreGlowing">
				<labelKey>RoomRequirementAllBraziersMustBeLit</labelKey>
				<thingDef>Brazier</thingDef>
			</li>
		</throneRoomRequirements>
		<bedroomRequirements>
			<li Class="RoomRequirement_Area">
				<area>24</area>
			</li>
			<li Class="RoomRequirement_Impressiveness">
				<impressiveness>40</impressiveness>
			</li>
			<li Class="RoomRequirement_TerrainWithTags">
				<labelKey>RoomRequirementAllFloored</labelKey>
				<tags>
					<li>Floor</li>
					<li>FineFloor</li>
				</tags>
			</li>
			<li Class="RoomRequirement_ThingAnyOf">
				<things>
					<li>DoubleBed</li>
					<li>RoyalBed</li>
				</things>
			</li>
			<li Class="RoomRequirement_Thing">
				<thingDef>EndTable</thingDef>
			</li>
			<li Class="RoomRequirement_Thing">
				<thingDef>Dresser</thingDef>
			</li>
		</bedroomRequirements>
		<foodRequirement>
			<minQuality>MealFine</minQuality>
			<allowedTypes>Processed, Liquor</allowedTypes>
			<allowedDefs>
				<li>Ambrosia</li>
				<li>Milk</li>
				<li>RawBerries</li>
			</allowedDefs>
		</foodRequirement>
	</RoyalTitleDef>

	<RoyalTitleDef ParentName="BaseEmpireTitlePsycaster">
		<defName>Praetor</defName>
		<label>praetor</label>
		<description>The Imperial title of praetor is a bridge between the service-oriented lower titles below and the power-holding nobility above.\n\nIn the Empire, praetors usually hold title to a city district, asteroid sector, or agricultural region. At war, they take authority over the smallest combat units that fight independently. On the ground, a praetor will lead a troop cohort. In the fleet, a praetor will captain a destroyer or a combat group.</description>
		<seniority>400</seniority>
		<favorCost>10</favorCost>
		<minExpectation>SkyHigh</minExpectation>
		<requiredMinimumApparelQuality>Normal</requiredMinimumApparelQuality>
		<changeHeirQuestPoints>2200</changeHeirQuestPoints>
		<recruitmentResistanceFactor>1.3</recruitmentResistanceFactor>
		<commonality>1</commonality>
		<needFallPerDayAuthority>0.2</needFallPerDayAuthority>
		<decreeMtbDays>32</decreeMtbDays>
		<decreeMentalBreakCommonality>4</decreeMentalBreakCommonality>
		<decreeTags>
			<li>All</li>
		</decreeTags>
		<disabledJoyKinds>
			<li>Gaming_Dexterity</li>
		</disabledJoyKinds>
		<disabledWorkTags>
			<li>ManualDumb</li>
			<li>PlantWork</li>
			<li>Mining</li>
		</disabledWorkTags>
		<permits>
			<li>TradeSettlement</li>
			<li>TradeCaravan</li>
			<li>CallMilitaryAidSmall</li>
			<li>CallMilitaryAidLarge</li>
		</permits>
		<requiredApparel>
			<li>
				<bodyPartGroupsMatchAny>
					<li>Torso</li>
				</bodyPartGroupsMatchAny>
				<requiredTags>
					<li>RoyalTier2</li>
				</requiredTags>
				<allowedTags>
					<li>RoyalCombatGear</li>
					<li>Psychic</li>
				</allowedTags>
			</li>
			<li>
				<bodyPartGroupsMatchAny>
					<li>UpperHead</li>
					<li>FullHead</li>
				</bodyPartGroupsMatchAny>
				<requiredTags>
					<li>RoyalTier2</li>
				</requiredTags>
				<allowedTags>
					<li>RoyalCombatGear</li>
					<li>Psychic</li>
				</allowedTags>
			</li>
		</requiredApparel>
		<throneRoomRequirements>
			<li Class="RoomRequirement_ThingAnyOf">
				<things>
					<li>Throne</li>
					<li>GrandThrone</li>
				</things>
			</li>
			<li Class="RoomRequirement_Area">
				<area>40</area>
			</li>
			<li Class="RoomRequirement_Impressiveness">
				<impressiveness>90</impressiveness>
			</li>
			<li Class="RoomRequirement_TerrainWithTags">
				<labelKey>RoomRequirementAllFloored</labelKey>
				<tags>
					<li>Floor</li>
					<li>FineFloor</li>
				</tags>
			</li>
			<li Class="RoomRequirement_ThingCount">
				<thingDef>Brazier</thingDef>
				<count>2</count>
			</li>
			<li Class="RoomRequirement_ThingCount">
				<thingDef>Column</thingDef>
				<count>4</count>
			</li>
			<li Class="RoomRequirement_Thing">
				<thingDef>Harp</thingDef>
			</li>
			<li Class="RoomRequirement_AllThingsAreGlowing">
				<labelKey>RoomRequirementAllBraziersMustBeLit</labelKey>
				<thingDef>Brazier</thingDef>
			</li>
		</throneRoomRequirements>
		<bedroomRequirements>
			<li Class="RoomRequirement_Area">
				<area>24</area>
			</li>
			<li Class="RoomRequirement_Impressiveness">
				<impressiveness>50</impressiveness>
			</li>
			<li Class="RoomRequirement_TerrainWithTags">
				<labelKey>RoomRequirementAllFloored</labelKey>
				<tags>
					<li>Floor</li>
					<li>FineFloor</li>
				</tags>
			</li>
			<li Class="RoomRequirement_ThingAnyOf">
				<things>
					<li>DoubleBed</li>
					<li>RoyalBed</li>
				</things>
			</li>
			<li Class="RoomRequirement_Thing">
				<thingDef>EndTable</thingDef>
			</li>
			<li Class="RoomRequirement_Thing">
				<thingDef>Dresser</thingDef>
			</li>
		</bedroomRequirements>
		<foodRequirement>
			<minQuality>MealFine</minQuality>
			<allowedTypes>Processed, Liquor</allowedTypes>
			<allowedDefs>
				<li>Ambrosia</li>
				<li>Milk</li>
				<li>RawBerries</li>
			</allowedDefs>
		</foodRequirement>
	</RoyalTitleDef>

	<RoyalTitleDef ParentName="BaseEmpireTitlePsycaster">
		<defName>Baron</defName>
		<label>baron</label>
		<labelFemale>baroness</labelFemale>
		<description>The Imperial title of baron is the lowest of the middle nobility. While lower titles focus on personal service at war or commerce under a lord, barons hold title as semi-independent rulers. Each baron is subordinate to his liege lord, but his obligations are mostly in supplying wealth and troops, and not in personal service.\n\nIn the Empire, a baron will typically own a city sector, mining colony, or similar outfit. At wartime, a baron may captain a capital ship in name, or control a regiment of troops.</description>
		<seniority>500</seniority>
		<favorCost>14</favorCost>
		<minExpectation>Noble</minExpectation>
		<requiredMinimumApparelQuality>Normal</requiredMinimumApparelQuality>
		<changeHeirQuestPoints>2800</changeHeirQuestPoints>
		<recruitmentResistanceFactor>1.4</recruitmentResistanceFactor>
		<commonality>1</commonality>
		<suppressIdleAlert>true</suppressIdleAlert>
		<decreeMtbDays>24</decreeMtbDays>
		<decreeMentalBreakCommonality>8</decreeMentalBreakCommonality>
		<decreeTags>
			<li>All</li>
		</decreeTags>
		<needFallPerDayAuthority>0.3</needFallPerDayAuthority>
		<disabledJoyKinds>
			<li>Gaming_Dexterity</li>
		</disabledJoyKinds>
		<disabledWorkTags>
			<li>ManualDumb</li>
			<li>ManualSkilled</li>
			<li>PlantWork</li>
			<li>Mining</li>
		</disabledWorkTags>
		<permits>
			<li>TradeSettlement</li>
			<li>TradeCaravan</li>
			<li>TradeOrbital</li>
			<li>CallMilitaryAidSmall</li>
			<li>CallMilitaryAidLarge</li>
			<li>CallMilitaryAidGrand</li>
		</permits>
		<requiredApparel>
			<li>
				<bodyPartGroupsMatchAny>
					<li>Torso</li>
				</bodyPartGroupsMatchAny>
				<requiredTags>
					<li>RoyalTier2</li>
				</requiredTags>
				<allowedTags>
					<li>RoyalCombatGear</li>
					<li>Psychic</li>
				</allowedTags>
			</li>
			<li>
				<bodyPartGroupsMatchAny>
					<li>Torso</li>
				</bodyPartGroupsMatchAny>
				<requiredTags>
					<li>RoyalTier5</li>
				</requiredTags>
				<allowedTags>
					<li>RoyalCombatGear</li>
					<li>Psychic</li>
				</allowedTags>
			</li>
			<li>
				<bodyPartGroupsMatchAny>
					<li>UpperHead</li>
					<li>FullHead</li>
				</bodyPartGroupsMatchAny>
				<requiredTags>
					<li>RoyalTier5</li>
				</requiredTags>
				<allowedTags>
					<li>RoyalCombatGear</li>
					<li>Psychic</li>
				</allowedTags>
			</li>
		</requiredApparel>
		<throneRoomRequirements>
			<li Class="RoomRequirement_Thing">
				<thingDef>GrandThrone</thingDef>
			</li>
			<li Class="RoomRequirement_Area">
				<area>60</area>
			</li>
			<li Class="RoomRequirement_Impressiveness">
				<impressiveness>120</impressiveness>
			</li>
			<li Class="RoomRequirement_TerrainWithTags">
				<labelKey>RoomRequirementAllFineFloored</labelKey>
				<tags>
					<li>FineFloor</li>
				</tags>
			</li>
			<li Class="RoomRequirement_ThingCount">
				<thingDef>Brazier</thingDef>
				<count>2</count>
			</li>
			<li Class="RoomRequirement_ThingCount">
				<thingDef>Column</thingDef>
				<count>4</count>
			</li>
			<li Class="RoomRequirement_ThingCount">
				<thingDef>Drape</thingDef>
				<count>2</count>
			</li>
			<li Class="RoomRequirement_Thing">
				<thingDef>Harpsichord</thingDef>
			</li>
			<li Class="RoomRequirement_AllThingsAreGlowing">
				<labelKey>RoomRequirementAllBraziersMustBeLit</labelKey>
				<thingDef>Brazier</thingDef>
			</li>
		</throneRoomRequirements>
		<bedroomRequirements>
			<li Class="RoomRequirement_Area">
				<area>30</area>
			</li>
			<li Class="RoomRequirement_Impressiveness">
				<impressiveness>70</impressiveness>
			</li>
			<li Class="RoomRequirement_TerrainWithTags">
				<labelKey>RoomRequirementAllFloored</labelKey>
				<tags>
					<li>Floor</li>
					<li>FineFloor</li>
				</tags>
			</li>
			<li Class="RoomRequirement_ThingAnyOf">
				<things>
					<li>RoyalBed</li>
				</things>
			</li>
			<li Class="RoomRequirement_Thing">
				<thingDef>EndTable</thingDef>
			</li>
			<li Class="RoomRequirement_Thing">
				<thingDef>Dresser</thingDef>
			</li>
			<li Class="RoomRequirement_ThingCount">
				<thingDef>Drape</thingDef>
				<count>1</count>
			</li>
		</bedroomRequirements>
		<foodRequirement>
			<minQuality>MealLavish</minQuality>
			<allowedTypes>Processed, Liquor</allowedTypes>
			<allowedDefs>
				<li>Ambrosia</li>
				<li>Milk</li>
				<li>RawBerries</li>
				<li>InsectJelly</li>
			</allowedDefs>
		</foodRequirement>
	</RoyalTitleDef>

	<RoyalTitleDef ParentName="BaseEmpireTitlePsycaster">
		<defName>Count</defName>
		<label>count</label>
		<labelFemale>countess</labelFemale>
		<description>The Imperial title of count is the middle rank of middle nobility.\n\nIn the Empire, a count would hold title to a city or colony, and might have a small personal fleet possibly including capital ships.</description>
		<seniority>600</seniority>
		<favorCost>20</favorCost>
		<minExpectation>Royal</minExpectation>
		<requiredMinimumApparelQuality>Normal</requiredMinimumApparelQuality>
		<changeHeirQuestPoints>3500</changeHeirQuestPoints>
		<recruitmentResistanceFactor>1.5</recruitmentResistanceFactor>
		<commonality>1</commonality>
		<suppressIdleAlert>true</suppressIdleAlert>
		<decreeMtbDays>16</decreeMtbDays>
		<decreeMentalBreakCommonality>12</decreeMentalBreakCommonality>
		<decreeTags>
			<li>All</li>
		</decreeTags>
		<needFallPerDayAuthority>0.4</needFallPerDayAuthority>
		<disabledJoyKinds>
			<li>Gaming_Dexterity</li>
		</disabledJoyKinds>
		<disabledWorkTags>
			<li>ManualDumb</li>
			<li>ManualSkilled</li>
			<li>PlantWork</li>
			<li>Mining</li>
			<li>Animals</li>
		</disabledWorkTags>
		<permits>
			<li>TradeSettlement</li>
			<li>TradeCaravan</li>
			<li>TradeOrbital</li>
			<li>CallMilitaryAidSmall</li>
			<li>CallMilitaryAidLarge</li>
			<li>CallMilitaryAidGrand</li>
		</permits>
		<requiredApparel>
			<li>
				<bodyPartGroupsMatchAny>
					<li>Torso</li>
				</bodyPartGroupsMatchAny>
				<requiredTags>
					<li>RoyalTier2</li>
				</requiredTags>
				<allowedTags>
					<li>RoyalCombatGear</li>
					<li>Psychic</li>
				</allowedTags>
			</li>
			<li>
				<bodyPartGroupsMatchAny>
					<li>Torso</li>
				</bodyPartGroupsMatchAny>
				<requiredTags>
					<li>RoyalTier5</li>
				</requiredTags>
				<allowedTags>
					<li>RoyalCombatGear</li>
					<li>Psychic</li>
				</allowedTags>
			</li>
			<li>
				<bodyPartGroupsMatchAny>
					<li>Torso</li>
				</bodyPartGroupsMatchAny>
				<requiredTags>
					<li>RoyalTier6</li>
				</requiredTags>
				<allowedTags>
					<li>RoyalCombatGear</li>
					<li>Psychic</li>
				</allowedTags>
			</li>
			<li>
				<bodyPartGroupsMatchAny>
					<li>UpperHead</li>
					<li>FullHead</li>
				</bodyPartGroupsMatchAny>
				<requiredTags>
					<li>RoyalTier5</li>
				</requiredTags>
				<allowedTags>
					<li>RoyalCombatGear</li>
					<li>Psychic</li>
				</allowedTags>
			</li>
		</requiredApparel>
		<throneRoomRequirements>
			<li Class="RoomRequirement_Thing">
				<thingDef>GrandThrone</thingDef>
			</li>
			<li Class="RoomRequirement_Area">
				<area>80</area>
			</li>
			<li Class="RoomRequirement_Impressiveness">
				<impressiveness>160</impressiveness>
			</li>
			<li Class="RoomRequirement_TerrainWithTags">
				<labelKey>RoomRequirementAllFineFloored</labelKey>
				<tags>
					<li>FineFloor</li>
				</tags>
			</li>
			<li Class="RoomRequirement_ThingCount">
				<thingDef>Brazier</thingDef>
				<count>2</count>
			</li>
			<li Class="RoomRequirement_ThingCount">
				<thingDef>Column</thingDef>
				<count>6</count>
			</li>
			<li Class="RoomRequirement_ThingCount">
				<thingDef>Drape</thingDef>
				<count>2</count>
			</li>
			<li Class="RoomRequirement_Thing">
				<thingDef>Piano</thingDef>
			</li>
			<li Class="RoomRequirement_AllThingsAreGlowing">
				<labelKey>RoomRequirementAllBraziersMustBeLit</labelKey>
				<thingDef>Brazier</thingDef>
			</li>
		</throneRoomRequirements>
		<bedroomRequirements>
			<li Class="RoomRequirement_Area">
				<area>30</area>
			</li>
			<li Class="RoomRequirement_Impressiveness">
				<impressiveness>80</impressiveness>
			</li>
			<li Class="RoomRequirement_TerrainWithTags">
				<labelKey>RoomRequirementAllFineFloored</labelKey>
				<tags>
					<li>FineFloor</li>
				</tags>
			</li>
			<li Class="RoomRequirement_ThingAnyOf">
				<things>
					<li>RoyalBed</li>
				</things>
			</li>
			<li Class="RoomRequirement_Thing">
				<thingDef>EndTable</thingDef>
			</li>
			<li Class="RoomRequirement_Thing">
				<thingDef>Dresser</thingDef>
			</li>
			<li Class="RoomRequirement_ThingCount">
				<thingDef>Drape</thingDef>
				<count>1</count>
			</li>
		</bedroomRequirements>
		<foodRequirement>
			<minQuality>MealLavish</minQuality>
			<allowedTypes>Processed, Liquor</allowedTypes>
			<allowedDefs>
				<li>Ambrosia</li>
				<li>Milk</li>
				<li>RawBerries</li>
				<li>InsectJelly</li>
			</allowedDefs>
		</foodRequirement>
	</RoyalTitleDef>

	<!-- ============== Empire titles - NPC only psycaster ============================= -->


	<RoyalTitleDef Abstract="True" Name="BaseEmpireTitleNPC" ParentName="BaseEmpireTitle" >
		<minExpectation>Royal</minExpectation>
		<requiredMinimumApparelQuality>Normal</requiredMinimumApparelQuality>
		<recruitmentResistanceFactor>1.5</recruitmentResistanceFactor>
		<suppressIdleAlert>true</suppressIdleAlert>
		<disabledJoyKinds>
			<li>Gaming_Dexterity</li>
		</disabledJoyKinds>
		<disabledWorkTags>
			<li>Commoner</li>
		</disabledWorkTags>
		<permits>
			<li>TradeSettlement</li>
			<li>TradeCaravan</li>
			<li>TradeOrbital</li>
			<li>CallMilitaryAidLarge</li>
			<li>CallMilitaryAidGrand</li>
		</permits>
		<requiredApparel>
			<li>
				<bodyPartGroupsMatchAny>
					<li>Torso</li>
				</bodyPartGroupsMatchAny>
				<requiredTags>
					<li>RoyalTier2</li>
				</requiredTags>
				<allowedTags>
					<li>RoyalCombatGear</li>
					<li>Psychic</li>
				</allowedTags>
			</li>
			<li>
				<bodyPartGroupsMatchAny>
					<li>Torso</li>
				</bodyPartGroupsMatchAny>
				<requiredTags>
					<li>RoyalTier5</li>
				</requiredTags>
				<allowedTags>
					<li>RoyalCombatGear</li>
					<li>Psychic</li>
				</allowedTags>
			</li>
			<li>
				<bodyPartGroupsMatchAny>
					<li>Torso</li>
				</bodyPartGroupsMatchAny>
				<requiredTags>
					<li>RoyalTier6</li>
				</requiredTags>
				<allowedTags>
					<li>RoyalCombatGear</li>
					<li>Psychic</li>
				</allowedTags>
			</li>
			<li>
				<bodyPartGroupsMatchAny>
					<li>UpperHead</li>
					<li>FullHead</li>
				</bodyPartGroupsMatchAny>
				<requiredTags>
					<li>RoyalTier7</li>
				</requiredTags>
				<allowedTags>
					<li>RoyalCombatGear</li>
					<li>Psychic</li>
				</allowedTags>
			</li>
		</requiredApparel>
		<throneRoomRequirements>
			<li Class="RoomRequirement_Thing">
				<thingDef>GrandThrone</thingDef>
			</li>
			<li Class="RoomRequirement_Area">
				<area>80</area>
			</li>
			<li Class="RoomRequirement_Impressiveness">
				<impressiveness>160</impressiveness>
			</li>
			<li Class="RoomRequirement_TerrainWithTags">
				<labelKey>RoomRequirementAllFineFloored</labelKey>
				<tags>
					<li>FineFloor</li>
				</tags>
			</li>
			<li Class="RoomRequirement_ThingCount">
				<thingDef>Brazier</thingDef>
				<count>2</count>
			</li>
			<li Class="RoomRequirement_ThingCount">
				<thingDef>Column</thingDef>
				<count>6</count>
			</li>
			<li Class="RoomRequirement_Thing">
				<thingDef>Piano</thingDef>
			</li>
			<li Class="RoomRequirement_AllThingsAreGlowing">
				<labelKey>RoomRequirementAllBraziersMustBeLit</labelKey>
				<thingDef>Brazier</thingDef>
			</li>
		</throneRoomRequirements>
		<bedroomRequirements>
			<li Class="RoomRequirement_Area">
				<area>30</area>
			</li>
			<li Class="RoomRequirement_Impressiveness">
				<impressiveness>80</impressiveness>
			</li>
			<li Class="RoomRequirement_TerrainWithTags">
				<labelKey>RoomRequirementAllFineFloored</labelKey>
				<tags>
					<li>FineFloor</li>
				</tags>
			</li>
			<li Class="RoomRequirement_ThingAnyOf">
				<things>
					<li>RoyalBed</li>
				</things>
			</li>
			<li Class="RoomRequirement_Thing">
				<thingDef>EndTable</thingDef>
			</li>
			<li Class="RoomRequirement_Thing">
				<thingDef>Dresser</thingDef>
			</li>
			<li Class="RoomRequirement_ThingCount">
				<thingDef>Drape</thingDef>
				<count>1</count>
			</li>
		</bedroomRequirements>
		<foodRequirement>
			<minQuality>MealLavish</minQuality>
			<allowedTypes>Processed, Liquor</allowedTypes>
			<allowedDefs>
				<li>Ambrosia</li>
				<li>Milk</li>
				<li>RawBerries</li>
				<li>InsectJelly</li>
			</allowedDefs>
		</foodRequirement>
	</RoyalTitleDef>

	<RoyalTitleDef ParentName="BaseEmpireTitleNPC">
		<defName>Duke</defName>
		<label>duke</label>
		<labelFemale>duchess</labelFemale>
		<description>The Imperial title of duke is the highest of the middle nobility.\n\nIn the Empire, dukes control provinces, mega-cities, or moons. At war, a duke can field a division-level force, or a fleet with capital ships and dozens of support craft.</description>
		<seniority>700</seniority>
		<commonality>1</commonality>
	</RoyalTitleDef>

	<RoyalTitleDef ParentName="BaseEmpireTitleNPC">
		<defName>Consul</defName>
		<label>consul</label>
		<description>The Imperial title of consul is a lower level of high nobility.\n\nIn the Empire, consuls control planets. At war, a consul can usually field an army-sized force of multiple divisions, supported by several fleets. Some command from a super-capital ship or control space-based megastructures.</description>
		<seniority>800</seniority>
		<commonality>0.6</commonality>
	</RoyalTitleDef>

	<RoyalTitleDef ParentName="BaseEmpireTitleNPC">
		<defName>Stellarch</defName>
		<label>stellarch</label>
		<description>The Imperial title of stellarch represents dominion over an entire star system.\n\nIn the Empire, since interstellar travel times are years long, stellarchs rule their systems with a great degree of independence. They each swear fealty to the Emperor, but since the Emperor may be many light-years away, a stellarch may go years or decades without interacting with him.</description>
		<seniority>900</seniority>
		<commonality>0.1</commonality>
	</RoyalTitleDef>

	<!-- Emperor should never appear in the game in any way, it's just here for completeness on UI lists etc. -->
	<RoyalTitleDef ParentName="BaseEmpireTitleNPC">
		<defName>Emperor</defName>
		<label>emperor</label>
		<labelFemale>empress</labelFemale>
		<description>The Imperial title of emperor indicates sovereign dominion over the entire Empire, all its peoples, planets, and fleets. All other lords swear fealty to a high lord, while the Emperor swears fealty to no one. However, even the Emperor depends on the support of lower nobles to remain in power.</description>
		<seniority>1000</seniority>
		<commonality>0</commonality>
	</RoyalTitleDef>

</Defs>