<?xml version="1.0" encoding="utf-8" ?>
<Defs>

  <!-- ============================= Thoughts related to royal titles ============================= -->

  <ThoughtDef>
    <defName>GainedTitle</defName>
    <durationDays>7</durationDays>
    <thoughtClass>Thought_MemoryRoyalTitle</thoughtClass>
    <stages>
      <li>
        <label>Recieved {TITLE} title</label>
        <description>I was entitled as {TITLE}. It's good to have my stature recognized.</description>
        <baseMoodEffect>8</baseMoodEffect>
      </li>
    </stages>
  </ThoughtDef>

  <ThoughtDef>
    <defName>LostTitle</defName>
    <durationDays>7</durationDays>
    <thoughtClass>Thought_MemoryRoyalTitle</thoughtClass>
    <stages>
      <li>
        <label>Lost {TITLE} title</label>
        <description>I lost my {TITLE} title. It's unnatural to have one's station in life fall.</description>
        <baseMoodEffect>-8</baseMoodEffect>
      </li>
    </stages>
  </ThoughtDef>

  <ThoughtDef>
    <defName>TitleApparelRequirementNotMet</defName>
    <workerClass>ThoughtWorker_RoyalTitleApparelRequirementNotMet</workerClass>
    <validWhileDespawned>true</validWhileDespawned>
    <stages>
      <li>
        <label>want {TITLE}-specific apparel</label>
        <description>A {TITLE} like myself should be covered in apparel appropriate to my stature:\n\n{0}\n\nIt's below my station to be without my necessaries.</description>
        <baseMoodEffect>-7</baseMoodEffect>
      </li>
    </stages>
  </ThoughtDef>

  <ThoughtDef>
    <defName>TitleApparelMinQualityNotMet</defName>
    <workerClass>ThoughtWorker_RoyalTitleApparelMinQualityNotMet</workerClass>
    <validWhileDespawned>true</validWhileDespawned>
    <stages>
      <li>
        <label>want {TITLE}-quality apparel</label>
        <description>A {TITLE} like myself should only wear apparel of {QUALITY} quality or better. These rags are below me!</description>
        <baseMoodEffect>-7</baseMoodEffect>
      </li>
    </stages>
  </ThoughtDef>

  <ThoughtDef>
    <defName>TitleThroneroomRequirementsNotMet</defName>
    <workerClass>ThoughtWorker_ThroneRoomRequirementsNotMet</workerClass>
    <validWhileDespawned>true</validWhileDespawned>
    <stages>
      <li>
        <label>undignified throneroom</label>
        <description>I am a {TITLE} and I deserve these necessities in my throneroom:\n\n{0}</description>
        <baseMoodEffect>-12</baseMoodEffect>
      </li>
    </stages>
  </ThoughtDef>

  <ThoughtDef>
    <defName>TitleBedroomRequirementsNotMet</defName>
    <workerClass>ThoughtWorker_BedroomRequirementsNotMet</workerClass>
    <validWhileDespawned>true</validWhileDespawned>
    <stages>
      <li>
        <label>undignified bedroom</label>
        <description>A {TITLE} like myself deserves a bedroom that meets these requirements:\n\n{0}</description>
        <baseMoodEffect>-10</baseMoodEffect>
      </li>
    </stages>
  </ThoughtDef>

  <ThoughtDef>
    <defName>TitleNoThroneRoom</defName>
    <workerClass>ThoughtWorker_NoThroneroom</workerClass>
    <validWhileDespawned>true</validWhileDespawned>
    <stages>
      <li>
        <label>no throne room</label>
        <description>What is a royal with no throneroom? A travesty!</description>
        <baseMoodEffect>-14</baseMoodEffect>
      </li>
    </stages>
  </ThoughtDef>

  <ThoughtDef>
    <defName>TitleNoPersonalBedroom</defName>
    <workerClass>ThoughtWorker_NoPersonalBedroom</workerClass>
    <validWhileDespawned>true</validWhileDespawned>
    <stages>
      <li>
        <label>no personal bedroom</label>
        <description>Sharing space with commoners is not acceptable for a {TITLE}!</description>
        <baseMoodEffect>-14</baseMoodEffect>
      </li>
    </stages>
  </ThoughtDef>

</Defs>