﻿<?xml version="1.0" encoding="utf-8" ?>
<Defs>

  <JobDef>
    <defName>PrepareCaravan_GatherItems</defName>
    <driverClass>JobDriver_PrepareCaravan_GatherItems</driverClass>
    <reportString>gathering supplies.</reportString>
    <suspendable>false</suspendable>
  </JobDef>
  
  <JobDef>
    <defName>PrepareCaravan_GatherPawns</defName>
    <driverClass>JobDriver_PrepareCaravan_GatherPawns</driverClass>
    <reportString>preparing to leave.</reportString>
    <allowOpportunisticPrefix>true</allowOpportunisticPrefix>
  </JobDef>
  
  <JobDef>
    <defName>PrepareCaravan_GatherDownedPawns</defName>
    <driverClass>JobDriver_HaulToCell</driverClass>
    <reportString>preparing to leave.</reportString>
    <allowOpportunisticPrefix>true</allowOpportunisticPrefix>
  </JobDef>
  
</Defs>