<?xml version="1.0" encoding="utf-8" ?>
<Defs>

  <!-- Build monument within time limit. Get reward on completion. Then, protect it for X time; if it’s damaged, you get punishment Y. -->
  <QuestScriptDef>
    <defName>BuildMonument_TimeProtect</defName>
    <rootSelectionWeight>1</rootSelectionWeight>
    <rootMinPoints>200</rootMinPoints>
    <expireDaysRange>2~4</expireDaysRange>
    <canGiveRoyalFavor>true</canGiveRoyalFavor>
    <questNameRules>
      <include><li>QuestConstructionNameCommon</li></include>
    </questNameRules>
    <questDescriptionRules>
      <include><li>QuestConstructionDescriptionCommon</li></include>
      <rulesStrings>

      <!-- Common ending -->
      <li>commonEnding->The monument is [monumentSize] in size and will require these resources (total value [monumentRequiredResourcesMarketValue_money]):
\n[monumentRequiredResources]
\nConstruction must be completed within [constructionTimeoutTicks_duration] of accepting the task.
\nAfter completion, you'll have to protect the monument for [haveToProtectForTicks_duration]. If any piece of it is destroyed, [asker2]'s enforcement system will activate and [threatDescription]
\nWhen you finish construction, [allRewardsDescriptions]</li>

      </rulesStrings>
    </questDescriptionRules>
    <root Class="QuestNode_Sequence">
      <nodes>
        <li Class="QuestNode_SubScript">
          <def>Util_RandomizePointsChallengeRating</def>
        </li>

        <li Class="QuestNode_Set">
          <name>rewardOnCompletion</name>
          <value>true</value>
        </li>
        <li Class="QuestNode_Set">
          <name>punishmentOnDestroy</name>
          <value>true</value>
        </li>

        <li Class="QuestNode_SubScript">
          <def>BuildMonumentWorker</def>
        </li>

        <!-- Monument completed letter -->
        <li Class="QuestNode_Signal">
          <inSignal>monumentMarker.MonumentCompleted</inSignal>
          <node Class="QuestNode_Letter">
            <label>Monument completed</label>
            <letterDef>PositiveEvent</letterDef>
            <text>You completed construction of the monument.\n\nYou must now protect the monument for [haveToProtectForTicks_duration]. If any piece of it is destroyed, [asker2]'s enforcement system will activate and [threatDescription]</text>
          </node>
        </li>
      </nodes>
    </root>
  </QuestScriptDef>

</Defs>