<?xml version="1.0" encoding="utf-8" ?>
<Defs>

  <QuestScriptDef>
    <defName>BuildMonumentWorker</defName>
    <root Class="QuestNode_Sequence">
      <nodes>
        <li Class="QuestNode_GetMap" />

        <!-- Get asker -->
        <li Class="QuestNode_SubScript">
          <def>Util_DecideRandomAsker</def>
        </li>

        <!-- Get largest clear area -->
        <li Class="QuestNode_GetLargestClearArea">
          <map>$map</map>
          <storeAs>largestClearArea</storeAs>
          <failIfSmaller>10</failIfSmaller>
          <max>70</max>
        </li>

        <!-- Get monument sketch -->
        <li Class="QuestNode_GetMonumentSketch">
          <storeAs>monumentSketch</storeAs>
          <pointsPerArea>8.3</pointsPerArea>
          <useOnlyResourcesAvailableOnMap>$map</useOnlyResourcesAvailableOnMap>
          <maxSize>$largestClearArea</maxSize>
        </li>

        <!-- Make monument marker -->
        <li Class="QuestNode_GenerateMonumentMarker">
          <storeAs>monumentMarker</storeAs>
          <sketch>$monumentSketch</sketch>
        </li>
        <li Class="QuestNode_DestroyOrPassToWorldOnCleanup">
          <things>$monumentMarker</things>
        </li>

        <!-- Get data for use in text -->
        <li Class="QuestNode_GetMonumentRequiredResourcesString">
          <monumentMarker>$monumentMarker</monumentMarker>
          <storeAs>monumentRequiredResources</storeAs>
          <storeMarketValueAs>monumentRequiredResourcesMarketValue</storeMarketValueAs>
        </li>

        <!-- Calculate rewardValue -->
        <li Class="QuestNode_Set">
          <name>rewardValue</name>
          <value>$($monumentRequiredResourcesMarketValue * randFloat(1.8, 1.9))</value>
        </li>
        <li Class="QuestNode_IsTrue"> <!-- Factor up reward value if a punishment is threatened -->
          <value>$punishmentOnDestroy</value>
          <node Class="QuestNode_Sequence">
            <nodes>
              <li Class="QuestNode_Multiply">
                <value1>$rewardValue</value1>
                <value2>1.3</value2>
                <storeAs>rewardValue</storeAs>
              </li>
            </nodes>
          </node>
        </li>

        <!-- If assigned, reward player on completing monument within the time limit -->
        <li Class="QuestNode_IsTrue">
          <value>$rewardOnCompletion</value>
          <node Class="QuestNode_Sequence">
            <nodes>
              <li Class="QuestNode_Signal">
                <inSignal>monumentMarker.MonumentCompleted</inSignal>
                <node Class="QuestNode_GiveRewards">
                  <parms>
                    <allowGoodwill>true</allowGoodwill>
                    <allowRoyalFavor>true</allowRoyalFavor>
                  </parms>
                </node>
              </li>
            </nodes>
          </node>
        </li>

        <!-- If assigned, punish player if monument is destroyed -->
        <li Class="QuestNode_IsTrue">
          <value>$punishmentOnDestroy</value>
          <node Class="QuestNode_Sequence">
            <nodes>
              <!-- Must protect for this amount of time -->
              <li Class="QuestNode_Set">
                <name>haveToProtectForTicks</name>
                <value>$(roundToTicksRough(randInt(10, 30)*60000))</value>
              </li>
              <li Class="QuestNode_Multiply"> <!-- Increase protection time for challenge rating -->
                <value1>$haveToProtectForTicks</value1>
                <value2>$challengeRating</value2>
                <storeAs>haveToProtectForTicks</storeAs>
              </li>

              <!-- Send threat if monument completed and then destroyed -->
              <li Class="QuestNode_Signal">
                <inSignal>monumentMarker.MonumentDestroyed</inSignal>
                <node Class="QuestNode_Sequence">
                  <nodes>
                    <li Class="QuestNode_SetAndRestore">
                      <name>points</name>
                      <value>$($points * 2)</value>
                      <node Class="QuestNode_ViolentQuestsAllowed">
                        <node Class="QuestNode_RandomNode">
                          <nodes>
                           <li Class="QuestNode_SubScript"><def>Util_Raid</def></li>
                            <li Class="QuestNode_SubScript"><def>Util_ManhunterPack</def></li>
                            <li Class="QuestNode_SubScript"><def>Util_Infestation</def></li>
                            <li Class="QuestNode_SubScript"><def>Util_SpawnSiteThreat</def></li>
                            <li Class="QuestNode_SubScript"><def>Util_GameConditionNegativeRandom</def></li>
                            <li Class="QuestNode_Subscript">
                              <def>Util_MechCluster</def>
                              <selectionWeight>2.5</selectionWeight>
                            </li>
                          </nodes>
                        </node>
                        <elseNode Class="QuestNode_SubScript">
                          <def>Util_GameConditionNegativeRandom</def> <!-- Peaceful difficulty only allows negative game conditions. -->
                        </elseNode>
                      </node>                      
                    </li>
                    <li Class="QuestNode_Message">
                      <text>The monument for the quest '[resolvedQuestName]' has been violated. Punishment will now occur.</text>
                      <lookTargets>monumentMarker</lookTargets>
                    </li>
                    <li Class="QuestNode_End">
                      <outcome>Fail</outcome>
                    </li>
                  </nodes>
                </node>
              </li>
            </nodes>
          </node>
          <elseNode Class="QuestNode_Set">
            <name>haveToProtectForTicks</name>
            <value>0</value>
          </elseNode>
        </li>

        <!-- Send another monument marker if destroyed -->
        <li Class="QuestNode_Signal">
          <inSignal>monumentMarker.Destroyed</inSignal>
          <node Class="QuestNode_Sequence">
            <nodes>
              <li Class="QuestNode_DropMonumentMarkerCopy">
                <outSignalResult>DroppedMonumentMarkerCopy</outSignalResult>
              </li>
              <li Class="QuestNode_Letter">
                <inSignal>DroppedMonumentMarkerCopy</inSignal>
                <label>New monument marker arrived</label>
                <text>Since the monument marker has been destroyed, a new one has been sent.</text>
              </li>
            </nodes>
          </node>
        </li>

        <!-- End condition for success: Monument completed, then waited haveToProtectForTicks (which can be 0) -->
        <li Class="QuestNode_Delay">
          <inSignalEnable>monumentMarker.MonumentCompleted</inSignalEnable>
          <delayTicks>$haveToProtectForTicks</delayTicks>
          <expiryInfoPart>Protect the monument for {0}</expiryInfoPart>
          <expiryInfoPartTip>Protect the monument until {0}</expiryInfoPartTip>
          <inspectString>Protect for {0}</inspectString>
          <inspectStringTargets>$monumentMarker</inspectStringTargets>
          <node Class="QuestNode_End">
            <outcome>Success</outcome>
            <sendStandardLetter>true</sendStandardLetter>
          </node>
        </li>

        <!-- Calculate construction time limit -->
        <li Class="QuestNode_Set">
          <name>constructionTimeoutTicks</name>
          <value>$(roundToTicksRough(randInt(8, 14)*60000))</value> <!-- 8~14 days by default -->
        </li>
        <li Class="QuestNode_EvaluateSimpleCurve">
          <value>$points</value>
          <storeAs>timeoutFactorForPoints</storeAs>  <!-- Increase the construction time for really big monuments -->
          <curve>
            <points>
              <li>(0, 1)</li>
              <li>(1400, 1)</li>
              <li>(5000, 2)</li>
              <li>(10000, 3)</li>
            </points>
          </curve>
        </li>
        <li Class="QuestNode_Multiply">
          <value1>$constructionTimeoutTicks</value1>
          <value2>$timeoutFactorForPoints</value2>
          <storeAs>constructionTimeoutTicks</storeAs>
        </li>

        <!-- End condition for failure: Construction time limit expired -->
        <li Class="QuestNode_Delay">
          <delayTicks>$constructionTimeoutTicks</delayTicks>
          <inSignalDisable>monumentMarker.MonumentCompleted</inSignalDisable>
          <isQuestTimeout>true</isQuestTimeout>
          <node Class="QuestNode_Sequence">
            <nodes>
              <li Class="QuestNode_DestroyOrPassToWorld">
                <things>$monumentMarker</things>
              </li>
              <!-- Minor problem: This can send at the same moment as the quest completion letter. -->
              <li Class="QuestNode_Letter">
                <label>Monument time expired</label>
                <text>Your time limit to construct the monument has expired. [failLetterEndingCommon]</text>
              </li>
              <li Class="QuestNode_End">
                <outcome>Fail</outcome>
                <goodwillChangeAmount>-5</goodwillChangeAmount>
                <goodwillChangeFactionOf>$asker</goodwillChangeFactionOf>
              </li>
            </nodes>
          </node>
        </li>

        <!-- Drop monument marker -->
        <li Class="QuestNode_MakeMinified">
          <storeAs>monumentMarkerMinified</storeAs>
          <thing>$monumentMarker</thing>
        </li>
        <li Class="QuestNode_AddToList">
          <name>thingsToDrop</name>
          <value>$monumentMarkerMinified</value>
        </li>
        <li Class="QuestNode_GenerateNonBuildableMonumentRequiredResources">
          <addToList>thingsToDrop</addToList>
          <monumentMarker>$monumentMarker</monumentMarker>
        </li>
        <li Class="QuestNode_DropPods">
          <contents>$thingsToDrop</contents>
          <useTradeDropSpot>true</useTradeDropSpot>
          <thingsToExcludeFromHyperlinks>$monumentMarkerMinified</thingsToExcludeFromHyperlinks>
        </li>
        
        <!-- Get data for use in text -->
        <li Class="QuestNode_GetMonumentSize">
          <monumentMarker>$monumentMarker</monumentMarker>
          <storeAs>monumentSize</storeAs>
        </li>

      </nodes>
    </root>
  </QuestScriptDef>

</Defs>