<?xml version="1.0" encoding="utf-8" ?>
<Defs>

  <!-- Common construction quest naming text -->
  <RulePackDef>
    <defName>QuestConstructionNameCommon</defName>
    <rulePack>
      <rulesStrings>
        <li>questName->[constAdj] [construction]</li>
        <li>questName->A [constAdj] [construction]</li>
        <li>questName->The [constAdj] [construction]</li>
        <li>constAdj(p=20)->[AdjectiveLarge]</li>
        <li>constAdj->terrible</li>
        <li>constAdj->great</li>
        <li>constAdj->grand</li>
        <li>constAdj->dangerous</li>
        <li>constAdj->monumental</li>
        <li>constAdj->extravagant</li>
        <li>constAdj->foreboding</li>
        <li>constAdj->frightening</li>
        <li>constAdj->dreadful</li>
        <li>constAdj->fearful</li>
        <li>constAdj->awesome</li>
        <li>constAdj->prophetic</li>
        <li>constAdj->harrowing</li>
        <li>constAdj->glittering</li>
        <li>constAdj->shining</li>
        <li>constAdj->amazing</li>
        <li>construction(p=3)->construction</li>
        <li>construction(p=2)->structure</li>
        <li>construction(p=2)->building</li>
        <li>construction->monument</li>
        <li>construction->edifice</li>
        <li>construction->blueprint</li>
        <li>construction->assembly</li>
      </rulesStrings>
    </rulePack>
  </RulePackDef>

  <!-- Common construction quest description text -->
  <RulePackDef>
    <defName>QuestConstructionDescriptionCommon</defName>
    <rulePack>
      <rulesStrings>

        <!-- Asker is null (fictionally, an archotech) -->
        <li>questDescription(askerIsNull==true)->A mysterious message has arrived. It seems it was transmitted by a machine persona that refuses to name itself. The message asks that you build a very specific monument.
\n[commonEnding]</li>

        <!-- Asker is faction leader -->
        <li>questDescription(asker_factionLeader==True)->[asker_faction_leaderTitle] [asker_nameFull] of [asker_faction_name] is requesting that you build a monument [buildReason].
\n[commonEnding]</li>

        <!-- Asker is royal -->
        <li>questDescription(asker_royalInCurrentFaction==True)->[asker_royalTitleInCurrentFaction] [asker_nameFull] of [asker_faction_name] is requesting that you build a monument [buildReason].
\n[commonEnding]</li>

        <li>asker2(askerIsNull==true)->the archotech</li>
        <li>asker2(asker_factionLeader==True)->[asker_nameDef]</li>
        <li>asker2(asker_royalInCurrentFaction==True)->the [asker_royalTitleInCurrentFaction]</li>

        <li>buildReason->to commemorate the [PersonalCharacteristic] of [asker_possessive] [PersonFamily]</li>
        <li>buildReason->to commemorate [asker_possessive] own [PersonalCharacteristic]</li>
        <li>buildReason->to insult the [PersonalCharacteristic] of [asker_possessive] rival</li>
        <li>buildReason->to reduce feelings of [ConceptAngsty] amongst the people</li>
        <li>buildReason->to express how [AdjectiveBadass] [asker_pronoun] is</li>
        <li>buildReason->to commemorate [asker_possessive] [asker_faction_pawnsPlural] who have fallen in battle</li>
        <li>buildReason->to honor [asker_possessive] [PersonFamily]</li>
        <li>buildReason->to honor the work of [PersonJob]s</li>
        <li>buildReason->to spread images of [asker_possessive] [glory] across the land</li>
        <li>glory->glory</li>
        <li>glory->martial honor</li>
        <li>glory->victories</li>
        <li>glory->throne</li>
        <li>glory->great ship</li>
        <li>glory->wealth</li>
        <li>glory->family</li>

        <li>failLetterEndingCommon(askerIsNull==true,priority=1)->You have failed the quest '[resolvedQuestName]'.</li>
        <li>failLetterEndingCommon->You have failed the quest '[resolvedQuestName]'.\n\nYour relations with [asker_faction_name] have decreased by [goodwillPenalty].</li>
      </rulesStrings>
    </rulePack>
  </RulePackDef>

</Defs>