<?xml version="1.0" encoding="utf-8" ?>
<Defs>

  <QuestScriptDef>
    <defName>Hospitality_Util_Setup</defName>
    <root Class="QuestNode_Sequence">
      <nodes>
        <!-- Randomize challenge rating and adjust points -->
        <!-- Note that the points factor is the same for 1 and 2 star. However, only 2/3 star quests
             can have raids. -->
        <li Class="QuestNode_SubScript">
          <def>Util_RandomizePointsChallengeRating</def>
          <parms>
            <pointsFactorTwoStar>1</pointsFactorTwoStar>
            <pointsFactorThreeStar>2</pointsFactorThreeStar>
            <selectionWeightOneStar>0.5</selectionWeightOneStar>
            <selectionWeightTwoStar>0.3</selectionWeightTwoStar>
            <selectionWeightThreeStar>0.2</selectionWeightThreeStar>
            <peacefulChallengeRating>1</peacefulChallengeRating> <!-- Restrict to 1 star rating for peaceful difficulty. This causes longer, but non-hostile hospitality quests. -->
          </parms>
        </li>

        <!-- Choose map and asker -->
        <li Class="QuestNode_GetMap" />
        <li Class="QuestNode_SubScript">
          <def>Util_DecideRandomAsker</def>
          <parms>
            <askerMustBeNonHostileToPlayer>true</askerMustBeNonHostileToPlayer>
            <ifWorldPawnThenMustBeFree>true</ifWorldPawnThenMustBeFree>
            <royalAskerNeedsResearchedFurniture>$royalAskerNeedsResearchedFurniture</royalAskerNeedsResearchedFurniture>
          </parms>
        </li>
      </nodes>
    </root>
  </QuestScriptDef>



  <!-- Parameters
    lodgers - List of pawns to host
    lodgersArePrisoners - True if the lodgers are prisoners
    lodgersUnhealthy - True if the lodgers are generated with some illness (todo should be able to detect this)
   -->
  <QuestScriptDef>
    <defName>Hospitality_Util_Worker</defName>
    <root Class="QuestNode_Sequence">
      <nodes>

        <!-- Configure parameters - shuttleDelayTicks and generateThreats
            We always send raids on challenge rating 2 or 3, never otherwise
            If we do send raids, the shuttle comes quickly; the quest is short and intense.
            If we don't send raids, the shuttle can take a long time to come.
         -->
        <li Class="QuestNode_GreaterOrEqual">
          <value1>$challengeRating</value1>
          <value2>2</value2>
          <node Class="QuestNode_Sequence">
            <nodes>
              <li Class="QuestNode_Set">
                <name>generateThreats</name>
                <value>true</value>
              </li>
              <li Class="QuestNode_Set">
                <name>helpersChance</name>
                <value>0.5</value>
              </li>
              <li Class="QuestNode_Set">
                <name>shuttleDelayTicks</name>
                <value>$(roundToTicksRough(randInt(2, 5)*60000))</value> <!-- 2~5 days to shuttle -->
              </li>
            </nodes>
          </node>
          <elseNode Class="QuestNode_Sequence">
            <nodes>
              <li Class="QuestNode_Set">
                <name>generateThreats</name>
                <value>false</value>    <!-- must define as false for explicit check in text gen -->
              </li>
              <li Class="QuestNode_Set">
                <name>helpersChance</name>
                <value>0.15</value>
              </li>
              <li Class="QuestNode_Set">
                <name>shuttleDelayTicks</name>
                <value>$(roundToTicksRough(randInt(5, 25)*60000))</value> <!-- 5~25 days to shuttle -->
              </li>
            </nodes>
          </elseNode>
        </li>

        <!-- Helpers -->
        <li Class="QuestNode_SubScript">
          <def>Util_MaybeGenerateHelpers</def>
          <parms>
            <helpersChance>$helpersChance</helpersChance>
            <sendArrivalLetter>false</sendArrivalLetter>
            <helpersLeaveAfterTicks>-1</helpersLeaveAfterTicks>
          </parms>
        </li>

        <!-- Get threats. Add helper points to threat value -->
        <li Class="QuestNode_IsTrue">
          <value>$generateThreats</value>
          <node Class="QuestNode_Sequence">
            <nodes>
              <li Class="QuestNode_Set">
                <name>threatPoints</name>
                <value>$($points + $helpersPoints)</value>
              </li>
              <li Class="QuestNode_GetRandomThreatsGeneratorThreats">
                <storeAs>allowedThreats</storeAs>
                <threatPoints>$threatPoints</threatPoints>
              </li>
            </nodes>
          </node>
        </li>      
        
        <li Class="QuestNode_Set">
          <name>shuttleLeaveDelayTicks</name>
          <value>$(3*60000)</value>
        </li>

        <!-- Lodger(s) leave on cleanup -->
        <li Class="QuestNode_LeaveOnCleanup">
          <pawns>$lodgers</pawns>
          <sendStandardLetter>false</sendStandardLetter>
        </li>

        <!-- Lodger(s) arrive by drop pod -->
        <li Class="QuestNode_IsTrue">
          <value>$lodgersArePrisoners</value>
          <node Class="QuestNode_Set">
            <name>lodgersAreNotPrisoners</name>
            <value>false</value>
          </node>
          <elseNode Class="QuestNode_Set">
            <name>lodgersAreNotPrisoners</name>
            <value>true</value>
          </elseNode>
        </li>
        <li Class="QuestNode_DropPods">
          <contents>$lodgers</contents>
          <useTradeDropSpot>true</useTradeDropSpot>
          <joinPlayer>$lodgersAreNotPrisoners</joinPlayer>
          <makePrisoners>$lodgersArePrisoners</makePrisoners>
          <customLetterLabel>[lodgersLabelSingOrPlural] arrived</customLetterLabel>
          <customLetterText>[lodgersLabelSingOrPluralDef] [lodgersHasHave] arrived. Protect them until the shuttle arrives in [shuttleDelayTicks_duration].[helpersArrivalLetterEnd]</customLetterText>
        </li>

        <!-- Shuttle -->
        <li Class="QuestNode_ShuttleDelay">
          <delayTicks>$shuttleDelayTicks</delayTicks>
          <lodgers>$lodgers</lodgers>
          <node Class="QuestNode_Sequence">
            <nodes>
              <li Class="QuestNode_GenerateShuttle">
                <requiredPawns>$lodgers</requiredPawns>
                <storeAs>shuttle</storeAs>
              </li>
              <li Class="QuestNode_SpawnSkyfaller">
                <skyfallerDef>ShuttleIncoming</skyfallerDef>
                <innerThings>$shuttle</innerThings>
                <lookForSafeSpot>True</lookForSafeSpot>
                <factionOfForSafeSpot>$asker</factionOfForSafeSpot>
              </li>
              <li Class="QuestNode_SendShuttleAwayOnCleanup">
                <shuttle>$shuttle</shuttle>
              </li>
              <li Class="QuestNode_InspectString">
                <targets>$lodgers</targets>
                <inspectString>Should depart on shuttle</inspectString>
              </li>
              <li Class="QuestNode_Letter">
                <label>Shuttle arrived</label>
                <text>The shuttle has arrived to collect [lodgersLabelSingOrPluralDef]. Be sure to have these people on the shuttle before it leaves in [shuttleLeaveDelayTicks_duration]:\n\n[lodgers]</text>
                <lookTargets>$shuttle</lookTargets>
              </li>
              <li Class="QuestNode_ShuttleLeaveDelay">
                <delayTicks>$shuttleLeaveDelayTicks</delayTicks>
                <shuttle>$shuttle</shuttle>
                <node Class="QuestNode_Sequence">
                  <nodes>
                    <li Class="QuestNode_SendShuttleAway"> <!-- this can complete the quest if the shuttle is already correctly loaded! -->
                      <shuttle>$shuttle</shuttle>
                    </li>
                    <li Class="QuestNode_End">
                      <outcome>Fail</outcome>
                    </li>
                  </nodes>
                </node>
              </li>
            </nodes>
          </node>
        </li>

        <!-- Send threats if generateThreats is true -->
        <li Class="QuestNode_IsTrue">
          <value>$generateThreats</value>
          <node Class="QuestNode_Sequence">
            <nodes>
              <li Class="QuestNode_Equal">
                <value1>$allowedThreats</value1>
                <value2>Raids</value2>
                <node Class="QuestNode_GetFaction">
                  <storeAs>enemyFaction</storeAs>
                  <allowEnemy>true</allowEnemy>
                  <mustBeHostileToFactionOf>$asker</mustBeHostileToFactionOf>
                  <allowedHiddenFactions>Mechanoid</allowedHiddenFactions>
                </node>
              </li>
              <li Class="QuestNode_GenerateThreats">
                <parms>
                  <allowedThreats>$allowedThreats</allowedThreats>
                  <onDays>0.2</onDays>
                  <offDays>0.8</offDays>
                  <numIncidentsRange>1</numIncidentsRange>
                  <threatPoints>$threatPoints</threatPoints>
                </parms>
                <faction>$enemyFaction</faction>
                <storeThreatExampleAs>threatExample</storeThreatExampleAs>
              </li>
              <li Class="QuestNode_Set">
                <name>threatsIntervalTicks</name>
                <value>$(1.00*60000)</value>
              </li>
            </nodes>
          </node>
        </li>

        <!-- Calculate reward value -->
        <li Class="QuestNode_IsAnimal">
          <value>$lodgers</value>
          <node Class="QuestNode_Sequence">
            <nodes>
              <!-- Animals -->
              <li Class="QuestNode_GetBodySize">
                <pawnKind>$lodgersPawnKind</pawnKind>
                <storeAs>lodgersBodySize</storeAs>
              </li>
              <li Class="QuestNode_Set">
                <name>rewardValue</name>
                <value>$(($lodgersCount+1) * $lodgersBodySize * ($shuttleDelayTicks / 60000) * 5)</value>
              </li>
            </nodes>
          </node>
          <elseNode Class="QuestNode_Sequence">
            <nodes>
              <!-- Humanlikes -->
              <li Class="QuestNode_Set">
                <name>rewardValue</name>
                <value>$(($lodgersCount+1) * ($shuttleDelayTicks / 60000))</value>
              </li>

              <li Class="QuestNode_IsTrue">
                <value>$lodgersArePrisoners</value>
                <node Class="QuestNode_Set">
                  <name>rewardValue</name>
                  <value>$($rewardValue * 23)</value>
                </node>
                <elseNode Class="QuestNode_Set">
                  <name>rewardValue</name>
                  <value>$($rewardValue * 25)</value>
                </elseNode>
              </li>
            </nodes>
          </elseNode>
        </li>
        <li Class="QuestNode_IsTrue">
          <value>$lodgersUnhealthy</value>
          <node Class="QuestNode_Set">
            <name>rewardValue</name>
            <value>$($rewardValue * 1.3)</value>
          </node>
        </li>
        <li Class="QuestNode_IsNull">
          <value>$lodgersMoodThreshold</value>
          <elseNode Class="QuestNode_Set">
            <name>rewardValue</name>
            <value>$($rewardValue * 1.3)</value>
          </elseNode>
        </li>
        <li Class="QuestNode_IsTrue">
          <value>$generateThreats</value>
          <node Class="QuestNode_Set">
            <name>rewardValue</name>
            <value>$($rewardValue + ($shuttleDelayTicks / 60000) * $points * 0.68)</value>
          </node>
        </li>

        <!-- - - - - - - -  -->
        <!-- End conditions -->
        <!-- - - - - - - -  -->

        <!-- Lodger died -->
        <li Class="QuestNode_Signal">
          <inSignal>lodgers.Destroyed</inSignal>
          <node Class="QuestNode_Sequence">
            <nodes>
              <li Class="QuestNode_Letter">
                <label>Guest died: {SUBJECT_definite}</label>
                <text>[letterSubject], who you were charged to protect, has died. [remainingWillNowLeave][failLetterEndingCommon]</text>
              </li>
              <li Class="QuestNode_SendSignals">
                <outSignalsFormat>raid{INDEX}/EndRaid</outSignalsFormat>
                <outSignalsFormattedCount>$raidCount</outSignalsFormattedCount>
              </li>
              <li Class="QuestNode_End">
                <outcome>Fail</outcome>
                <goodwillChangeAmount>-5</goodwillChangeAmount>
                <goodwillChangeFactionOf>$asker</goodwillChangeFactionOf>
              </li>
            </nodes>
          </node>
        </li>

        <!-- Lodger arrested -->
        <li Class="QuestNode_Signal">
          <inSignal>lodgers.Arrested</inSignal>
          <node Class="QuestNode_Sequence">
            <nodes>
              <li Class="QuestNode_Letter">
                <label>Guest captured: {SUBJECT_definite}</label>
                <letterDef>NegativeEvent</letterDef>
                <text>[letterSubject], who you were charged to protect, has been arrested. [remainingWillNowLeave][failLetterEndingCommon]</text>
              </li>
              <li Class="QuestNode_SendSignals">
                <outSignalsFormat>raid{INDEX}/EndRaid</outSignalsFormat>
                <outSignalsFormattedCount>$raidCount</outSignalsFormattedCount>
              </li>
              <li Class="QuestNode_End">
                <outcome>Fail</outcome>
                <goodwillChangeAmount>-5</goodwillChangeAmount>
                <goodwillChangeFactionOf>$asker</goodwillChangeFactionOf>
              </li>
            </nodes>
          </node>
        </li>

        <!-- Lodger recruited -->
        <li Class="QuestNode_Signal">
          <inSignal>lodgers.Recruited</inSignal>
          <node Class="QuestNode_Sequence">
            <nodes>
              <li Class="QuestNode_Letter">
                <label>Prisoner recruited: {SUBJECT_definite}</label>
                <letterDef>NegativeEvent</letterDef>
                <text>You have recruited {SUBJECT_definite}, who you were charged to guard. [remainingWillNowLeave][failLetterEndingCommon]</text>
              </li>
              <li Class="QuestNode_SendSignals">
                <outSignalsFormat>raid{INDEX}/EndRaid</outSignalsFormat>
                <outSignalsFormattedCount>$raidCount</outSignalsFormattedCount>
              </li>
              <li Class="QuestNode_End">
                <outcome>Fail</outcome>
                <goodwillChangeAmount>-5</goodwillChangeAmount>
                <goodwillChangeFactionOf>$asker</goodwillChangeFactionOf>
              </li>
            </nodes>
          </node>
        </li>

        <!-- Surgery violation -->
        <li Class="QuestNode_Signal">
          <inSignal>lodgers.SurgeryViolation</inSignal>
          <node Class="QuestNode_Sequence">
            <nodes>
              <li Class="QuestNode_Letter">
                <label>Unauthorized surgery: {SUBJECT_definite}</label>
                <letterDef>NegativeEvent</letterDef>
                <text>Unauthorized, violating surgery has been performed on [letterSubject]. [remainingWillNowLeave][failLetterEndingCommon]</text>
              </li>
              <li Class="QuestNode_SendSignals">
                <outSignalsFormat>raid{INDEX}/EndRaid</outSignalsFormat>
                <outSignalsFormattedCount>$raidCount</outSignalsFormattedCount>
              </li>
              <li Class="QuestNode_End">
                <outcome>Fail</outcome>
                <goodwillChangeAmount>-5</goodwillChangeAmount>
                <goodwillChangeFactionOf>$asker</goodwillChangeFactionOf>
              </li>
            </nodes>
          </node>
        </li>

        <!-- Lodger left map -->
        <li Class="QuestNode_Signal">
          <inSignal>lodgers.LeftMap</inSignal>
          <node Class="QuestNode_Sequence">
            <nodes>
              <li Class="QuestNode_Letter">
                <label>Guest lost: {SUBJECT_definite}</label>
                <letterDef>NegativeEvent</letterDef>
                <text>[letterSubject], who you were charged to protect, is gone. [remainingWillNowLeave][failLetterEndingCommon]</text>
              </li>
              <li Class="QuestNode_SendSignals">
                <outSignalsFormat>raid{INDEX}/EndRaid</outSignalsFormat>
                <outSignalsFormattedCount>$raidCount</outSignalsFormattedCount>
              </li>
              <li Class="QuestNode_End">
                <outcome>Fail</outcome>
                <goodwillChangeAmount>-5</goodwillChangeAmount>
                <goodwillChangeFactionOf>$asker</goodwillChangeFactionOf>
              </li>
            </nodes>
          </node>
        </li>

        <!-- Lodger changed faction (e.g. sold to trader) -->
        <li Class="QuestNode_AnySignal">
          <inSignals>
            <li>lodgers.ChangedFaction</li>
            <li>lodgers.ChangedHostFaction</li>
          </inSignals>
          <node Class="QuestNode_SignalFactionNonPlayer">
            <node Class="QuestNode_Sequence">
              <nodes>
                <li Class="QuestNode_Letter">
                  <label>Guest lost: {SUBJECT_definite}</label>
                  <letterDef>NegativeEvent</letterDef>
                  <text>[letterSubject], who you were charged to protect, has joined another faction. [remainingWillNowLeave][failLetterEndingCommon]</text>
                </li>
                <li Class="QuestNode_SendSignals">
                  <outSignalsFormat>raid{INDEX}/EndRaid</outSignalsFormat>
                  <outSignalsFormattedCount>$raidCount</outSignalsFormattedCount>
                </li>
                <li Class="QuestNode_End">
                  <outcome>Fail</outcome>
                  <goodwillChangeAmount>-5</goodwillChangeAmount>
                  <goodwillChangeFactionOf>$asker</goodwillChangeFactionOf>
                </li>
              </nodes>
            </node>
          </node>
        </li>

        <!-- Shuttle destroyed -->
        <li Class="QuestNode_Signal">
          <inSignal>shuttle.Destroyed</inSignal>
          <node Class="QuestNode_Sequence">
            <nodes>
              <li Class="QuestNode_Letter">
                <label>Shuttle destroyed</label>
                <letterDef>NegativeEvent</letterDef>
                <text>The shuttle sent to collect [lodgersLabelSingOrPluralDef] has been destroyed. [lodgersLabelSingOrPluralDef] will now leave on foot. [failLetterEndingCommon]</text>
              </li>
              <li Class="QuestNode_SendSignals">
                <outSignalsFormat>raid{INDEX}/EndRaid</outSignalsFormat>
                <outSignalsFormattedCount>$raidCount</outSignalsFormattedCount>
              </li>
              <li Class="QuestNode_End">
                <outcome>Fail</outcome>
                <goodwillChangeAmount>-5</goodwillChangeAmount>
                <goodwillChangeFactionOf>$asker</goodwillChangeFactionOf>
              </li>
            </nodes>
          </node>
        </li>

        <!-- Shuttle sent -->
        <li Class="QuestNode_Signal">
          <inSignal>shuttle.SentSatisfied</inSignal>
          <node Class="QuestNode_Sequence">
            <nodes>
              <li Class="QuestNode_GiveRewards">
                <parms>
                  <allowGoodwill>true</allowGoodwill>
                  <allowRoyalFavor>true</allowRoyalFavor>
                </parms>
              </li>
              <li Class="QuestNode_End">
                <outcome>Success</outcome>
                <sendStandardLetter>true</sendStandardLetter>
              </li>
            </nodes>
          </node>
        </li>
        <li Class="QuestNode_Signal">
          <inSignal>shuttle.SentUnsatisfied</inSignal>
          <node Class="QuestNode_Sequence">
            <nodes>
              <li Class="QuestNode_Letter">
                <label>Quest failed: [resolvedQuestName]</label>
                <letterDef>NegativeEvent</letterDef>
                <text>The shuttle sent to collect [lodgersLabelSingOrPluralDef] has departed. [lodgersLabelSingOrPluralDef] will now leave on foot. [failLetterEndingCommon]</text>
              </li>
              <li Class="QuestNode_End">
                <outcome>Fail</outcome>
                <goodwillChangeAmount>-5</goodwillChangeAmount>
                <goodwillChangeFactionOf>$asker</goodwillChangeFactionOf>
              </li>
            </nodes>
          </node>
        </li>
      </nodes>
    </root>
  </QuestScriptDef>


</Defs>