<?xml version="1.0" encoding="utf-8" ?>
<Defs>

  <RulePackDef>
    <defName>QuestHospitalityCommon</defName>
    <rulePack>
      <rulesStrings>
        <li>allLodgerInfo->[healthInfo] [specialSkillsInfo] [minMoodInfo]</li>

        <li>lodgersLabelSingOrPlural(lodgersCount==1)->[lodgers0_nameDef]</li>
        <li>lodgersLabelSingOrPlural(lodgersCount>=2)->[lodgersLabelPlural]</li>
        <li>lodgersLabelSingOrPluralDef(lodgersCount==1)->[lodgers0_nameDef]</li>
        <li>lodgersLabelSingOrPluralDef(lodgersCount>=2)->the [lodgersLabelPlural]</li>

        <li>healthInfo(lodgersAreDowned==true,lodgersCount==1,priority=1)->[lodgers0_nameDef] is injured and may not be able to walk.</li>
        <li>healthInfo(lodgersAreDowned==true,lodgersCount>=2,priority=1)->the [lodgersLabelPlural] are injured and may not be able to walk.</li>
        <li>healthInfo(lodgersAreSick==true,lodgersCount==1,priority=1)->[lodgers0_nameDef] is sick with [lodgersDisease_label].</li>
        <li>healthInfo(lodgersAreSick==true,lodgersCount>=2,priority=1)->the [lodgersLabelPlural] are sick with [lodgersDisease_label].</li>
        <li>healthInfo-></li>

        <li>specialSkillsInfo(lodgersSpecialRequest==ExpertFighter,lodgersCount==1,priority=1)->[lodgers0_nameDef] is an expert fighter.</li>
        <li>specialSkillsInfo(lodgersSpecialRequest==ExpertFighter,lodgersCount>=2,priority=1)->the [lodgersLabelPlural] are expert fighters.</li>
        <li>specialSkillsInfo-></li>

        <li>minMoodInfo(priority=1,lodgersCount==1)->You are required to keep [lodgers0_possessive] mood above [lodgersMoodThreshold_percent].</li>
        <li>minMoodInfo(priority=1,lodgersCount>=2)->You are required to keep the [lodgersLabelPlural]' moods above [lodgersMoodThreshold_percent].</li>
        <li>minMoodInfo-></li>

        <li>commonDescEnding->[helpersParagraph][shuttleWillComeParagraph]\n\n[mustKeepOnMapParagraph]</li>
        <li>enemyGroupsParagraph->Raids will arrive roughly once per [threatsIntervalTicks_duration]. The raids will be of similar size to this:\n\n[threatExample]</li>
        <li>shuttleWillComeParagraph(lodgersCount==1)->After [shuttleDelayTicks_duration], a shuttle will arrive to collect [lodgers0_nameDef]. If you get [lodgers0_objective] onto the shuttle alive, [allRewardsDescriptions]</li>
        <li>shuttleWillComeParagraph(lodgersCount>=2)->After [shuttleDelayTicks_duration], a shuttle will arrive to collect the [lodgersLabelPlural]. If you get them onto the shuttle alive, [allRewardsDescriptions]</li>
        <li>mustKeepOnMapParagraph(lodgersCount==1)->You must keep [lodgers0_nameDef] at [map_definite] and not send [lodgers0_objective] anywhere else.</li>
        <li>mustKeepOnMapParagraph(lodgersCount>=2)->You must keep the [lodgersLabelPlural] at [map_definite] and not send them anywhere else.</li>

        <!-- misc content -->
        <li>threatsInfoMechClustersSingleHuman->[lodgers0_nameDef] recently [mechViolation], and has been targeted by an orbiting mechanoid swarm. It will drop mechanoid combat clusters on [map_definite] as long as [lodgers0_nameDef] is present.</li>
        <li>threatsInfoMechClustersMultiPrisoners->The prisoners recently [mechViolation], and have been targeted by an orbiting mechanoid swarm. It will drop mechanoid combat clusters on [map_definite] as long as they are present.</li>
        <li>threatsInfoMechRaidsSingleHuman->[lodgers0_nameDef] recently [mechViolation], and has been targeted by a mechanoid hive. It will send mechanoid raids as long as [lodgers0_nameDef] is present.</li>
        <li>threatsInfoMechRaidsMultiHuman->They recently [mechViolation], and have been targeted by a mechanoid hive. It will send mechanoid raids as long as they are present.</li>
        <li>mechViolation->angered a machine persona somehow</li>
        <li>mechViolation->violated an ancient supercomputer terminal</li>
        <li>mechViolation->murdered a human child favored by an archotech</li>
        <li>mechViolation->attempted to hack a mechanoid control node</li>
        <li>mechViolation->attempted to steal from an ancient storage site</li>
        <li>letterSubject->{SUBJECT_definite}</li>
        <li>lodgersHasHave(lodgersCount==1)->has</li>
        <li>lodgersHasHave(lodgersCount>=2)->have</li>

        <!-- failure -->
        <li>remainingWillNowLeave(lodgersCount==1)-></li>
        <li>remainingWillNowLeave(lodgersCount>=2)->Any remaining [lodgersLabelPlural] will now leave. </li>
        <li>failLetterEndingCommon(askerIsNull==true,priority=1)->You have failed the quest '[resolvedQuestName]'.</li>
        <li>failLetterEndingCommon->You have failed the quest '[resolvedQuestName]'.\n\nYour relations with [asker_faction_name] have decreased by [goodwillPenalty].</li>

      </rulesStrings>
    </rulePack>
  </RulePackDef>

</Defs>