﻿<?xml version="1.0" encoding="utf-8" ?>
<Defs>

  <QuestScriptDef>
    <defName>Util_RandomSelectDiseaseHuman</defName>
    <root Class="QuestNode_GetHediff">
      <storeHediffAs>lodgersDisease</storeHediffAs>
      <storePartsToAffectAs>lodgersDiseasePartsToAffect</storePartsToAffectAs>
      <options>
        <li>
          <def>Flu</def>
        </li>
        <li>
          <def>Plague</def>
        </li>
        <li>
          <def>Malaria</def>
        </li>
        <li>
          <def>SleepingSickness</def>
        </li>
        <li>
          <def>FibrousMechanites</def>
        </li>
        <li>
          <def>SensoryMechanites</def>
        </li>
        <li>
          <def>GutWorms</def>
          <partsToAffect>
            <li>Stomach</li>
          </partsToAffect>
        </li>
        <li>
          <def>MuscleParasites</def>
        </li>
      </options>
    </root>
  </QuestScriptDef>

  <QuestScriptDef>
    <defName>Util_RandomSelectDiseaseAnimal</defName>
    <root Class="QuestNode_GetHediff">
      <storeHediffAs>lodgersDisease</storeHediffAs>
      <storePartsToAffectAs>lodgersDiseasePartsToAffect</storePartsToAffectAs>
      <options>
        <li>
          <def>Animal_Flu</def>
        </li>
        <li>
          <def>Animal_Plague</def>
        </li>
      </options>
    </root>
  </QuestScriptDef>

  <QuestScriptDef>
    <defName>Hospitality_Util_DecideRandomLodgerCountHuman</defName>
    <root Class="QuestNode_Sequence">
      <nodes>
        <!-- Determine max lodgers count based on points and rating -->
        <li Class="QuestNode_EvaluateSimpleCurve">
          <value>$points</value>
          <roundRandom>true</roundRandom>
          <storeAs>lodgersCountMax</storeAs>
          <curve>
            <points>
              <li>(200, 4)</li>
              <li>(1000, 8)</li>
              <li>(2000, 12)</li>
              <li>(4000, 20)</li>
            </points>
          </curve>
        </li>
        <li Class="QuestNode_Equal">
          <value1>$challengeRating</value1>
          <value2>1</value2>
          <compareAs>int</compareAs>
          <node Class="QuestNode_Clamp">
            <value>$lodgersCountMax</value>
            <storeAs>lodgersCountMax</storeAs>
            <max>6</max>
          </node>
        </li>
        <li Class="QuestNode_Equal">
          <value1>$challengeRating</value1>
          <value2>2</value2>
          <compareAs>int</compareAs>
          <node Class="QuestNode_Clamp">
            <value>$lodgersCountMax</value>
            <storeAs>lodgersCountMax</storeAs>
            <max>10</max>
          </node>
        </li>
        <li Class="QuestNode_Equal">
          <value1>$challengeRating</value1>
          <value2>3</value2>
          <compareAs>int</compareAs>
          <node Class="QuestNode_Clamp">
            <value>$lodgersCountMax</value>
            <storeAs>lodgersCountMax</storeAs>
            <max>20</max>
          </node>
        </li>

        <!-- Make a random lodgers count and clamp it to the max -->
        <li Class="QuestNode_GetRandomByCurve">
          <storeAs>lodgersCount</storeAs>
          <roundRandom>true</roundRandom>
          <min>1</min>
          <curve>
            <points>
              <li>(0, 0)</li>
              <li>(1, 7)</li>
              <li>(2, 1)</li>
              <li>(5, 0.75)</li>
              <li>(10, 0.3)</li>
              <li>(20, 0)</li>
            </points>
          </curve>
        </li>
        <li Class="QuestNode_Clamp">
          <value>$lodgersCount</value>
          <storeAs>lodgersCount</storeAs>
          <min>1</min>
          <max>$lodgersCountMax</max>
        </li>
      </nodes>
    </root>
  </QuestScriptDef>

  <QuestScriptDef>
    <defName>Hospitality_Util_AddHealthConditions</defName>
    <root Class="QuestNode_Chance">
      <chance>0.5</chance>
      <!-- Downed -->
      <node Class="QuestNode_Sequence">
        <nodes>
          <li Class="QuestNode_DamageUntilDowned">
            <pawns>$lodgers</pawns>
            <allowBleedingWounds>false</allowBleedingWounds>
          </li>
          <li Class="QuestNode_Set">
            <name>lodgersAreDowned</name>
            <value>true</value>
          </li>
        </nodes>
      </node>
      <!-- Sick -->
      <elseNode Class="QuestNode_Sequence">
        <nodes>
          <li Class="QuestNode_AddHediff">
            <pawns>$lodgers</pawns>
            <hediffDef>$lodgersDisease</hediffDef>
            <partsToAffect>$lodgersDiseasePartsToAffect</partsToAffect>
            <checkDiseaseContractChance>true</checkDiseaseContractChance>
          </li>
          <li Class="QuestNode_Set">
            <name>lodgersAreSick</name>
            <value>true</value>
          </li>
        </nodes>
      </elseNode>
    </root>
  </QuestScriptDef>

</Defs>