﻿<?xml version="1.0" encoding="utf-8" ?>
<Defs>

  <!-- ============================== Big threats ==============================-->
  
  <IncidentDef>
    <defName>RaidEnemy</defName>
    <label>enemy raid</label>
    <targetTags>
      <li>Map_PlayerHome</li>
    </targetTags>
    <workerClass>IncidentWorker_RaidEnemy</workerClass>
    <baseChance>7.4</baseChance>
    <category>ThreatBig</category>
    <pointsScaleable>true</pointsScaleable>
    <tale>Raid</tale>
  </IncidentDef>

  <IncidentDef>
    <defName>Infestation</defName>
    <label>infestation</label>
    <targetTags>
      <li>Map_PlayerHome</li>
    </targetTags>
    <workerClass>IncidentWorker_Infestation</workerClass>
    <letterLabel>Infestation</letterLabel>
    <letterText>Giant insects are tunneling towards you! They will break through in a few seconds and plant hives.\n\nThe hives will spawn more insects and more hives.\n\nIf you don't want the insects to infest the whole area, destroy the hives. But beware - the bugs will defend their home.</letterText>
    <letterDef>ThreatBig</letterDef>
    <baseChance>2.7</baseChance>
    <minRefireDays>20</minRefireDays>
    <category>ThreatBig</category>
    <pointsScaleable>true</pointsScaleable>
    <minThreatPoints>400</minThreatPoints>
    <tale>Infestation</tale>
  </IncidentDef>

  <IncidentDef>
    <defName>DeepDrillInfestation</defName>
    <label>deep drill infestation</label>
    <targetTags>
      <li>Map_PlayerHome</li>
      <li>Map_TempIncident</li>
      <li>Map_Misc</li>
      <li>Map_RaidBeacon</li>
    </targetTags>
    <workerClass>IncidentWorker_DeepDrillInfestation</workerClass>
    <letterLabel>Too deep: Infestation</letterLabel>
    <letterText>Vibrations from your deep drills have angered some underground insects. Now they're tunneling upwards to seek revenge!\n\nBeware - the insects have been angered and will try to destroy your base.</letterText>
    <letterDef>ThreatBig</letterDef>
    <baseChance>1</baseChance>
    <category>DeepDrillInfestation</category>
    <pointsScaleable>true</pointsScaleable>
    <tale>Infestation</tale>
  </IncidentDef>

  <IncidentDef>
    <defName>ManhunterPack</defName>
    <label>manhunter pack</label>
    <targetTags>
      <li>Map_PlayerHome</li>
    </targetTags>
    <workerClass>IncidentWorker_ManhunterPack</workerClass>
    <baseChance>2.0</baseChance>
    <category>ThreatBig</category>
    <minRefireDays>8</minRefireDays>
    <pointsScaleable>true</pointsScaleable>
    <tale>ManhunterPack</tale>
  </IncidentDef>

  <IncidentDef>
    <defName>DefoliatorShipPartCrash</defName>
    <label>ship part crash (defoliator)</label>
    <targetTags>
      <li>Map_PlayerHome</li>
    </targetTags>
    <workerClass>IncidentWorker_CrashedShipPart</workerClass>
    <letterLabel>Defoliator ship</letterLabel>
    <letterText>A large piece of an ancient ship has crashed nearby.\n\nIts mysterious influence will kill all plants in an expanding circle around itself.\n\nDestroy it as soon as possible. But beware - it will probably defend itself.</letterText>
    <letterDef>ThreatSmall</letterDef>
    <baseChance>2.0</baseChance>
    <baseChanceWithRoyalty>0.4</baseChanceWithRoyalty>
    <minRefireDays>15</minRefireDays>
    <tags>
      <li>MechanoidShip</li>
    </tags>
    <refireCheckTags>
      <li>MechanoidShip</li>
    </refireCheckTags>
    <category>ThreatBig</category>
    <pointsScaleable>true</pointsScaleable>
    <minThreatPoints>400</minThreatPoints>
    <mechClusterBuilding>DefoliatorShipPart</mechClusterBuilding>
    <tale>ShipPartCrash</tale>
  </IncidentDef>

  <IncidentDef>
    <defName>PsychicEmanatorShipPartCrash</defName>
    <label>ship part crash (psychic)</label>
    <targetTags>
      <li>Map_PlayerHome</li>
    </targetTags>
    <workerClass>IncidentWorker_CrashedShipPart</workerClass>
    <letterLabel>Psychic ship</letterLabel>
    <letterText>A large piece of an ancient ship has crashed nearby.\n\nYour colonists can feel it in the back of their mind, exhorting unspeakable acts. It must have an onboard machine persona with psychic projection ability. And this persona is not friendly.\n\nDestroy it as soon as possible. But beware - it will probably defend itself.</letterText>
    <letterDef>ThreatSmall</letterDef>
    <baseChance>2.0</baseChance>
    <baseChanceWithRoyalty>0.4</baseChanceWithRoyalty>
    <minRefireDays>15</minRefireDays>
    <tags>
      <li>MechanoidShip</li>
    </tags>
    <refireCheckTags>
      <li>MechanoidShip</li>
    </refireCheckTags>
    <category>ThreatBig</category>
    <pointsScaleable>true</pointsScaleable>
    <minThreatPoints>400</minThreatPoints>
    <mechClusterBuilding>PsychicDronerShipPart</mechClusterBuilding>
    <tale>ShipPartCrash</tale>
  </IncidentDef>
  
  <IncidentDef>
    <defName>AnimalInsanityMass</defName>
    <label>mass animal insanity</label>
    <targetTags>
      <li>Map_PlayerHome</li>
    </targetTags>
    <workerClass>IncidentWorker_AnimalInsanityMass</workerClass>
    <baseChance>1.3</baseChance>
    <minRefireDays>1</minRefireDays>
    <category>ThreatBig</category>
    <pointsScaleable>true</pointsScaleable>
  </IncidentDef>


  <IncidentDef>
    <defName>MechCluster</defName>
    <label>mech cluster</label>
    <targetTags>
      <li>Map_PlayerHome</li>
    </targetTags>
    <workerClass>IncidentWorker_MechCluster</workerClass>
    <letterLabel>Mechanoid cluster</letterLabel>
    <letterText>A mechanoid combat cluster is landing nearby. The cluster will be initially dormant, so you can take time to decide how to attack it.\n\nIt may remain dormant until disturbed, or it may have a timer or proximity activators.\n\nEven dormant mech clusters aren't harmless. A dormant cluster may assemble mechanoid attackers from time to time, or have some broader negative effect that must be dealt with eventually.</letterText>
    <letterDef>ThreatBig</letterDef>
    <baseChance>0.0</baseChance>
    <baseChanceWithRoyalty>1.2</baseChanceWithRoyalty>
    <minThreatPoints>500</minThreatPoints>
    <pointsScaleable>true</pointsScaleable>
    <category>ThreatBig</category>
  </IncidentDef>

  <!-- ============================== Small threats ==============================-->

  <IncidentDef>
    <defName>AnimalInsanitySingle</defName>
    <label>single animal insanity</label>
    <targetTags>
      <li>Map_PlayerHome</li>
    </targetTags>
    <workerClass>IncidentWorker_AnimalInsanitySingle</workerClass>
    <baseChance>5</baseChance>
    <minRefireDays>2</minRefireDays>
    <category>ThreatSmall</category>
  </IncidentDef>

</Defs>
