﻿<?xml version="1.0" encoding="utf-8" ?>
<Defs>

  <!-- =========================== Good ============================-->

  <IncidentDef>
    <defName>ResourcePodCrash</defName>
    <label>resource pod crash</label>
    <category>Misc</category>
    <targetTags>
      <li>Map_PlayerHome</li>
    </targetTags>
    <workerClass>IncidentWorker_ResourcePodCrash</workerClass>
    <baseChance>1.8</baseChance>
  </IncidentDef>

  <IncidentDef>
    <defName>PsychicSoothe</defName>
    <label>psychic soothe</label>
    <category>Misc</category>
    <targetTags>
      <li>Map_PlayerHome</li>
    </targetTags>
    <workerClass>IncidentWorker_PsychicSoothe</workerClass>
    <baseChance>1.0</baseChance>
    <minRefireDays>15</minRefireDays>
    <durationDays>1.5~3.0</durationDays>
  </IncidentDef>

  <IncidentDef>
    <defName>SelfTame</defName>
    <label>self-tame</label>
    <category>Misc</category>
    <targetTags>
      <li>Map_PlayerHome</li>
    </targetTags>
    <workerClass>IncidentWorker_SelfTame</workerClass>
    <baseChance>0.75</baseChance>
    <requireColonistsPresent>true</requireColonistsPresent>
  </IncidentDef>

  <IncidentDef>
    <defName>AmbrosiaSprout</defName>
    <label>ambrosia sprout</label>
    <category>Misc</category>
    <targetTags>
      <li>Map_PlayerHome</li>
    </targetTags>
    <workerClass>IncidentWorker_AmbrosiaSprout</workerClass>
    <baseChance>0.35</baseChance>
    <letterLabel>Ambrosia sprout</letterLabel>
    <letterText>A grove of the mysterious ambrosia bush has sprouted nearby! If you wait for the plants to grow, you'll be able to harvest the delicious, pleasurable, and slightly addictive fruit.</letterText>
    <letterDef>PositiveEvent</letterDef>
    <allowedBiomes>
      <li>TropicalRainforest</li>
      <li>TropicalSwamp</li>
      <li>TemperateForest</li>
      <li>TemperateSwamp</li>
      <li>BorealForest</li>
      <li>AridShrubland</li>
    </allowedBiomes>
  </IncidentDef>

  <IncidentDef>
    <defName>FarmAnimalsWanderIn</defName>
    <label>farm animals wander in</label>
    <category>Misc</category>
    <targetTags>
      <li>Map_PlayerHome</li>
    </targetTags>
    <workerClass>IncidentWorker_FarmAnimalsWanderIn</workerClass>
    <baseChance>0.25</baseChance>
  </IncidentDef>

  <IncidentDef>
    <defName>WandererJoin</defName>
    <label>wanderer join</label>
    <category>Misc</category>
    <targetTags>
      <li>Map_PlayerHome</li>
    </targetTags>
    <workerClass>IncidentWorker_WandererJoin</workerClass>
    <letterLabel>Wanderer joins: {PAWN_nameDef}</letterLabel>
    <letterText>A {PAWN_title} named {PAWN_nameDef} has arrived and is joining the colony.\n\n[PAWN_pronoun] is willing to contribute, but will not leave voluntarily. If you don't want {PAWN_nameDef}, you can banish {PAWN_objective}, sell {PAWN_objective} into slavery, or simply kill {PAWN_objective}. However, your other colonists may find this disturbing.</letterText>
    <baseChance>0.4</baseChance>
    <pawnKind>Villager</pawnKind>
    <populationEffect>IncreaseEasy</populationEffect>
  </IncidentDef>

  <IncidentDef>
    <defName>RefugeePodCrash</defName>
    <label>transport pod crash</label>
    <category>Misc</category>
    <targetTags>
      <li>Map_PlayerHome</li>
    </targetTags>
    <workerClass>IncidentWorker_TransportPodCrash</workerClass>
    <baseChance>1.5</baseChance>
    <populationEffect>IncreaseMedium</populationEffect>
    <requireColonistsPresent>True</requireColonistsPresent>
  </IncidentDef>

  <!-- =========================== Neutral ============================-->
  
  <IncidentDef>
    <defName>ThrumboPasses</defName>
    <label>thrumbos pass</label>
    <category>Misc</category>
    <targetTags>
      <li>Map_PlayerHome</li>
    </targetTags>
    <workerClass>IncidentWorker_ThrumboPasses</workerClass>
    <baseChance>0.7</baseChance>
    <minRefireDays>13</minRefireDays>
  </IncidentDef>
  
  <IncidentDef>
    <defName>RansomDemand</defName>
    <label>ransom demand</label>
    <category>Misc</category>
    <targetTags>
      <li>Map_PlayerHome</li>
    </targetTags>
    <workerClass>IncidentWorker_RansomDemand</workerClass>
    <baseChance>2</baseChance>
    <populationEffect>IncreaseHard</populationEffect>
    <letterLabel>Ransom demand</letterLabel>
    <letterDef>RansomDemand</letterDef>
  </IncidentDef>

  <IncidentDef>
    <defName>MeteoriteImpact</defName>
    <label>meteorite impact</label>
    <category>Misc</category>
    <targetTags>
      <li>Map_PlayerHome</li>
    </targetTags>
    <workerClass>IncidentWorker_MeteoriteImpact</workerClass>
    <baseChance>0.6</baseChance>
    <letterLabel>Meteorite</letterLabel>
    <letterText>A large meteorite has struck ground in the area. It has left behind a lump of {0}.</letterText>
      <tale>MeteoriteImpact</tale>
  </IncidentDef>

  <IncidentDef>
    <defName>HerdMigration</defName>
    <label>herd migration</label>
    <category>Misc</category>
    <targetTags>
      <li>Map_PlayerHome</li>
    </targetTags>
    <allowedBiomes>
      <li>SeaIce</li>
      <li>IceSheet</li>
      <li>Tundra</li>
      <li>Desert</li>
      <li>ExtremeDesert</li>
    </allowedBiomes>
    <workerClass>IncidentWorker_HerdMigration</workerClass>
    <baseChance>0.8</baseChance>
    <letterLabel>Animal migration: {0}</letterLabel>
    <letterText>A group of {0} is passing through the area.\n\nThey won't attack unless provoked.</letterText>
    <letterDef>NeutralEvent</letterDef>
  </IncidentDef>
  
  <IncidentDef>
    <defName>WildManWandersIn</defName>
    <label>wild man wanders in</label>
    <category>Misc</category>
    <targetTags>
      <li>Map_PlayerHome</li>
    </targetTags>
    <workerClass>IncidentWorker_WildManWandersIn</workerClass>
    <baseChance>0.70</baseChance>
    <populationEffect>IncreaseMedium</populationEffect>
    <letterLabel>{PAWN_kind} wanders in</letterLabel>
    <letterText>A person living among wild animals has wandered into the area. {PAWN_pronoun}'s called {0}.\n\nYou can attempt to tame or arrest {PAWN_objective}.</letterText>
    <letterDef>NeutralEvent</letterDef>
  </IncidentDef>

  <!--========================== Bad ===============================-->

  <IncidentDef>
    <defName>PsychicDrone</defName>
    <label>psychic drone</label>
    <category>Misc</category>
    <targetTags>
      <li>Map_PlayerHome</li>
    </targetTags>
    <workerClass>IncidentWorker_PsychicDrone</workerClass>
    <gameCondition>PsychicDrone</gameCondition>
    <baseChance>1.0</baseChance>
    <minRefireDays>15</minRefireDays>
    <durationDays>0.75~1.75</durationDays>
  </IncidentDef>

  <IncidentDef>
    <defName>ToxicFallout</defName>
    <label>toxic fallout</label>
    <category>Misc</category>
    <targetTags>
      <li>Map_PlayerHome</li>
    </targetTags>
    <workerClass>IncidentWorker_MakeGameCondition</workerClass>
    <gameCondition>ToxicFallout</gameCondition>
    <letterLabel>Toxic fallout</letterLabel>
    <letterDef>ThreatSmall</letterDef>
    <baseChance>0.15</baseChance>
    <earliestDay>20</earliestDay>
    <minRefireDays>90</minRefireDays>
    <minDifficulty>2</minDifficulty>
    <durationDays>2.5~10.5</durationDays>
    <tale>ToxicFallout</tale>
  </IncidentDef>

  <IncidentDef>
    <defName>VolcanicWinter</defName>
    <label>volcanic winter</label>
    <category>Misc</category>
    <targetTags>
      <li>Map_PlayerHome</li>
    </targetTags>
    <workerClass>IncidentWorker_MakeGameCondition</workerClass>
    <gameCondition>VolcanicWinter</gameCondition>
    <letterLabel>Volcanic winter</letterLabel>
    <letterDef>ThreatSmall</letterDef>
    <baseChance>0.08</baseChance>
    <earliestDay>30</earliestDay>
    <minRefireDays>140</minRefireDays>
    <minDifficulty>2</minDifficulty>
    <durationDays>7.5~40</durationDays>
    <tale>VolcanicWinter</tale>
  </IncidentDef>

  <IncidentDef>
    <defName>HeatWave</defName>
    <label>heat wave</label>
    <category>Misc</category>
    <targetTags>
      <li>Map_PlayerHome</li>
    </targetTags>
    <workerClass>IncidentWorker_HeatWave</workerClass>
    <gameCondition>HeatWave</gameCondition>
    <letterLabel>Heat wave</letterLabel>
    <letterDef>ThreatSmall</letterDef>
    <baseChance>3</baseChance>
    <minRefireDays>30</minRefireDays>
    <durationDays>1.5~3.5</durationDays>
  </IncidentDef>

  <IncidentDef>
    <defName>ColdSnap</defName>
    <label>cold snap</label>
    <category>Misc</category>
        <targetTags>
      <li>Map_PlayerHome</li>
    </targetTags>
    <workerClass>IncidentWorker_ColdSnap</workerClass>
    <gameCondition>ColdSnap</gameCondition>
    <letterLabel>Cold snap</letterLabel>
    <letterDef>ThreatSmall</letterDef>
    <baseChance>2</baseChance>
    <minRefireDays>30</minRefireDays>
    <durationDays>1.5~3.5</durationDays>
  </IncidentDef>

  <IncidentDef>
    <defName>Flashstorm</defName>
    <label>flashstorm</label>
    <category>Misc</category>
    <targetTags>
      <li>Map_PlayerHome</li>
    </targetTags>
    <workerClass>IncidentWorker_Flashstorm</workerClass>
    <letterLabel>Flashstorm</letterLabel>
    <letterDef>ThreatSmall</letterDef>
    <baseChance>0.3</baseChance>
    <minRefireDays>15</minRefireDays>
    <minDifficulty>2</minDifficulty>
    <durationDays>0.075~0.1</durationDays>
    <tale>Flashstorm</tale>
  </IncidentDef>

  <IncidentDef>
    <defName>ShortCircuit</defName>
    <label>short circuit</label>
    <category>Misc</category>
    <targetTags>
      <li>Map_PlayerHome</li>
    </targetTags>
    <workerClass>IncidentWorker_ShortCircuit</workerClass>
    <baseChance>1.2</baseChance>
    <minRefireDays>8</minRefireDays>
  </IncidentDef>

  <IncidentDef>
    <defName>CropBlight</defName>
    <label>crop blight</label>
    <category>Misc</category>
    <targetTags>
      <li>Map_PlayerHome</li>
    </targetTags>
    <workerClass>IncidentWorker_CropBlight</workerClass>
    <baseChance>0.30</baseChance>
    <minRefireDays>30</minRefireDays>
    <pointsScaleable>true</pointsScaleable>
  </IncidentDef>

  <IncidentDef>
    <defName>Alphabeavers</defName>
    <label>alphabeavers</label>
    <category>Misc</category>
    <allowedBiomes>
      <li>Tundra</li>
      <li>AridShrubland</li>
    </allowedBiomes>
    <targetTags>
      <li>Map_PlayerHome</li>
    </targetTags>
    <workerClass>IncidentWorker_Alphabeavers</workerClass>
    <baseChance>0.30</baseChance>
    <minRefireDays>30</minRefireDays>
  </IncidentDef>

</Defs>