﻿<?xml version="1.0" encoding="utf-8" ?>
<Defs>

  <EffecterDef>
    <defName>Vomit</defName>
    <children>
      <li>
        <subEffecterClass>SubEffecter_SprayerContinuous</subEffecterClass>
        <scale>0.5~0.7</scale>
        <ticksBetweenMotes>20</ticksBetweenMotes>
        <positionLerpFactor>0.35</positionLerpFactor>
        <positionRadius>0.2</positionRadius>
        <moteDef>Mote_VomitBit</moteDef>
      </li>
    </children>
  </EffecterDef>

  <EffecterDef>
    <defName>ExtinguisherExplosion</defName>
    <children>
      <li>
        <subEffecterClass>SubEffecter_SprayerTriggered</subEffecterClass>
        <positionRadius>0.2</positionRadius>
        <moteDef>Mote_ExtinguisherPuff</moteDef>
        <burstCount>10~15</burstCount>
        <speed>4.8~8.4</speed>
        <scale>4~5</scale>
      </li>
    </children>
  </EffecterDef>

  <ThingDef ParentName="MoteBase">
    <defName>Mote_ExtinguisherPuff</defName>
    <altitudeLayer>MoteOverhead</altitudeLayer>
    <mote>
      <fadeInTime>0.25</fadeInTime>
      <solidTime>0.55</solidTime>
      <fadeOutTime>1.65</fadeOutTime>
      <growthRate>0.07</growthRate>
      <collide>true</collide>
      <speedPerTime>-0.12</speedPerTime>
    </mote>
    <graphicData>
      <texPath>Things/Mote/Smoke</texPath>
    </graphicData>
  </ThingDef>

  <EffecterDef>
    <defName>PlayPoker</defName>
    <children>
      <li>
        <subEffecterClass>SubEffecter_InteractSymbol</subEffecterClass>
        <moteDef>Mote_Cards</moteDef>
      </li>
      <li>
        <subEffecterClass>SubEffecter_SoundIntermittent</subEffecterClass>
        <soundDef>PokerChips</soundDef>
        <intermittentSoundInterval><min>750</min><max>4300</max></intermittentSoundInterval>
      </li>
    </children>
  </EffecterDef>

  <EffecterDef>
    <defName>GiantExplosion</defName>
    <children>
      <li>
        <subEffecterClass>SubEffecter_SprayerTriggered</subEffecterClass>
        <moteDef>Mote_GiantExplosion</moteDef>
        <scale>1~1</scale>
      </li>
      <li>
        <subEffecterClass>SubEffecter_SprayerTriggered</subEffecterClass>
        <moteDef>Mote_GiantExplosionInner</moteDef>
        <scale>5~5</scale>
      </li>
    </children>
  </EffecterDef>
  
  <EffecterDef>
    <defName>BulletShieldGenerator_Reactivate</defName>
    <children>
      <li>
        <subEffecterClass>SubEffecter_SoundTriggered</subEffecterClass>
        <soundDef>BulletShieldGenerator_Reactivate</soundDef>
        <spawnLocType>OnSource</spawnLocType>
      </li>
      <li>
        <subEffecterClass>SubEffecter_SprayerTriggered</subEffecterClass>
        <moteDef>Mote_GrowingFlash</moteDef>
        <burstCount>1~1</burstCount>
        <scale>0~0</scale>
        <spawnLocType>OnSource</spawnLocType>
      </li>
    </children>
  </EffecterDef>

  <EffecterDef>
    <defName>MortarShieldGenerator_Reactivate</defName>
    <children>
      <li>
        <subEffecterClass>SubEffecter_SoundTriggered</subEffecterClass>
        <soundDef>MortarShieldGenerator_Reactivate</soundDef>
        <spawnLocType>OnSource</spawnLocType>
      </li>
      <li>
        <subEffecterClass>SubEffecter_SprayerTriggered</subEffecterClass>
        <moteDef>Mote_GrowingFlash</moteDef>
        <burstCount>1~1</burstCount>
        <scale>0~0</scale>
        <spawnLocType>OnSource</spawnLocType>
      </li>
    </children>
  </EffecterDef>

  <EffecterDef>
    <defName>DisabledByEMP</defName>
    <children>
      <li>
        <subEffecterClass>SubEffecter_SprayerTriggered</subEffecterClass>
        <moteDef>Mote_GrowingFlash</moteDef>
        <burstCount>1~1</burstCount>
        <scale>5~5</scale>
        <spawnLocType>OnSource</spawnLocType>
      </li>
      <li>
        <subEffecterClass>SubEffecter_SprayerChance</subEffecterClass>
        <moteDef>Mote_BlastEMP</moteDef>
        <scale>0.6~1</scale>
        <spawnLocType>RandomCellOnTarget</spawnLocType>
        <burstCount>1~1</burstCount>
        <chancePerTick>0.052</chancePerTick>
        <positionRadius>0.25</positionRadius>
      </li>
      <li>
        <subEffecterClass>SubEffecter_SprayerContinuous</subEffecterClass>
        <moteDef>Mote_Smoke</moteDef>
        <ticksBetweenMotes>30</ticksBetweenMotes>
        <scale>0.6~1.1</scale>
        <spawnLocType>OnSource</spawnLocType>
        <absoluteAngle>true</absoluteAngle>
        <angle>30~70</angle>
        <speed>0.2~0.35</speed>
      </li>
    </children>
  </EffecterDef>

</Defs>
