﻿<?xml version="1.0" encoding="utf-8" ?>
<Defs>

  <RecipeDef Name="MakeStoneBlocksBase" Abstract="True">
    <jobString>Cutting stone blocks from chunk.</jobString>
    <workAmount>1600</workAmount>
    <workSpeedStat>GeneralLaborSpeed</workSpeedStat>
    <effectWorking>CutStone</effectWorking>
    <soundWorking>Recipe_MakeStoneBlocks</soundWorking>
    <targetCountAdjustment>20</targetCountAdjustment>
    <recipeUsers>
      <li>TableStonecutter</li>
    </recipeUsers>
  </RecipeDef>

  <RecipeDef ParentName="MakeStoneBlocksBase">
    <defName>Make_StoneBlocksAny</defName>
    <label>make any stone blocks</label>
    <description>Cut rock chunks into usable stone blocks.</description>
    <workerCounterClass>RecipeWorkerCounter_MakeStoneBlocks</workerCounterClass>
    <ingredients>
      <li>
        <filter>
          <categories>
            <li>StoneChunks</li>
          </categories>
        </filter>
        <count>1</count>
      </li>
    </ingredients>
    <fixedIngredientFilter>
      <categories>
        <li>StoneChunks</li>
      </categories>
    </fixedIngredientFilter>
    <specialProducts>
      <li>Butchery</li>
    </specialProducts>
  </RecipeDef>

  <RecipeDef>
    <defName>ExtractMetalFromSlag</defName>
    <label>smelt metal from slag</label>
    <description>Use heat and strong electromagnets to extract useful metal from slag chunks.</description>
    <jobString>Smelting metal from slag.</jobString>
    <workAmount>1600</workAmount>
    <workSpeedStat>SmeltingSpeed</workSpeedStat>
    <effectWorking>Smelt</effectWorking>
    <soundWorking>Recipe_Smelt</soundWorking>
    <ingredients>
      <li>
        <filter>
          <thingDefs>
            <li>ChunkSlagSteel</li>
          </thingDefs>
        </filter>
        <count>1</count>
      </li>
    </ingredients>
    <!-- Switched to standard products so we can do "do until you have X"
    <specialProducts>
      <li>Smelted</li>
    </specialProducts>-->
    <products>
      <Steel>20</Steel>
    </products>
    <fixedIngredientFilter>
      <thingDefs>
        <li>ChunkSlagSteel</li>
      </thingDefs>
    </fixedIngredientFilter>
  </RecipeDef>

  <RecipeDef>
    <defName>SmeltWeapon</defName>
    <label>smelt weapon</label>
    <description>Use heat and strong electromagnets to break down weapons into useful resources.</description>
    <jobString>Smelting weapon.</jobString>
    <workAmount>1600</workAmount>
    <workSpeedStat>SmeltingSpeed</workSpeedStat>
    <effectWorking>Smelt</effectWorking>
    <soundWorking>Recipe_Smelt</soundWorking>
    <specialProducts>
      <li>Smelted</li>
    </specialProducts>
    <ingredients>
      <li>
        <filter>
          <categories>
            <li>Weapons</li>
          </categories>
        </filter>
        <count>1</count>
      </li>
    </ingredients>
    <fixedIngredientFilter>
      <categories>
        <li>Weapons</li>
      </categories>
      <specialFiltersToDisallow>
        <li>AllowNonSmeltableWeapons</li>
      </specialFiltersToDisallow>
    </fixedIngredientFilter>
    <forceHiddenSpecialFilters>
      <li>AllowSmeltable</li>
      <li>AllowBurnableWeapons</li>
      <li>AllowNonBurnableWeapons</li>
    </forceHiddenSpecialFilters>
  </RecipeDef>

  <RecipeDef>
    <defName>SmeltApparel</defName>
    <label>smelt apparel</label>
    <description>Use heat and strong electromagnets to break down metallic apparel like armor into useful resources.</description>
    <jobString>Smelting apparel.</jobString>
    <workAmount>1600</workAmount>
    <workSpeedStat>SmeltingSpeed</workSpeedStat>
    <effectWorking>Smelt</effectWorking>
    <soundWorking>Recipe_Smelt</soundWorking>
    <specialProducts>
      <li>Smelted</li>
    </specialProducts>
    <ingredients>
      <li>
        <filter>
          <categories>
            <li>Apparel</li>
          </categories>
        </filter>
        <count>1</count>
      </li>
    </ingredients>
    <fixedIngredientFilter>
      <categories>
        <li>Apparel</li>
      </categories>
      <specialFiltersToDisallow>
        <li>AllowNonSmeltableApparel</li>
      </specialFiltersToDisallow>
    </fixedIngredientFilter>
    <forceHiddenSpecialFilters>
      <li>AllowSmeltableApparel</li>
      <li>AllowBurnableApparel</li>
      <li>AllowNonBurnableApparel</li>
    </forceHiddenSpecialFilters>
  </RecipeDef>

  <RecipeDef>
    <defName>DestroyWeapon</defName>
    <label>destroy weapon</label>
    <description>Use heat to destroy unwanted weapons. This process is faster than smelting, and works on non-smeltable items, but yields no resources.</description>
    <jobString>Destroying weapon.</jobString>
    <workAmount>400</workAmount>
    <workSpeedStat>SmeltingSpeed</workSpeedStat>
    <effectWorking>Smelt</effectWorking>
    <soundWorking>Recipe_Smelt</soundWorking>
    <ingredients>
      <li>
        <filter>
          <categories>
            <li>Weapons</li>
          </categories>
        </filter>
        <count>1</count>
      </li>
    </ingredients>
    <fixedIngredientFilter>
      <categories>
        <li>Weapons</li>
      </categories>
    </fixedIngredientFilter>
    <defaultIngredientFilter>
      <categories>
        <li>Weapons</li>
      </categories>
      <disallowedThingDefs>
        <li>Gun_DoomsdayRocket</li>
        <li>Gun_TripleRocket</li>
        <li>OrbitalTargeterPowerBeam</li>
        <li>OrbitalTargeterBombardment</li>
        <li>TornadoGenerator</li>
      </disallowedThingDefs>
    </defaultIngredientFilter>
  </RecipeDef>

  <RecipeDef>
    <defName>DestroyApparel</defName>
    <label>destroy apparel</label>
    <description>Use heat to destroy unwanted apparels. This process is faster than smelting, and works on non-smeltable items, but yields no resources.</description>
    <jobString>Destroying apparel.</jobString>
    <workAmount>400</workAmount>
    <workSpeedStat>SmeltingSpeed</workSpeedStat>
    <effectWorking>Smelt</effectWorking>
    <soundWorking>Recipe_Smelt</soundWorking>
    <ingredients>
      <li>
        <filter>
          <categories>
            <li>Apparel</li>
          </categories>
        </filter>
        <count>1</count>
      </li>
    </ingredients>
    <fixedIngredientFilter>
      <categories>
        <li>Apparel</li>
      </categories>
    </fixedIngredientFilter>
    <defaultIngredientFilter>
      <categories>
        <li>Apparel</li>
      </categories>
    </defaultIngredientFilter>
  </RecipeDef>
  
  <RecipeDef>
    <defName>Make_ChemfuelFromWood</defName>
    <label>make chemfuel from wood</label>
    <description>Make a batch of chemfuel by extracting and condensing wood gas from logs.</description>
    <jobString>Refining chemfuel from wood.</jobString>
    <effectWorking>Cremate</effectWorking>
    <soundWorking>Recipe_Cremate</soundWorking>
    <workAmount>2000</workAmount>
    <workSpeedStat>GeneralLaborSpeed</workSpeedStat>
    <ingredients>
      <li>
        <filter>
          <thingDefs>
            <li>WoodLog</li>
          </thingDefs>
        </filter>
        <count>70</count>
      </li>
    </ingredients>
    <fixedIngredientFilter>
      <thingDefs>
        <li>WoodLog</li>
      </thingDefs>
    </fixedIngredientFilter>
    <products>
      <Chemfuel>35</Chemfuel>
    </products>
  </RecipeDef>

  <RecipeDef>
    <defName>Make_ChemfuelFromOrganics</defName>
    <label>make chemfuel from organics</label>
    <description>Make a batch of chemfuel by extracting biofuel from organic feedstocks.</description>
    <jobString>Refining chemfuel from organics.</jobString>
    <effectWorking>Cremate</effectWorking>
    <soundWorking>Recipe_Cremate</soundWorking>
    <workAmount>2500</workAmount>
    <workSpeedStat>GeneralLaborSpeed</workSpeedStat>
    <allowMixingIngredients>true</allowMixingIngredients>
    <ingredientValueGetterClass>IngredientValueGetter_Nutrition</ingredientValueGetterClass>
    <ingredients>
      <li>
        <filter>
          <categories>
            <li>Foods</li>
            <li>PlantMatter</li>
          </categories>
          <disallowedThingDefs>
            <li>Hay</li>
          </disallowedThingDefs>
          <disallowedCategories>
            <li>FoodMeals</li>
          </disallowedCategories>
        </filter>
        <count>3.5</count>
      </li>
    </ingredients>
    <fixedIngredientFilter>
      <categories>
        <li>Foods</li>
        <li>PlantMatter</li>
      </categories>
      <disallowedThingDefs>
        <li>Hay</li>
      </disallowedThingDefs>
      <disallowedCategories>
        <li>FoodMeals</li>
      </disallowedCategories>
    </fixedIngredientFilter>
    <defaultIngredientFilter>
      <categories>
        <li>FoodRaw</li>
      </categories>
      <disallowedCategories>
        <li>MeatRaw</li>
        <li>AnimalProductRaw</li>
      </disallowedCategories>
    </defaultIngredientFilter>
    <products>
      <Chemfuel>35</Chemfuel>
    </products>
  </RecipeDef>
  
  <RecipeDef>
    <defName>Make_ComponentIndustrial</defName>
    <label>make component</label>
    <description>Make a component.</description>
    <jobString>Making component.</jobString>
    <workSpeedStat>GeneralLaborSpeed</workSpeedStat>
    <effectWorking>Cook</effectWorking>
    <soundWorking>Recipe_Machining</soundWorking>
    <workAmount>5000</workAmount>
    <unfinishedThingDef>UnfinishedComponent</unfinishedThingDef>
    <ingredients>
      <li>
        <filter>
          <thingDefs>
            <li>Steel</li>
          </thingDefs>
        </filter>
        <count>12</count>
      </li>
    </ingredients>
    <fixedIngredientFilter>
      <thingDefs>
        <li>Steel</li>
      </thingDefs>
    </fixedIngredientFilter>
    <products>
      <ComponentIndustrial>1</ComponentIndustrial>
    </products>
    <skillRequirements>
      <Crafting>8</Crafting>
    </skillRequirements>
    <workSkill>Crafting</workSkill>
  </RecipeDef>

  <RecipeDef>
    <defName>Make_ComponentSpacer</defName>
    <label>make advanced component</label>
    <description>Make an advanced component.</description>
    <jobString>Making advanced component.</jobString>
    <workSpeedStat>GeneralLaborSpeed</workSpeedStat>
    <effectWorking>Cook</effectWorking>
    <soundWorking>Recipe_Machining</soundWorking>
    <workAmount>10000</workAmount>
    <unfinishedThingDef>UnfinishedComponent</unfinishedThingDef>
    <ingredients>
      <li>
        <filter>
          <thingDefs>
            <li>ComponentIndustrial</li>
          </thingDefs>
        </filter>
        <count>1</count>
      </li>
      <li>
        <filter>
          <thingDefs>
            <li>Steel</li>
          </thingDefs>
        </filter>
        <count>20</count>
      </li>
      <li>
        <filter>
          <thingDefs>
            <li>Plasteel</li>
          </thingDefs>
        </filter>
        <count>10</count>
      </li>
      <li>
        <filter>
          <thingDefs>
            <li>Gold</li>
          </thingDefs>
        </filter>
        <count>0.3</count>
      </li>
    </ingredients>
    <fixedIngredientFilter>
      <thingDefs>
        <li>ComponentIndustrial</li>
        <li>Steel</li>
        <li>Plasteel</li>
        <li>Gold</li>
      </thingDefs>
    </fixedIngredientFilter>
    <products>
      <ComponentSpacer>1</ComponentSpacer>
    </products>
    <researchPrerequisite>AdvancedFabrication</researchPrerequisite>
    <skillRequirements>
      <Crafting>8</Crafting>
    </skillRequirements>
    <workSkill>Crafting</workSkill>
  </RecipeDef>

  <RecipeDef>
    <defName>Make_Patchleather</defName>
    <label>make patchleather</label>
    <description>Combine various types of leather to create weak patchleather.</description>
    <jobString>Making patchleather.</jobString>
    <workSpeedStat>GeneralLaborSpeed</workSpeedStat>
    <effectWorking>Tailor</effectWorking>
    <soundWorking>Recipe_Tailor</soundWorking>
    <workAmount>900</workAmount>
    <allowMixingIngredients>true</allowMixingIngredients>
    <targetCountAdjustment>50</targetCountAdjustment>
    <recipeUsers>
      <li>ElectricTailoringBench</li>
      <li>HandTailoringBench</li>
    </recipeUsers>
    <ingredients>
      <li>
        <filter>
          <categories>
            <li>Leathers</li>
          </categories>
          <disallowedThingDefs>
            <li>Leather_Thrumbo</li>
          </disallowedThingDefs>
        </filter>
        <count>50</count>
      </li>
    </ingredients>
    <fixedIngredientFilter>
      <categories>
        <li>Leathers</li>
      </categories>
      <disallowedThingDefs>
        <li>Leather_Patch</li>
        <li>Leather_Human</li>
      </disallowedThingDefs>
    </fixedIngredientFilter>
    <products>
      <Leather_Patch>50</Leather_Patch>
    </products>
    <workSkill>Crafting</workSkill>
  </RecipeDef>

</Defs>
