﻿<?xml version="1.0" encoding="utf-8" ?>
<Defs>

  <RecipeDef>
    <defName>CremateCorpse</defName>
    <label>cremate corpse</label>
    <description>Cremate a corpse to completely destroy it.</description>
    <jobString>Cremating.</jobString>
    <workAmount>300</workAmount>
    <workSpeedStat>GeneralLaborSpeed</workSpeedStat>
    <effectWorking>Cremate</effectWorking>
    <soundWorking>Recipe_Cremate</soundWorking>
    <autoStripCorpses>false</autoStripCorpses>
    <ingredients>
      <li>
        <filter>
          <categories>
            <li>Corpses</li>
          </categories>
        </filter>
        <count>1</count>
      </li>
    </ingredients>
    <fixedIngredientFilter>
      <categories>
        <li>Corpses</li>
      </categories>
      <disallowedCategories>
        <li>CorpsesMechanoid</li>
      </disallowedCategories>
    </fixedIngredientFilter>
    <defaultIngredientFilter>
      <thingDefs>
        <li>Corpse_Human</li>
      </thingDefs>
      <specialFiltersToAllow>
        <li>AllowCorpsesColonist</li>
        <li>AllowCorpsesStranger</li>
      </specialFiltersToAllow>
    </defaultIngredientFilter>
  </RecipeDef>

  <RecipeDef>
    <defName>BurnApparel</defName>
    <label>burn apparel</label>
    <description>Burn unwanted apparel to completely destroy it.</description>
    <jobString>Burning apparel.</jobString>
    <workAmount>60</workAmount>
    <workSpeedStat>GeneralLaborSpeed</workSpeedStat>
    <requiredGiverWorkType>Hauling</requiredGiverWorkType>
    <effectWorking>Cremate</effectWorking>
    <soundWorking>Recipe_Cremate</soundWorking>
    <ingredients>
      <li>
        <filter>
          <categories>
            <li>Apparel</li>
          </categories>
        </filter>
        <count>1</count>
      </li>
    </ingredients>
    <fixedIngredientFilter>
      <categories>
        <li>Apparel</li>
      </categories>
      <specialFiltersToDisallow>
        <li>AllowNonBurnableApparel</li>
      </specialFiltersToDisallow>
    </fixedIngredientFilter>
    <forceHiddenSpecialFilters>
      <li>AllowBurnableApparel</li>
      <li>AllowSmeltableApparel</li>
      <li>AllowNonSmeltableApparel</li>
    </forceHiddenSpecialFilters>
    <defaultIngredientFilter>
      <categories>
        <li>Apparel</li>
      </categories>
      <disallowedThingDefs>
        <li>Apparel_ShieldBelt</li>
        <li>Apparel_SmokepopBelt</li>
      </disallowedThingDefs>
    </defaultIngredientFilter>
  </RecipeDef>

  <RecipeDef>
    <defName>BurnWeapon</defName>
    <label>burn weapon</label>
    <description>Burn unwanted weapon to completely destroy it.</description>
    <jobString>Burning weapon.</jobString>
    <workAmount>60</workAmount>
    <workSpeedStat>GeneralLaborSpeed</workSpeedStat>
    <requiredGiverWorkType>Hauling</requiredGiverWorkType>
    <effectWorking>Cremate</effectWorking>
    <soundWorking>Recipe_Cremate</soundWorking>
    <ingredients>
      <li>
        <filter>
          <categories>
            <li>Weapons</li>
          </categories>
        </filter>
        <count>1</count>
      </li>
    </ingredients>
    <fixedIngredientFilter>
      <categories>
        <li>Weapons</li>
      </categories>
      <specialFiltersToDisallow>
        <li>AllowNonBurnableWeapons</li>
      </specialFiltersToDisallow>
    </fixedIngredientFilter>
    <forceHiddenSpecialFilters>
      <li>AllowBurnableWeapons</li>
      <li>AllowSmeltable</li>
      <li>AllowNonSmeltableWeapons</li>
    </forceHiddenSpecialFilters>
    <defaultIngredientFilter>
      <categories>
        <li>Weapons</li>
      </categories>
    </defaultIngredientFilter>
  </RecipeDef>

  <RecipeDef>
    <defName>BurnDrugs</defName>
    <label>burn drugs</label>
    <description>Burn unwanted drugs to completely destroy them.</description>
    <jobString>Burning drugs.</jobString>
    <workAmount>60</workAmount>
    <workSpeedStat>GeneralLaborSpeed</workSpeedStat>
    <requiredGiverWorkType>Hauling</requiredGiverWorkType>
    <effectWorking>BurnDrug</effectWorking>
    <soundWorking>Recipe_Cremate</soundWorking>
    <conceptLearned>DrugBurning</conceptLearned>
    <ignoreIngredientCountTakeEntireStacks>true</ignoreIngredientCountTakeEntireStacks>
    <ingredients>
      <li>
        <filter>
          <categories>
            <li>Drugs</li>
          </categories>
        </filter>
        <count>1</count>
      </li>
    </ingredients>
    <fixedIngredientFilter>
      <categories>
        <li>Drugs</li>
      </categories>
    </fixedIngredientFilter>
  </RecipeDef>

</Defs>
