<?xml version="1.0" encoding="utf-8" ?>
<Defs>

  <AbilityDef Name="PsycastBase" Abstract="True">
    <abilityClass>Psycast</abilityClass>
    <statBases>
      <Ability_Duration>0</Ability_Duration>
      <Ability_DetectChancePerEntropy>0.005</Ability_DetectChancePerEntropy>
    </statBases>
    <verbProperties>
      <verbClass>Verb_CastPsycast</verbClass>
      <range>24.9</range>
      <requireLineOfSight>True</requireLineOfSight>
      <warmupTime>1</warmupTime>
      <targetParams>
        <canTargetBuildings>False</canTargetBuildings>
        <canTargetAnimals>False</canTargetAnimals>
        <thingCategory>Item</thingCategory>
        <mapObjectTargetsMustBeAutoAttackable>False</mapObjectTargetsMustBeAutoAttackable>
      </targetParams>
    </verbProperties>
  </AbilityDef>

  <AbilityDef ParentName="PsycastBase">
    <defName>Painblock</defName>
    <label>painblock</label>
    <description>Block pain pathways in the target's brain for a short time. This can allow a person to move and act even with grievous injuries which would normally incapacitate them.</description>
    <level>1</level>
    <iconPath>UI/Abilities/Painblock</iconPath>
    <hotKey>Misc1</hotKey>
    <statBases>
      <Ability_EntropyGain>10</Ability_EntropyGain>
      <Ability_Duration>120</Ability_Duration>
    </statBases>
    <verbProperties>
      <warmupTime>0.25</warmupTime>
      <targetParams>
        <canTargetSelf>True</canTargetSelf>
        <canTargetAnimals>True</canTargetAnimals>
      </targetParams>
    </verbProperties>
    <comps>
      <li Class = "CompProperties_AbilityGiveHediff">
        <compClass>CompAbilityEffect_GiveHediff</compClass>
        <hediffDef>PsychicAnesthesia</hediffDef>
        <durationMultiplier>PsychicSensitivity</durationMultiplier>
        <psychic>True</psychic>
        <applicableToMechs>False</applicableToMechs>
      </li>
    </comps>
  </AbilityDef>

  <AbilityDef ParentName="PsycastBase">
    <defName>Stun</defName>
    <label>stun</label>
    <description>Momentarily disrupt motor function in target's brain, preventing any movement.</description>
    <level>1</level>
    <iconPath>UI/Abilities/Stun</iconPath>
    <hotKey>Misc3</hotKey>
    <statBases>
      <Ability_EntropyGain>12</Ability_EntropyGain>
      <Ability_Duration>3</Ability_Duration>
    </statBases>
    <verbProperties>
      <warmupTime>0.25</warmupTime>
      <range>19.9</range>
      <targetParams>
        <canTargetAnimals>True</canTargetAnimals>
      </targetParams>
    </verbProperties>
    <comps>
      <li Class = "CompProperties_AbilityEffectWithDuration">
        <compClass>CompAbilityEffect_Stun</compClass>
        <durationMultiplier>PsychicSensitivity</durationMultiplier>
        <psychic>True</psychic>
        <goodwillImpact>-15</goodwillImpact>
      </li>
    </comps>
  </AbilityDef>

  <AbilityDef ParentName="PsycastBase">
    <defName>Burden</defName>
    <label>burden</label>
    <description>Slow the target for a short time by suppressing motor activity in the brain.</description>
    <level>1</level>
    <iconPath>UI/Abilities/Burden</iconPath>
    <hotKey>Misc4</hotKey>
    <statBases>
      <Ability_EntropyGain>8</Ability_EntropyGain>
      <Ability_Duration>20</Ability_Duration>
    </statBases>
    <verbProperties>
      <warmupTime>0.25</warmupTime>
      <range>29.9</range>
      <targetParams>
        <canTargetAnimals>True</canTargetAnimals>
      </targetParams>
    </verbProperties>
    <comps>
      <li Class = "CompProperties_AbilityGiveHediff">
        <compClass>CompAbilityEffect_GiveHediff</compClass>
        <hediffDef>PsychicBurden</hediffDef>
        <psychic>True</psychic>
        <goodwillImpact>-15</goodwillImpact>
      </li>
    </comps>
  </AbilityDef>

  <AbilityDef ParentName="PsycastBase">
    <defName>BlindingPulse</defName>
    <label>blinding pulse</label>
    <description>Induce noise in the visual centers of the brain, obscuring vision of everyone near the target point.</description>
    <level>2</level>
    <iconPath>UI/Abilities/BlindingPulse</iconPath>
    <hotKey>Misc5</hotKey>
    <statBases>
      <Ability_EntropyGain>20</Ability_EntropyGain>
      <Ability_Duration>30</Ability_Duration>
      <Ability_EffectRadius>3.9</Ability_EffectRadius>
    </statBases>
    <verbProperties>
      <warmupTime>1</warmupTime>
      <range>19.9</range>
      <targetParams>
        <canTargetSelf>True</canTargetSelf>
        <canTargetAnimals>True</canTargetAnimals>
        <canTargetLocations>True</canTargetLocations>
      </targetParams>
    </verbProperties>
    <comps>
      <li Class = "CompProperties_AbilityGiveHediff">
        <compClass>CompAbilityEffect_GiveHediff</compClass>
        <hediffDef>PsychicBlindness</hediffDef>
        <onlyBrain>True</onlyBrain>
        <psychic>True</psychic>
        <goodwillImpact>-15</goodwillImpact>
      </li>
    </comps>
  </AbilityDef>

  <AbilityDef ParentName="PsycastBase">
    <defName>EntropyLink</defName>
    <label>entropy link</label>
    <description>Form a psychic link between caster and target, so that gain and loss of psychic entropy is shared between both equally. The link lasts for some time, but will break if the two move far apart.</description>
    <level>2</level>
    <iconPath>UI/Abilities/EntropyLink</iconPath>
    <hotKey>Misc12</hotKey>
    <statBases>
      <Ability_EntropyGain>10</Ability_EntropyGain>
      <Ability_Duration>120</Ability_Duration>
    </statBases>
    <verbProperties>
      <warmupTime>1</warmupTime>
      <range>14.9</range>
      <targetParams>
        <onlyTargetControlledPawns>True</onlyTargetControlledPawns>
      </targetParams>
    </verbProperties>
    <comps>
      <li Class = "CompProperties_AbilityGiveHediff">
        <compClass>CompAbilityEffect_GiveHediff</compClass>
        <hediffDef>EntropyLink</hediffDef>
        <psychic>True</psychic>
        <durationMultiplier>PsychicSensitivity</durationMultiplier>
        <applyToSelf>True</applyToSelf>
        <replaceExisting>True</replaceExisting>
      </li>
    </comps>
  </AbilityDef>

  <AbilityDef ParentName="PsycastBase">
    <defName>Beckon</defName>
    <label>beckon</label>
    <description>Psychically command the target to approach the caster.</description>
    <level>3</level>
    <iconPath>UI/Abilities/Beckon</iconPath>
    <hotKey>Misc6</hotKey>
    <statBases>
      <Ability_EntropyGain>20</Ability_EntropyGain>
      <Ability_Duration>8</Ability_Duration>
    </statBases>
    <verbProperties>
      <warmupTime>0.25</warmupTime>
      <range>19.9</range>
      <targetParams>
        <canTargetAnimals>True</canTargetAnimals>
        <neverTargetIncapacitated>True</neverTargetIncapacitated>
      </targetParams>
    </verbProperties>
    <comps>
      <li Class = "CompProperties_AbilityForceJob">
        <compClass>CompAbilityEffect_ForceJob</compClass>
        <jobDef>GotoMindControlled</jobDef>
        <destination>Caster</destination>
        <durationMultiplier>PsychicSensitivity</durationMultiplier>
        <psychic>True</psychic>
      </li>
    </comps>
  </AbilityDef>

  <AbilityDef ParentName="PsycastBase">
    <defName>VertigoPulse</defName>
    <label>vertigo pulse</label>
    <description>Interfere with the spatial orientation sense of everyone near the target point, causing intermittent loss of balance. Flesh creatures will become extremely nauseous as well.</description>
    <level>3</level>
    <iconPath>UI/Abilities/NauseaPulse</iconPath>
    <hotKey>Misc7</hotKey>
    <statBases>
      <Ability_EntropyGain>30</Ability_EntropyGain>
      <Ability_Duration>20</Ability_Duration>
      <Ability_EffectRadius>3.9</Ability_EffectRadius>
    </statBases>
    <verbProperties>
      <warmupTime>1</warmupTime>
      <range>19.9</range>
      <targetParams>
        <canTargetSelf>True</canTargetSelf>
        <canTargetAnimals>True</canTargetAnimals>
        <canTargetLocations>True</canTargetLocations>
      </targetParams>
    </verbProperties>
    <comps>
      <li Class = "CompProperties_AbilityGiveHediff">
        <compClass>CompAbilityEffect_GiveHediff</compClass>
        <hediffDef>PsychicVertigo</hediffDef>
        <durationMultiplier>PsychicSensitivity</durationMultiplier>
        <psychic>True</psychic>
        <goodwillImpact>-15</goodwillImpact>
      </li>
    </comps>
  </AbilityDef>
  
  <AbilityDef ParentName="PsycastBase">
    <defName>ChaosSkip</defName>
    <label>chaos skip</label>
    <description>Teleport the target to a random position near where he started.</description>
    <level>3</level>
    <iconPath>UI/Abilities/SkipChaos</iconPath>
    <hotKey>Misc8</hotKey>
    <statBases>
      <Ability_EntropyGain>18</Ability_EntropyGain>
    </statBases>
    <verbProperties>
      <warmupTime>0.25</warmupTime>
      <targetParams>
        <canTargetSelf>True</canTargetSelf>
        <canTargetAnimals>True</canTargetAnimals>
        <canTargetItems>True</canTargetItems>
      </targetParams>
    </verbProperties>
    <comps>
      <li Class = "CompProperties_AbilityTeleport">
        <compClass>CompAbilityEffect_Teleport</compClass>
        <destination>RandomInRange</destination>
        <randomRange>6.9~24.9</randomRange>
        <clamorType>Ability</clamorType>
        <clamorRadius>10</clamorRadius>
        <destClamorType>Ability</destClamorType>
        <destClamorRadius>10</destClamorRadius>
        <stunTicks>70~120</stunTicks>
        <goodwillImpact>-15</goodwillImpact>
      </li>
    </comps>
  </AbilityDef>

  <AbilityDef ParentName="PsycastBase">
    <defName>Skip</defName>
    <label>skip</label>
    <description>Teleport the target to a desired position not too far from his starting point.</description>
    <level>4</level>
    <iconPath>UI/Abilities/Skip</iconPath>
    <hotKey>Misc9</hotKey>
    <statBases>
      <Ability_EntropyGain>25</Ability_EntropyGain>
    </statBases>
    <verbProperties>
      <warmupTime>0.25</warmupTime>
      <targetParams>
        <canTargetSelf>True</canTargetSelf>
        <canTargetAnimals>True</canTargetAnimals>
        <canTargetItems>True</canTargetItems>
      </targetParams>
    </verbProperties>
    <comps>
      <li Class = "CompProperties_AbilityTeleport">
        <compClass>CompAbilityEffect_Teleport</compClass>
        <destination>Selected</destination>
        <requiresLineOfSight>True</requiresLineOfSight>
        <range>24.9</range>
        <clamorType>Ability</clamorType>
        <clamorRadius>10</clamorRadius>
        <destClamorType>Ability</destClamorType>
        <destClamorRadius>10</destClamorRadius>
        <stunTicks>18~60</stunTicks>
        <goodwillImpact>-15</goodwillImpact>
      </li>
    </comps>
  </AbilityDef>
  
  <AbilityDef ParentName="PsycastBase">
    <defName>Wallraise</defName>
    <label>wallraise</label>
    <description>Form a temporary wall by skipping rubble and soil up from deep under the ground.</description>
    <level>4</level>
    <iconPath>UI/Abilities/Wallraise</iconPath>
    <hotKey>Misc10</hotKey>
    <statBases>
      <Ability_EntropyGain>35</Ability_EntropyGain>
    </statBases>
    <verbProperties>
      <warmupTime>1</warmupTime>
      <range>19.9</range>
      <targetParams>
        <canTargetPawns>False</canTargetPawns>
        <canTargetLocations>True</canTargetLocations>
      </targetParams>
    </verbProperties>
    <comps>
      <li Class = "CompProperties_AbilityWallraise">
        <compClass>CompAbilityEffect_Wallraise</compClass>
        <pattern>
          <li>(0, 0)</li>
          <li>(1, 0)</li>
          <li>(-1, 0)</li>
          <li>(0, 1)</li>
          <li>(0, -1)</li>
        </pattern>
        <screenShakeIntensity>1.0</screenShakeIntensity>
        <clamorType>Ability</clamorType>
        <clamorRadius>25</clamorRadius>
        <sound>PsycastWallraise</sound>
      </li>
    </comps>
  </AbilityDef>

  <AbilityDef ParentName="PsycastBase">
    <defName>Smokepop</defName>
    <label>smokepop</label>
    <description>Skip dust particles up from under the ground surface to form a thick cloud. This reduces the accuracy of any shot fired through it, and preventing turrets from locking on entirely.</description>
    <level>4</level>
    <iconPath>UI/Abilities/Smokepop</iconPath>
    <hotKey>Misc10</hotKey>
    <statBases>
      <Ability_EntropyGain>30</Ability_EntropyGain>
    </statBases>
    <verbProperties>
      <warmupTime>1</warmupTime>
      <range>19.9</range>
      <targetParams>
        <canTargetPawns>False</canTargetPawns>
        <canTargetLocations>True</canTargetLocations>
      </targetParams>
    </verbProperties>
    <comps>
      <li Class = "CompProperties_AbilitySmokepop">
        <smokeRadius>3.5</smokeRadius>
        <clamorType>Ability</clamorType>
        <clamorRadius>15</clamorRadius>
      </li>
    </comps>
  </AbilityDef>

  <AbilityDef ParentName="PsycastBase">
    <defName>Focus</defName>
    <label>focus</label>
    <description>Psychically focus the target's mind, boosting their sight, hearing and moving capacities.</description>
    <level>4</level>
    <iconPath>UI/Abilities/Focus</iconPath>
    <hotKey>Misc11</hotKey>
    <statBases>
      <Ability_EntropyGain>15</Ability_EntropyGain>
      <Ability_Duration>60</Ability_Duration>
    </statBases>
    <verbProperties>
      <warmupTime>0.25</warmupTime>
      <range>24.9</range>
      <targetParams>
        <canTargetSelf>True</canTargetSelf>
        <canTargetAnimals>True</canTargetAnimals>
      </targetParams>
    </verbProperties>
    <comps>
      <li Class = "CompProperties_AbilityGiveHediff">
        <compClass>CompAbilityEffect_GiveHediff</compClass>
        <hediffDef>PsychicFocus</hediffDef>
        <onlyBrain>True</onlyBrain>
        <psychic>True</psychic>
        <durationMultiplier>PsychicSensitivity</durationMultiplier>
      </li>
    </comps>
  </AbilityDef>

  <AbilityDef ParentName="PsycastBase">
    <defName>Berserk</defName>
    <label>berserk</label>
    <description>Induce an angry psychosis in the target's mind, causing them to attack anyone nearby.</description>
    <level>5</level>
    <iconPath>UI/Abilities/Berserk</iconPath>
    <hotKey>Misc12</hotKey>
    <statBases>
      <Ability_EntropyGain>40</Ability_EntropyGain>
      <Ability_Duration>15</Ability_Duration>
    </statBases>
    <verbProperties>
      <warmupTime>0.25</warmupTime>
      <range>14.9</range>
      <targetParams>
        <canTargetSelf>True</canTargetSelf>
        <canTargetAnimals>True</canTargetAnimals>
      </targetParams>
    </verbProperties>
    <comps>
      <li Class = "CompProperties_AbilityGiveMentalState">
        <compClass>CompAbilityEffect_GiveMentalState</compClass>
        <stateDef>Berserk</stateDef>
        <psychic>True</psychic>
        <durationMultiplier>PsychicSensitivity</durationMultiplier>
        <goodwillImpact>-75</goodwillImpact>
      </li>
    </comps>
  </AbilityDef>

  <AbilityDef ParentName="PsycastBase">
    <defName>Invisibility</defName>
    <label>invisibility</label>
    <description>Psychically manipulate the visual centers of everyone nearby, rendering them unable to perceive a particular individual for a short time.</description>
    <level>5</level>
    <iconPath>UI/Abilities/Invisibility</iconPath>
    <hotKey>Misc12</hotKey>
    <statBases>
      <Ability_EntropyGain>45</Ability_EntropyGain>
      <Ability_Duration>15</Ability_Duration>
    </statBases>
    <verbProperties>
      <warmupTime>1</warmupTime>
      <range>14.9</range>
      <onlyManualCast>True</onlyManualCast>
      <targetParams>
        <canTargetSelf>True</canTargetSelf>
        <canTargetAnimals>True</canTargetAnimals>
      </targetParams>
    </verbProperties>
    <comps>
      <li Class = "CompProperties_AbilityGiveHediff">
        <compClass>CompAbilityEffect_GiveHediff</compClass>
        <hediffDef>PsychicInvisibility</hediffDef>
        <psychic>True</psychic>
      </li>
    </comps>
    
  </AbilityDef>

  <AbilityDef ParentName="PsycastBase">
    <defName>BerserkPulse</defName>
    <label>berserk pulse</label>
    <description>Generate an overwhelming rush of undirected rage in everyone near the target point.</description>
    <level>6</level>
    <iconPath>UI/Abilities/BerserkPulse</iconPath>
    <hotKey>Misc12</hotKey>
    <statBases>
      <Ability_EntropyGain>65</Ability_EntropyGain>
      <Ability_Duration>15</Ability_Duration>
      <Ability_EffectRadius>2.9</Ability_EffectRadius>
    </statBases>
    <verbProperties>
      <warmupTime>1</warmupTime>
      <range>14.9</range>
      <targetParams>
        <canTargetSelf>True</canTargetSelf>
        <canTargetLocations>True</canTargetLocations>
        <canTargetAnimals>True</canTargetAnimals>
      </targetParams>
    </verbProperties>
    <comps>
      <li Class = "CompProperties_AbilityGiveMentalState">
        <compClass>CompAbilityEffect_GiveMentalState</compClass>
        <stateDef>Berserk</stateDef>
        <psychic>True</psychic>
        <durationMultiplier>PsychicSensitivity</durationMultiplier>
        <goodwillImpact>-75</goodwillImpact>
      </li>
    </comps>
  </AbilityDef>

  <AbilityDef ParentName="PsycastBase">
    <defName>ManhunterPulse</defName>
    <label>manhunter pulse</label>
    <description>Drive nearby animals into a manhunting rage using a psychic pulse.</description>
    <level>6</level>
    <iconPath>UI/Abilities/AnimalBerserkPulse</iconPath>
    <hotKey>Misc12</hotKey>
    <statBases>
      <Ability_EntropyGain>50</Ability_EntropyGain>
      <Ability_Duration>60</Ability_Duration>
      <Ability_EffectRadius>27.9</Ability_EffectRadius>
    </statBases>
    <verbProperties>
      <warmupTime>1</warmupTime>
      <targetParams>
        <canTargetHumans>False</canTargetHumans>
        <canTargetMechs>False</canTargetMechs>
        <canTargetAnimals>True</canTargetAnimals>
        <canTargetLocations>True</canTargetLocations>
      </targetParams>
    </verbProperties>
    <comps>
      <li Class = "CompProperties_AbilityGiveMentalState">
        <compClass>CompAbilityEffect_GiveMentalState</compClass>
        <stateDef>Manhunter</stateDef>
        <psychic>True</psychic>
        <durationMultiplier>PsychicSensitivity</durationMultiplier>
        <goodwillImpact>-75</goodwillImpact>
      </li>
    </comps>
  </AbilityDef>

  <AbilityDef ParentName="PsycastBase">
    <defName>MassChaosSkip</defName>
    <label>mass chaos skip</label>
    <description>Skip everyone near a target point to a random location nearby.</description>
    <level>6</level>
    <iconPath>UI/Abilities/SkipChaosMass</iconPath>
    <hotKey>Misc12</hotKey>
    <statBases>
      <Ability_EntropyGain>40</Ability_EntropyGain>
      <Ability_EffectRadius>7.9</Ability_EffectRadius>
    </statBases>
    <verbProperties>
      <warmupTime>1</warmupTime>
      <targetParams>
        <canTargetSelf>True</canTargetSelf>
        <canTargetAnimals>True</canTargetAnimals>
        <canTargetLocations>True</canTargetLocations>
      </targetParams>
    </verbProperties>
    <comps>
      <li Class = "CompProperties_AbilityTeleport">
        <compClass>CompAbilityEffect_Teleport</compClass>
        <destination>RandomInRange</destination>
        <randomRange>6.9~24.9</randomRange>
        <requiresLineOfSight>True</requiresLineOfSight>
        <goodwillImpact>-5</goodwillImpact>
        <clamorType>Ability</clamorType>
        <clamorRadius>25</clamorRadius>
        <stunTicks>70~120</stunTicks>
      </li>
    </comps>
  </AbilityDef>

</Defs>