﻿<?xml version="1.0" encoding="utf-8" ?>
<Defs>

  <PawnRelationDef>
    <defName>Bond</defName>
    <label>bond</label>
    <importance>85</importance>
    <diedThought>BondedAnimalDied</diedThought>
    <soldThoughts>
      <li>SoldMyBondedAnimal</li>
      <li>SoldMyBondedAnimalMood</li>
    </soldThoughts>
    <lostThought>BondedAnimalLost</lostThought>
    <killedThought>KilledMyBondedAnimal</killedThought>
    <opinionOffset>50</opinionOffset>
    <implied>false</implied>
    <reflexive>true</reflexive>
  </PawnRelationDef>
  
</Defs>
