﻿<?xml version="1.0" encoding="utf-8" ?>
<Defs>

  <QuestScriptDef>
    <defName>Util_DecideRandomAsker</defName>
    <root Class="QuestNode_RandomNode">
      <nodes>
        <li Class="QuestNode_Set">   <!-- null asker -->
          <selectionWeight>0.15</selectionWeight>
          <name>askerIsNull</name>
          <value>true</value>
        </li>
        <li Class="QuestNode_GetPawn">   <!-- any faction leader -->
          <selectionWeight>0.25</selectionWeight>
          <storeAs>asker</storeAs>
          <mustBeFactionLeader>true</mustBeFactionLeader>
          <mustBeNonHostileToPlayer>$askerMustBeNonHostileToPlayer</mustBeNonHostileToPlayer>
          <ifWorldPawnThenMustBeFree>$ifWorldPawnThenMustBeFree</ifWorldPawnThenMustBeFree>
        </li>
        <li Class="QuestNode_GetPawn">    <!-- any royal title holder, not too senior -->
          <selectionWeight>0.6</selectionWeight>
          <storeAs>asker</storeAs>
          <mustHaveRoyalTitleInCurrentFaction>true</mustHaveRoyalTitleInCurrentFaction>
          <mustBeNonHostileToPlayer>$askerMustBeNonHostileToPlayer</mustBeNonHostileToPlayer>
          <ifWorldPawnThenMustBeFree>$ifWorldPawnThenMustBeFree</ifWorldPawnThenMustBeFree>
          <canGeneratePawn>true</canGeneratePawn>
          <seniorityRange>350~850</seniorityRange>
          <requireResearchedBedroomFurnitureIfRoyal>$royalAskerNeedsResearchedFurniture</requireResearchedBedroomFurnitureIfRoyal>
        </li>
      </nodes>
    </root>
  </QuestScriptDef>

</Defs>
