﻿<?xml version="1.0" encoding="utf-8" ?>
<Defs>
  <!-- Params:
    - helpersChance: Chance of helpers being included in the quest.
    - helpersCount: The number of helpers to send. Default: 1-6.
    - helpersLeaveAfterTicks: Ticks until helpers leave automatically. Default: 10 days (60000 ticks)
        if -1, helpers won't leave until the quest has ended. -->

  <QuestScriptDef>
    <defName>Util_MaybeGenerateHelpers</defName>
    <questDescriptionRules>
      <rulesStrings>
        <li>helpersParagraph(helpersCount==0)-></li>
        <li>helpersParagraph(helpersCount==1)->[asker_nameDef] will send a [helperKind_label] to assist you under your control. You will have to feed and house [helpers0_objective], but [helpers0_pronoun] may die in battle without consequence.\n\n</li>
        <li>helpersParagraph(helpersCount>=2)->[asker_nameDef] will send [helpersCount] [helperKind_labelPlural] to assist you under your control. You will have to feed and house them, but they may die in battle without consequence.\n\n</li>
        <li>helpersArrivalLetterEnd(helpersCount==0)-></li>
        <li>helpersArrivalLetterEnd(helpersCount>=1)->\n\n[helpersCount] [helpersLabelSingOrPlural] [helpersHasHave] been sent to assist you.</li>

        <li>helpersLabelSingOrPlural(helpersCount==1)->[helperKind_label]</li>
        <li>helpersLabelSingOrPlural(helpersCount>=2)->[helperKind_labelPlural]</li>
        
        <li>helpersHasHave(helpersCount==1)->has</li>
        <li>helpersHasHave(helpersCount>=2)->have</li>
        
        <li>helpersIsAre(helpersCount==1)->is</li>
        <li>helpersIsAre(helpersCount>=2)->are</li>
      </rulesStrings>
    </questDescriptionRules>
    <root Class="QuestNode_Sequence">
      <nodes>
        <li Class="QuestNode_IsNull">
          <value>$asker</value>
          <node Class="QuestNode_Set"> <!-- Needed for description text -->
            <name>helpersCount</name>
            <value>0</value>
          </node>
          <!-- We never spawn helpers from hostile factions to avoid situations where they attack the player when the quest ends -->
          <elseNode Class="QuestNode_IsFactionHostileToPlayer">
            <factionOf>$asker</factionOf>
            <node Class="QuestNode_Set"> <!-- Needed for description text -->
              <name>helpersCount</name>
              <value>0</value>
            </node>
            <elseNode Class="QuestNode_Chance">
              <chance>$helpersChance</chance>
              <node Class="QuestNode_Sequence">
                <nodes>
                  <!-- Set the number of helpers, with a default of 1-6. -->
                  <li Class="QuestNode_IsSet">
                    <name>helpersCount</name>
                    <elseNode Class="QuestNode_Sequence">
                      <nodes>
                        <li Class="QuestNode_GetFreeColonistsCount">
                          <storeAs>freeColonistsCount</storeAs>
                          <onlyThisMap>$map</onlyThisMap>
                        </li>
                        <li Class="QuestNode_Set">
                          <name>helpersCount</name>
                          <value>$(randInt(1, min(6, $freeColonistsCount)))</value>
                        </li>
                      </nodes>
                    </elseNode>
                  </li>
                  <!-- Set max duration helpers will stay for. Default of 10 days. -->
                  <li Class="QuestNode_IsSet">
                    <name>helpersLeaveAfterTicks</name>
                    <elseNode Class="QuestNode_Set">
                      <name>helpersLeaveAfterTicks</name>
                      <value>$(10*60000)</value>
                    </elseNode>
                  </li>
                  
                  <!-- Generate helpers -->
                  <li Class="QuestNode_SubScript">
                    <def>Util_ChooseRandomQuestHelperKind</def>
                    <parms>
                      <factionOf>$asker</factionOf>
                    </parms>
                  </li>
                  <li Class="QuestNode_LoopCount">
                    <loopCount>$helpersCount</loopCount>
                    <node Class="QuestNode_GeneratePawn">
                      <kindDef>$helperKind</kindDef>
                      <addToList>helpers</addToList>
                      <biocodeWeaponChance>1</biocodeWeaponChance>
                      <mustBeCapableOfViolence>true</mustBeCapableOfViolence>
                    </node>
                  </li>                 

                  <!-- Helpers come in drop pods and join player -->
                  <li Class="QuestNode_DropPods">
                    <contents>$helpers</contents>
                    <useTradeDropSpot>true</useTradeDropSpot>
                    <joinPlayer>true</joinPlayer>
                    <customLetterLabel>[helpersLabelSingOrPlural] arrived</customLetterLabel>
                    <customLetterText>The [helpersLabelSingOrPlural] sent by [asker_nameDef] [helpersHasHave] arrived to aid you with the quest '[resolvedQuestName]'.</customLetterText>
                    <sendStandardLetter>$sendArrivalLetter</sendStandardLetter>
                  </li>               

                  <!-- Assign home faction to helper(s) -->
                  <li Class="QuestNode_ExtraFaction">
                    <factionOf>$asker</factionOf>
                    <pawns>$helpers</pawns>
                    <factionType>HomeFaction</factionType>
                    <areHelpers>true</areHelpers>
                  </li>

                  <!-- Lock their apparel -->
                  <li Class="QuestNode_SetAllApparelLocked">
                    <pawns>$helpers</pawns>
                  </li>
                  
                  <!-- Helpers leave after their duration expires. Only if helpersLeaveAfterTicks >= 0 -->
                  <li Class="QuestNode_GreaterOrEqual">
                    <value1>$helpersLeaveAfterTicks</value1>
                    <value2>0</value2>
                    <node Class="QuestNode_Delay">
                      <delayTicks>$helpersLeaveAfterTicks</delayTicks>
                      <node Class="QuestNode_Sequence">
                        <nodes>
                          <li Class="QuestNode_Letter">
                            <label>[helpersLabelSingOrPlural] leaving</label>
                            <text>The [helpersLabelSingOrPlural] sent by [asker_nameDef] to aid you [helpersHasHave] spent too much time with you, and [helpersIsAre] now leaving.</text>
                            <lookTargets>$helpers</lookTargets>
                            <filterDeadPawnsFromLookTargets>true</filterDeadPawnsFromLookTargets>
                          </li>
                          <li Class="QuestNode_Leave">
                            <pawns>$helpers</pawns>
                            <sendStandardLetter>false</sendStandardLetter>
                          </li>
                        </nodes>
                      </node>
                    </node>
                  </li>

                  <li Class="QuestNode_LeaveOnCleanup">
                    <pawns>$helpers</pawns>
                    <sendStandardLetter>false</sendStandardLetter>
                  </li>

                </nodes>
              </node>
              <elseNode Class="QuestNode_Set"> <!-- Needed for description text -->
                <name>helpersCount</name>
                <value>0</value>
              </elseNode>
            </elseNode>
          </elseNode>
        </li>
        
        <!-- Set the amount of points attributed to helpers. Useful for tuning threats. -->
        <li Class="QuestNode_IsSet">
          <name>helperKind</name>
          <node Class="QuestNode_Sequence">
            <nodes>
              <li Class="QuestNode_GetPawnKindCombatPower">
                <kindDef>$helperKind</kindDef>
                <storeAs>helperCombatPower</storeAs>
              </li>
              <li Class="QuestNode_Set">
                <name>helpersPoints</name>
                <value>$($helpersCount * $helperCombatPower)</value>
              </li>
            </nodes>
          </node>
          <elseNode Class="QuestNode_Set">
            <name>helpersPoints</name>
            <value>0</value>
          </elseNode>
        </li>
      </nodes>
    </root>
  </QuestScriptDef>

  <QuestScriptDef>
    <defName>Util_ChooseRandomQuestHelperKind</defName>
    <root Class="QuestNode_Sequence">
      <nodes>
        <li Class="QuestNode_GetRandomPawnKindForFaction">
          <factionOf>$factionOf</factionOf>
          <storeAs>helperKind</storeAs>
          <choices>
            <li>
              <factionDef>Empire</factionDef>
              <pawnKinds>
                <li>Empire_Fighter_Trooper</li>
                <li>Empire_Fighter_Janissary</li>
                <li>Empire_Fighter_Champion</li>
                <li>Empire_Fighter_Cataphract</li>
              </pawnKinds>
            </li>
            <li>
              <categoryTag>Tribal</categoryTag>
              <pawnKinds>
                <li>Tribal_Archer</li>
                <li>Tribal_Berserker</li>
                <li>Tribal_HeavyArcher</li>
                <li>Tribal_Warrior</li>
              </pawnKinds>
            </li>
            <li>
              <categoryTag>Outlander</categoryTag>
              <pawnKinds>
                <li>Mercenary_Elite_Acidifier</li>
                <li>Mercenary_Slasher_Acidifier</li>
                <li>Mercenary_Sniper_Acidifier</li>
                <li>Mercenary_Gunner_Acidifier</li>
              </pawnKinds>
            </li>
            <li>
              <factionDef>Pirate</factionDef>
              <pawnKinds>
                <li>Mercenary_Elite_Acidifier</li>
                <li>Mercenary_Slasher_Acidifier</li>
                <li>Mercenary_Sniper_Acidifier</li>
                <li>Mercenary_Gunner_Acidifier</li>
              </pawnKinds>
            </li>
          </choices>
        </li>
      </nodes>
    </root>
  </QuestScriptDef>

</Defs>
