﻿<?xml version="1.0" encoding="utf-8" ?>
<Defs>

  <InteractionDef>
    <defName>BuildRapport</defName>
    <label>try to get to know</label>
    <symbol>Things/Mote/SpeechSymbols/BuildRapport</symbol>
    <initiatorXpGainSkill>Social</initiatorXpGainSkill>
    <initiatorXpGainAmount>45</initiatorXpGainAmount>
    <recipientThought>RapportBuilt</recipientThought>
    <logRulesInitiator>
      <rulesStrings>
        <li>r_logentry->[INITIATOR_nameDef] [toldastoryabout] [subject] to [RECIPIENT_nameDef].</li>
        <li>r_logentry->[INITIATOR_nameDef] told [RECIPIENT_nameDef] about [subject].</li>
        <li>r_logentry->[INITIATOR_nameDef] described [subject] to [RECIPIENT_nameDef].</li>
        <li>r_logentry->[INITIATOR_nameDef] encouraged [RECIPIENT_nameDef] to [talkabout] [subject].</li>
        <li>r_logentry->[INITIATOR_nameDef] offered a chance for [RECIPIENT_nameDef] to [talkabout] [subject].</li>
        <li>r_logentry->[INITIATOR_nameDef] expressed interest in [RECIPIENT_nameDef]'s [PersonalCharacteristic].</li>
        <li>r_logentry->[INITIATOR_nameDef] asked [RECIPIENT_nameDef] about [RECIPIENT_possessive] [PersonalCharacteristic].</li>

        <li>toldastoryabout(p=2)->told a story about</li>
        <li>toldastoryabout->told a funny story about</li>
        <li>toldastoryabout->told a heartfelt story about</li>
        <li>toldastoryabout->told an old story about</li>
        <li>toldastoryabout->told a family story about</li>
        <li>toldastoryabout->told a childhood story about</li>
        <li>toldastoryabout->mentioned an anecdote about</li>

        <li>talkabout->talk about</li>
        <li>talkabout->discuss</li>
        <li>talkabout->have a discussion about</li>
        <li>talkabout->ask about</li>
        <li>talkabout->think about</li>
        <li>talkabout->find common ground around</li>

        <li>subject->the colony</li>
        <li>subject->the community</li>
        <li>subject->joining the colony</li>
        <li>subject->changing teams</li>
        <li>subject->finding friends</li>
        <li>subject->meeting new people</li>
        <li>subject->reconsidering [RECIPIENT_possessive] ideas</li>
        <li>subject->rethinking [RECIPIENT_possessive] loyalties</li>
        <li>subject->health</li>
        <li>subject->the future</li>
        <li>subject->letting go</li>
        <li>subject(p=4)->[ConceptPositive]</li>
        <li>subject(p=2)->[INITIATOR_possessive] [PersonalCharacteristic]</li>
        <li>subject(p=8)->[TalkTopicLight]</li>
      </rulesStrings>
    </logRulesInitiator>
  </InteractionDef>

  <InteractionDef>
    <defName>RecruitAttempt</defName>
    <label>recruit attempt</label>
    <symbol>Things/Mote/SpeechSymbols/PrisonerRecruit</symbol>
    <workerClass>InteractionWorker_RecruitAttempt</workerClass>
    <initiatorXpGainSkill>Social</initiatorXpGainSkill>
    <initiatorXpGainAmount>230</initiatorXpGainAmount>
    <logRulesInitiator>
      <rulesStrings>
        <li>r_logentry->[INITIATOR_nameDef] asked [RECIPIENT_nameDef] to join.</li>
        <li>r_logentry->[INITIATOR_nameDef] promised [goodthing] to [RECIPIENT_nameDef], and asked [RECIPIENT_objective] to join.</li>

        <li>goodthing(p=15)->[ConceptPositive]</li>
        <li>goodthing->free, fresh [Vegetable]s</li>
      </rulesStrings>
    </logRulesInitiator>
  </InteractionDef>

  <RulePackDef>
    <defName>Sentence_RecruitAttemptAccepted</defName>
    <rulePack>
      <rulesStrings>
        <li>sent->[RECIPIENT_nameDef] has accepted and joined [INITIATOR_nameDef]'s community.</li>
      </rulesStrings>
    </rulePack>
  </RulePackDef>

  <RulePackDef>
    <defName>Sentence_RecruitAttemptRejected</defName>
    <rulePack>
      <rulesStrings>
        <li>sent->[RECIPIENT_nameDef] refused.</li>
      </rulesStrings>
    </rulePack>
  </RulePackDef>

  <InteractionDef>
    <defName>SparkJailbreak</defName>
    <label>spark jailbreak</label>
    <symbol>Things/Mote/SpeechSymbols/SparkJailbreak</symbol>
    <workerClass>InteractionWorker_SparkJailbreak</workerClass>
    <initiatorXpGainSkill>Social</initiatorXpGainSkill>
    <initiatorXpGainAmount>230</initiatorXpGainAmount>
    <logRulesInitiator>
      <rulesStrings>
        <li>r_logentry->[INITIATOR_nameDef] spoke about the joy of [freedom], and offered a means of escape.</li>
        <li>r_logentry->[INITIATOR_nameDef] talked about how beautiful the [TerrainFeature] is, and offered freedom.</li>
        <li>r_logentry->[INITIATOR_nameDef] demonstrated a means of escape to [RECIPIENT_nameDef], and promised [freedom].</li>
        <li>r_logentry->[INITIATOR_nameDef] told [RECIPIENT_nameDef] that security is lax, and encouraged escape.</li>

        <li>freedom->freedom</li>
        <li>freedom->opportunity</li>
        <li>freedom->home</li>
        <li>freedom->self-determination</li>
      </rulesStrings>
    </logRulesInitiator>
  </InteractionDef>

</Defs>
