<?xml version="1.0" encoding="utf-8" ?>
<Defs>
  <ThingDef ParentName="ApparelBase" Name="PsychicApparelBase" Abstract="True">
    <techLevel>Ultra</techLevel>
    <tradeTags>
      <li>PsychicApparel</li>
    </tradeTags>
    <thingSetMakerTags><li>RewardStandardMidFreq</li></thingSetMakerTags>
    <apparel>
      <tags>
        <li>Psychic</li>
      </tags>
    </apparel>
  </ThingDef>
  
  <ThingDef ParentName="PsychicApparelBase">
    <defName>Apparel_PsyfocusHelmet</defName>
    <label>psyfocus helmet</label>
    <description>A lightweight helmet designed for psychic focusing. While it provides little physical protection, its special materials enhance the wearer's psychic sensitivity and dissipate psychic entropy.</description>
    <thingCategories>
      <li>Headgear</li>
    </thingCategories>
    <graphicData>
      <texPath>Things/Pawn/Humanlike/Apparel/PsyfocusHelmet/PsyfocusHelmet</texPath>
      <graphicClass>Graphic_Single</graphicClass>
    </graphicData>
    <statBases>
      <MarketValue>500</MarketValue>
      <MaxHitPoints>80</MaxHitPoints>
      <Mass>0.8</Mass>
      <ArmorRating_Sharp>0.09</ArmorRating_Sharp>
      <ArmorRating_Blunt>0.09</ArmorRating_Blunt>
      <ArmorRating_Heat>0.27</ArmorRating_Heat>
      <Insulation_Cold>2</Insulation_Cold>
      <Insulation_Heat>1</Insulation_Heat>
      <EquipDelay>1.5</EquipDelay>
    </statBases>
    <equippedStatOffsets>
      <PsychicSensitivity>0.15</PsychicSensitivity>
      <PsychicEntropyRecoveryRate>2</PsychicEntropyRecoveryRate>
    </equippedStatOffsets>
    <apparel>
      <bodyPartGroups>
        <li>UpperHead</li>
      </bodyPartGroups>
      <wornGraphicPath>Things/Pawn/Humanlike/Apparel/PsyfocusHelmet/PsyfocusHelmet</wornGraphicPath>
      <layers>
        <li>Overhead</li>
      </layers>
      <defaultOutfitTags>
        <li>Soldier</li>
      </defaultOutfitTags>
    </apparel>
    <colorGenerator Class="ColorGenerator_Options">
      <options>
        <li>
          <only>(80,135,145)</only>
        </li>
        <li>
          <only>(104,73,101)</only>
        </li>
      </options>
    </colorGenerator>
  </ThingDef>

  <ThingDef ParentName="PsychicApparelBase">
    <defName>Apparel_PsyfocusShirt</defName>
    <label>psyfocus shirt</label>
    <description>A shirt embedded with special psychic focusing materials. These enhance psychic sensitivity and help dissipate psychic entropy.</description>
    <graphicData>
      <texPath>Things/Pawn/Humanlike/Apparel/PsyfocusShirt/PsyfocusShirt</texPath>
      <graphicClass>Graphic_Single</graphicClass>
    </graphicData>
    <thingCategories>
      <li>Apparel</li>
    </thingCategories>
    <statBases>
      <MarketValue>400</MarketValue>
      <MaxHitPoints>100</MaxHitPoints>
      <Mass>0.25</Mass>
      <ArmorRating_Sharp>0.07</ArmorRating_Sharp>
      <ArmorRating_Blunt>0</ArmorRating_Blunt>
      <ArmorRating_Heat>0.04</ArmorRating_Heat>
      <Insulation_Cold>2</Insulation_Cold>
      <Insulation_Heat>1</Insulation_Heat>
      <EquipDelay>1.5</EquipDelay>
    </statBases>
    <equippedStatOffsets>
      <PsychicSensitivity>0.10</PsychicSensitivity>
      <PsychicEntropyRecoveryRate>1</PsychicEntropyRecoveryRate>
    </equippedStatOffsets>
    <apparel>
      <bodyPartGroups>
        <li>Torso</li>
        <li>Shoulders</li>
      </bodyPartGroups>
      <wornGraphicPath>Things/Pawn/Humanlike/Apparel/PsyfocusShirt/PsyfocusShirt</wornGraphicPath>
      <layers>
        <li>OnSkin</li>
      </layers>
      <defaultOutfitTags>
        <li>Soldier</li>
      </defaultOutfitTags>
    </apparel>
    <colorGenerator Class="ColorGenerator_Options">
      <options>
        <li>
          <only>(110,185,195)</only>
        </li>
        <li>
          <only>(160,147,191)</only>
        </li>
      </options>
    </colorGenerator>
  </ThingDef>

  <ThingDef ParentName="PsychicApparelBase">
    <defName>Apparel_PsyfocusVest</defName>
    <label>psyfocus vest</label>
    <description>A thin vest embedded with special psychic focusing materials. These enhance psychic sensitivity and help dissipate psychic entropy.</description>
    <graphicData>
      <texPath>Things/Pawn/Humanlike/Apparel/PsyfocusVest/PsyfocusVest</texPath>
      <graphicClass>Graphic_Single</graphicClass>
    </graphicData>
    <thingCategories>
      <li>Apparel</li>
    </thingCategories>
    <statBases>
      <MarketValue>500</MarketValue>
      <MaxHitPoints>100</MaxHitPoints>
      <Mass>0.5</Mass>
      <ArmorRating_Sharp>0.07</ArmorRating_Sharp>
      <ArmorRating_Blunt>0</ArmorRating_Blunt>
      <ArmorRating_Heat>0.04</ArmorRating_Heat>
      <Insulation_Cold>2</Insulation_Cold>
      <Insulation_Heat>1</Insulation_Heat>
      <EquipDelay>2</EquipDelay>
    </statBases>
    <equippedStatOffsets>
      <PsychicSensitivity>0.15</PsychicSensitivity>
      <PsychicEntropyRecoveryRate>1.5</PsychicEntropyRecoveryRate>
    </equippedStatOffsets>
    <apparel>
      <bodyPartGroups>
        <li>Torso</li>
        <li>Neck</li>
        <li>Shoulders</li>
      </bodyPartGroups>
      <wornGraphicPath>Things/Pawn/Humanlike/Apparel/PsyfocusVest/PsyfocusVest</wornGraphicPath>
      <layers>
        <li>Middle</li>
      </layers>
      <defaultOutfitTags>
        <li>Soldier</li>
      </defaultOutfitTags>
    </apparel>
    <colorGenerator Class="ColorGenerator_Options">
      <options>
        <li>
          <only>(80,135,145)</only>
        </li>
        <li>
          <only>(104,73,101)</only>
        </li>
      </options>
    </colorGenerator>
  </ThingDef>

  <ThingDef ParentName="PsychicApparelBase">
    <defName>Apparel_PsyfocusRobe</defName>
    <description>A long robe embedded with special psychic focusing materials. These enhance psychic sensitivity and help dissipate psychic entropy.</description>
    <label>psyfocus robe</label>
    <graphicData>
      <texPath>Things/Pawn/Humanlike/Apparel/PsyfocusRobe/PsyfocusRobe</texPath>
      <graphicClass>Graphic_Single</graphicClass>
    </graphicData>
    <thingCategories>
      <li>Apparel</li>
    </thingCategories>
    <statBases>
      <MarketValue>600</MarketValue>
      <MaxHitPoints>100</MaxHitPoints>
      <Mass>0.5</Mass>
      <ArmorRating_Sharp>0.07</ArmorRating_Sharp>
      <ArmorRating_Blunt>0</ArmorRating_Blunt>
      <ArmorRating_Heat>0.04</ArmorRating_Heat>
      <Insulation_Cold>2</Insulation_Cold>
      <Insulation_Heat>1</Insulation_Heat>
      <EquipDelay>2</EquipDelay>
    </statBases>
    <equippedStatOffsets>
      <PsychicSensitivity>0.20</PsychicSensitivity>
      <PsychicEntropyRecoveryRate>2.5</PsychicEntropyRecoveryRate>
    </equippedStatOffsets>
    <apparel>
      <bodyPartGroups>
        <li>Torso</li>
        <li>Neck</li>
        <li>Shoulders</li>
        <li>Arms</li>
        <li>Legs</li>
      </bodyPartGroups>
      <wornGraphicPath>Things/Pawn/Humanlike/Apparel/PsyfocusRobe/PsyfocusRobe</wornGraphicPath>
      <layers>
        <li>Shell</li>
      </layers>
      <defaultOutfitTags>
        <li>Soldier</li>
      </defaultOutfitTags>
    </apparel>
    <colorGenerator Class="ColorGenerator_Options">
      <options>
        <li>
          <only>(80,135,145)</only>
        </li>
        <li>
          <only>(104,73,101)</only>
        </li>
      </options>
    </colorGenerator>
  </ThingDef>
  
</Defs>