﻿<?xml version="1.0" encoding="utf-8" ?>
<Defs>

  <ThingDef Name="ApparelShirtRoyalTier2Base" ParentName="ApparelMakeableBase" Abstract="True">
    <recipeMaker>
      <researchPrerequisite>NobleApparel</researchPrerequisite>
    </recipeMaker>
    <costStuffCount>45</costStuffCount>
    <stuffCategories>
      <li>Fabric</li>
      <li>Leathery</li>
    </stuffCategories>
    <thingCategories>
      <li>ApparelNoble</li>
    </thingCategories>
    <statBases>
      <MaxHitPoints>100</MaxHitPoints>
      <WorkToMake>2700</WorkToMake>
      <Mass>0.25</Mass>
      <StuffEffectMultiplierArmor>0.2</StuffEffectMultiplierArmor>
      <StuffEffectMultiplierInsulation_Cold>0.22</StuffEffectMultiplierInsulation_Cold>
      <StuffEffectMultiplierInsulation_Heat>0.10</StuffEffectMultiplierInsulation_Heat>
      <EquipDelay>1.5</EquipDelay>
    </statBases>
    <apparel>
      <bodyPartGroups>
        <li>Torso</li>
        <li>Shoulders</li>
      </bodyPartGroups>
      <layers>
        <li>OnSkin</li>
      </layers>
      <tags>
        <li>Royal</li>
        <li>RoyalTier2</li>
      </tags>
      <canBeGeneratedToSatisfyWarmth>false</canBeGeneratedToSatisfyWarmth>
    </apparel>
    <colorGenerator Class="ColorGenerator_StandardApparel" />
  </ThingDef>

  <ThingDef ParentName="ApparelShirtRoyalTier2Base">
    <defName>Apparel_ShirtRuffle</defName>
    <label>ruffle shirt</label>
    <description>A ruffle-collared shirt with buttons. Appropriate for a noble.</description>
    <graphicData>
      <texPath>Things/Pawn/Humanlike/Apparel/ShirtRuffle/ShirtRuffle</texPath>
      <graphicClass>Graphic_Single</graphicClass>
    </graphicData>
    <apparel>
      <wornGraphicPath>Things/Pawn/Humanlike/Apparel/ShirtRuffle/ShirtRuffle</wornGraphicPath>
    </apparel>
  </ThingDef>

  <ThingDef Name="ApparelVestRoyalTier5Base" ParentName="ApparelMakeableBase" Abstract="True">
    <recipeMaker>
      <researchPrerequisite>NobleApparel</researchPrerequisite>
    </recipeMaker>
    <statBases>
      <MaxHitPoints>100</MaxHitPoints>
      <WorkToMake>3000</WorkToMake>
      <Mass>0.75</Mass>
      <StuffEffectMultiplierArmor>0.2</StuffEffectMultiplierArmor>
      <StuffEffectMultiplierInsulation_Cold>0.4</StuffEffectMultiplierInsulation_Cold>
      <StuffEffectMultiplierInsulation_Heat>0.10</StuffEffectMultiplierInsulation_Heat>
    </statBases>
    <costStuffCount>45</costStuffCount>
    <stuffCategories>
      <li>Fabric</li>
      <li>Leathery</li>
    </stuffCategories>
    <thingCategories>
      <li>ApparelNoble</li>
    </thingCategories>
    <apparel>
      <bodyPartGroups>
        <li>Torso</li>
      </bodyPartGroups>
      <layers>
        <li>Middle</li>
      </layers>
      <tags>
        <li>Royal</li>
        <li>RoyalTier5</li>
      </tags>
      <canBeGeneratedToSatisfyWarmth>false</canBeGeneratedToSatisfyWarmth>
    </apparel>
    <colorGenerator Class="ColorGenerator_StandardApparel" />
  </ThingDef>

  <ThingDef ParentName="ApparelVestRoyalTier5Base">
    <defName>Apparel_Corset</defName>
    <label>corset</label>
    <description>An embroidered corset with strong wire support to maintain a ladylike shape. Appropriate for middle-upper-ranked noblewomen.</description>
    <graphicData>
      <texPath>Things/Pawn/Humanlike/Apparel/CorsetRoyal/CorsetRoyal</texPath>
      <graphicClass>Graphic_Single</graphicClass>
      <drawSize>0.90</drawSize>
    </graphicData>
    <uiIconScale>1.3</uiIconScale>
    <statBases>
      <EquipDelay>5</EquipDelay>
    </statBases>
    <apparel>
      <wornGraphicPath>Things/Pawn/Humanlike/Apparel/CorsetRoyal/CorsetRoyal</wornGraphicPath>
      <gender>Female</gender>
    </apparel>
  </ThingDef>

  <ThingDef ParentName="ApparelVestRoyalTier5Base">
    <defName>Apparel_VestRoyal</defName>
    <label>royal vest</label>
    <description>An embroidered vest which marks the wearer as one of noble power. Appropriate for middle-upper tier noblemen.</description>
    <graphicData>
      <texPath>Things/Pawn/Humanlike/Apparel/VestRoyal/VestRoyal</texPath>
      <graphicClass>Graphic_Single</graphicClass>
      <drawSize>0.90</drawSize>
    </graphicData>
    <uiIconScale>1.15</uiIconScale>
    <statBases>
      <EquipDelay>1.5</EquipDelay>
    </statBases>
    <apparel>
      <bodyPartGroups>
        <li>Arms</li>
        <li>Shoulders</li>
        <li>Neck</li>
      </bodyPartGroups>
      <wornGraphicPath>Things/Pawn/Humanlike/Apparel/VestRoyal/VestRoyal</wornGraphicPath>
      <gender>Male</gender>
    </apparel>
  </ThingDef>

  <ThingDef ParentName="ApparelMakeableBase">
    <defName>Apparel_RobeRoyal</defName>
    <label>royal robe</label>
    <description>A long flowing robe embroidered with complex decorative designs. Wildly impractical, its purpose is to mark the wearer as a powerful noble.</description>
    <recipeMaker>
      <researchPrerequisite>RoyalApparel</researchPrerequisite>
    </recipeMaker>
    <graphicData>
      <texPath>Things/Pawn/Humanlike/Apparel/RoyalRobe/RoyalRobe</texPath>
      <graphicClass>Graphic_Single</graphicClass>
    </graphicData>
    <costStuffCount>40</costStuffCount>
    <stuffCategories>
      <li>Fabric</li>
      <li>Leathery</li>
    </stuffCategories>
    <statBases>
      <MaxHitPoints>100</MaxHitPoints>
      <WorkToMake>4000</WorkToMake>
      <Mass>0.75</Mass>
      <StuffEffectMultiplierArmor>0.2</StuffEffectMultiplierArmor>
      <StuffEffectMultiplierInsulation_Cold>1.00</StuffEffectMultiplierInsulation_Cold>
      <StuffEffectMultiplierInsulation_Heat>0.00</StuffEffectMultiplierInsulation_Heat>
      <EquipDelay>2</EquipDelay>
    </statBases>
    <thingCategories>
      <li>ApparelNoble</li>
    </thingCategories>
    <apparel>
      <bodyPartGroups>
        <li>Torso</li>
        <li>Neck</li>
        <li>Shoulders</li>
        <li>Arms</li>
        <li>Legs</li>
      </bodyPartGroups>
      <wornGraphicPath>Things/Pawn/Humanlike/Apparel/RoyalRobe/RoyalRobe</wornGraphicPath>
      <layers>
        <li>Shell</li>
      </layers>
      <tags>
        <li>Royal</li>
        <li>RoyalTier6</li>
      </tags>
      <canBeGeneratedToSatisfyWarmth>false</canBeGeneratedToSatisfyWarmth>
    </apparel>
    <colorGenerator Class="ColorGenerator_StandardApparel" />
  </ThingDef>

  <ThingDef Name="ApparelHatRoyalTier2" ParentName="NobleHatMakeableBase" Abstract="True">
    <recipeMaker>
      <researchPrerequisite>NobleApparel</researchPrerequisite>
    </recipeMaker>
    <costStuffCount>25</costStuffCount>
    <stuffCategories>
      <li>Fabric</li>
      <li>Leathery</li>
    </stuffCategories>
    <statBases>
      <MaxHitPoints>80</MaxHitPoints>
      <WorkToMake>1800</WorkToMake>
      <Mass>0.1</Mass>
      <EquipDelay>0.8</EquipDelay>
    </statBases>
    <equippedStatOffsets>
      <SocialImpact>0.2</SocialImpact>
    </equippedStatOffsets>
    <apparel>
      <bodyPartGroups>
        <li>UpperHead</li>
      </bodyPartGroups>
      <layers>
        <li>Overhead</li>
      </layers>
      <tags>
        <li>Royal</li>
        <li>RoyalTier2</li>
      </tags>
      <canBeGeneratedToSatisfyWarmth>false</canBeGeneratedToSatisfyWarmth>
    </apparel>
    <colorGenerator Class="ColorGenerator_StandardApparel" />
  </ThingDef>

  <ThingDef ParentName="ApparelHatRoyalTier2">
    <defName>Apparel_HatLadies</defName>
    <label>ladies hat</label>
    <description>A dainty ladies' hat with complex embroidery. Appropriate for middle-ranked noblewomen.</description>
    <graphicData>
      <texPath>Things/Pawn/Humanlike/Apparel/LadiesHat/LadiesHat</texPath>
      <graphicClass>Graphic_Single</graphicClass>
    </graphicData>
    <apparel>
      <wornGraphicPath>Things/Pawn/Humanlike/Apparel/LadiesHat/LadiesHat</wornGraphicPath>
      <gender>Female</gender>
    </apparel>
  </ThingDef>

  <ThingDef ParentName="ApparelHatRoyalTier2">
    <defName>Apparel_HatTop</defName>
    <label>top hat</label>
    <description>A tall, stiff, shiny hat. Appropriate for middle-tier noblemen.</description>
    <graphicData>
      <texPath>Things/Pawn/Humanlike/Apparel/TopHat/TopHat</texPath>
      <graphicClass>Graphic_Single</graphicClass>
    </graphicData>
    <uiIconScale>1.15</uiIconScale>
    <apparel>
      <wornGraphicPath>Things/Pawn/Humanlike/Apparel/TopHat/TopHat</wornGraphicPath>
      <gender>Male</gender>
    </apparel>
  </ThingDef>

  <ThingDef ParentName="ApparelBase">
    <defName>Apparel_Coronet</defName>
    <label>coronet</label>
    <description>A tiny crown-like piece of headwear made of metal. It marks the wearer as a noble with stature.</description>
    <smeltable>true</smeltable>
    <thingCategories>
      <li>HeadgearNoble</li>
    </thingCategories>
    <recipeMaker>
      <workSpeedStat>GeneralLaborSpeed</workSpeedStat>
      <workSkill>Crafting</workSkill>
      <effectWorking>Smith</effectWorking>
      <soundWorking>Recipe_Smith</soundWorking>
      <recipeUsers>
        <li>ElectricSmithy</li>
        <li>FueledSmithy</li>
      </recipeUsers>
      <defaultIngredientFilter>
        <categories>
          <li>Root</li>
        </categories>
        <disallowedThingDefs>
          <li>Jade</li>
          <li>Uranium</li>
        </disallowedThingDefs>
      </defaultIngredientFilter>
      <researchPrerequisite>RoyalApparel</researchPrerequisite>
    </recipeMaker>
    <graphicData>
      <texPath>Things/Pawn/Humanlike/Apparel/Coronet/Coronet</texPath>
      <graphicClass>Graphic_Single</graphicClass>
    </graphicData>
    <uiIconScale>1.15</uiIconScale>
    <costStuffCount>50</costStuffCount>
    <stuffCategories>
      <li>Metallic</li>
      <!-- Stuff like jade here maybe? -->
    </stuffCategories>
    <statBases>
      <MaxHitPoints>80</MaxHitPoints>
      <WorkToMake>8000</WorkToMake>
      <Mass>0.7</Mass>
      <EquipDelay>0.8</EquipDelay>
    </statBases>
    <equippedStatOffsets>
      <SocialImpact>0.2</SocialImpact>
    </equippedStatOffsets>
    <apparel>
      <bodyPartGroups>
        <li>UpperHead</li>
      </bodyPartGroups>
      <wornGraphicPath>Things/Pawn/Humanlike/Apparel/Coronet/Coronet</wornGraphicPath>
      <layers>
        <li>Overhead</li>
      </layers>
      <tags>
        <li>Royal</li>
        <li>RoyalTier5</li>
      </tags>
      <canBeGeneratedToSatisfyWarmth>false</canBeGeneratedToSatisfyWarmth>
    </apparel>
    <colorGenerator Class="ColorGenerator_StandardApparel" />
  </ThingDef>

  <ThingDef ParentName="ApparelBase">
    <defName>Apparel_Crown</defName>
    <label>crown</label>
    <description>A grand crown of metal with an elaborate design. Worn by upper-ranking nobles.</description>
    <smeltable>true</smeltable>
    <thingCategories>
      <li>HeadgearNoble</li>
    </thingCategories>
    <recipeMaker>
      <workSpeedStat>GeneralLaborSpeed</workSpeedStat>
      <workSkill>Crafting</workSkill>
      <effectWorking>Smith</effectWorking>
      <soundWorking>Recipe_Smith</soundWorking>
      <recipeUsers>
        <li>ElectricSmithy</li>
        <li>FueledSmithy</li>
      </recipeUsers>
      <defaultIngredientFilter>
        <categories>
          <li>Root</li>
        </categories>
        <disallowedThingDefs>
          <li>Jade</li>
          <li>Uranium</li>
        </disallowedThingDefs>
      </defaultIngredientFilter>
      <researchPrerequisite>RoyalApparel</researchPrerequisite>
    </recipeMaker>
    <graphicData>
      <texPath>Things/Pawn/Humanlike/Apparel/Crown/Crown</texPath>
      <graphicClass>Graphic_Single</graphicClass>
    </graphicData>
    <costStuffCount>75</costStuffCount>
    <stuffCategories>
      <li>Metallic</li>
      <!-- Stuff like jade here maybe? -->
    </stuffCategories>
    <statBases>
      <MaxHitPoints>80</MaxHitPoints>
      <WorkToMake>12000</WorkToMake>
      <Mass>0.9</Mass>
      <EquipDelay>0.8</EquipDelay>
    </statBases>
    <equippedStatOffsets>
      <SocialImpact>0.2</SocialImpact>
    </equippedStatOffsets>
    <apparel>
      <bodyPartGroups>
        <li>UpperHead</li>
      </bodyPartGroups>
      <wornGraphicPath>Things/Pawn/Humanlike/Apparel/Crown/Crown</wornGraphicPath>
      <layers>
        <li>Overhead</li>
      </layers>
      <tags>
        <li>Royal</li>
        <li>RoyalTier7</li>
      </tags>
      <canBeGeneratedToSatisfyWarmth>false</canBeGeneratedToSatisfyWarmth>
    </apparel>
    <colorGenerator Class="ColorGenerator_StandardApparel" />
  </ThingDef>
</Defs>