﻿<?xml version="1.0" encoding="utf-8" ?>

<Defs>
  <FleshTypeDef>
    <defName>Normal</defName>
    <corpseCategory>CorpsesAnimal</corpseCategory>
    <damageEffecter>Damage_HitFlesh</damageEffecter>
    <wounds>
      <li>
        <texture>Things/Pawn/Wounds/WoundFleshA</texture>
      </li>
      <li>
        <texture>Things/Pawn/Wounds/WoundFleshB</texture>
      </li>
      <li>
        <texture>Things/Pawn/Wounds/WoundFleshC</texture>
      </li>
    </wounds>
  </FleshTypeDef>

  <FleshTypeDef>
    <defName>Mechanoid</defName>
    <corpseCategory>CorpsesMechanoid</corpseCategory>
    <damageEffecter>Damage_HitMechanoid</damageEffecter>
    <wounds>
      <li>
        <texture>Things/Pawn/Wounds/WoundMechA</texture>
      </li>
      <li>
        <texture>Things/Pawn/Wounds/WoundMechB</texture>
      </li>
      <li>
        <texture>Things/Pawn/Wounds/WoundMechC</texture>
      </li>
    </wounds>
  </FleshTypeDef>

  <FleshTypeDef>
    <defName>Insectoid</defName>
    <ateDirect>AteInsectMeatDirect</ateDirect>
    <ateAsIngredient>AteInsectMeatAsIngredient</ateAsIngredient>
    <corpseCategory>CorpsesInsect</corpseCategory>
    <damageEffecter>Damage_HitInsect</damageEffecter>
    <wounds>
      <li>
        <texture>Things/Pawn/Wounds/WoundA</texture>
        <color>0.23,0.20,0.17</color>
      </li>
      <li>
        <texture>Things/Pawn/Wounds/WoundB</texture>
        <color>0.23,0.20,0.17</color>
      </li>
      <li>
        <texture>Things/Pawn/Wounds/WoundC</texture>
        <color>0.23,0.20,0.17</color>
      </li>
    </wounds>
  </FleshTypeDef>
</Defs>
