﻿<?xml version="1.0" encoding="utf-8" ?>
<Defs>

  <ThingDef ParentName="EtherealThingBase">
    <defName>MonumentMarker</defName>
    <label>monument marker</label>
    <description>Marks the place where you intend to build a monument. Once placed, this cannot be moved.</description>
    <thingClass>MonumentMarker</thingClass>
    <thingCategories>
      <li>BuildingsSpecial</li>
    </thingCategories>
    <altitudeLayer>Building</altitudeLayer>
    <statBases>
      <Mass>0</Mass>
    </statBases>
    <useSameGraphicForGhost>true</useSameGraphicForGhost>
    <tickerType>Normal</tickerType>
    <rotatable>false</rotatable>
    <selectable>true</selectable>
    <hasCustomRectForSelector>true</hasCustomRectForSelector>
    <drawerType>RealtimeOnly</drawerType>
    <drawOffscreen>true</drawOffscreen>
    <minifiedDef>MinifiedThing</minifiedDef>
    <drawPlaceWorkersWhileInstallBlueprintSelected>true</drawPlaceWorkersWhileInstallBlueprintSelected>
    <canLoadIntoCaravan>false</canLoadIntoCaravan>
    <graphicData>
      <graphicClass>Graphic_Single</graphicClass>
      <texPath>Things/Ethereal/MonumentMarkerBlueprint</texPath>
      <shaderType>Transparent</shaderType>
    </graphicData>
    <building>
      <blueprintGraphicData>
        <graphicClass>Graphic_Single</graphicClass>
        <texPath>Things/Ethereal/MonumentMarkerBlueprint</texPath>
        <shaderType>Transparent</shaderType>
      </blueprintGraphicData>
    </building>
    <placeWorkers>
      <li>PlaceWorker_MonumentMarker</li>
    </placeWorkers>
  </ThingDef>

</Defs>
