<?xml version="1.0" encoding="utf-8" ?>
<Defs>
  
  <IncidentDef>
    <defName>CaravanArrivalTributeCollector</defName>
    <label>tribute collector caravan arrival</label>
    <targetTags>
      <li>Map_PlayerHome</li>
    </targetTags>
    <workerClass>IncidentWorker_CaravanArrivalTributeCollector</workerClass>
    <category>FactionArrival</category>
    <baseChance>0</baseChance> <!-- given by a special storyteller comp -->
    <requireColonistsPresent>True</requireColonistsPresent>
  </IncidentDef>
  
</Defs>