﻿<?xml version="1.0" encoding="utf-8" ?>
<Defs>

  <!-- Mindscrew -->
  
  <HediffDef ParentName="ImplantHediffBase">
    <defName>Mindscrew</defName>
    <label>mindscrew</label>
    <labelNoun>a mindscrew</labelNoun>
    <description>An installed mindscrew.</description>
    <descriptionHyperlinks><ThingDef>Mindscrew</ThingDef></descriptionHyperlinks>
    <spawnThingOnRemoved>Mindscrew</spawnThingOnRemoved>
    <stages>
      <li>
        <painOffset>0.2</painOffset>
      </li>
    </stages>
  </HediffDef>

  <ThingDef ParentName="BodyPartProstheticImperialBase">
    <defName>Mindscrew</defName>
    <label>mindscrew</label>
    <description>Inflicts continuous pain on the user. Mindscrews are used by some authorities as a long-term punishment. Some even install them voluntarily as a demonstration of ideological or religious devotion.</description>
    <descriptionHyperlinks><RecipeDef>InstallMindscrew</RecipeDef></descriptionHyperlinks>
    <techHediffsTags>
      <li>PainCauser</li>
    </techHediffsTags>
    <thingSetMakerTags><li>RewardStandardLowFreq</li></thingSetMakerTags>
    <costList>
      <Steel>15</Steel>
      <ComponentIndustrial>4</ComponentIndustrial>
    </costList>
    <recipeMaker>
      <researchPrerequisite>BrainWiring</researchPrerequisite>
    </recipeMaker>
  </ThingDef>

  <RecipeDef ParentName="SurgeryInstallImplantBase">
    <defName>InstallMindscrew</defName>
    <label>install mindscrew</label>
    <description>Install a mindscrew.</description>
    <descriptionHyperlinks><ThingDef>Mindscrew</ThingDef></descriptionHyperlinks>
    <jobString>Installing mindscrew.</jobString>
    <ingredients>
      <li>
        <filter>
          <thingDefs>
            <li>Mindscrew</li>
          </thingDefs>
        </filter>
        <count>1</count>
      </li>
    </ingredients>
    <fixedIngredientFilter>
      <thingDefs>
        <li>Mindscrew</li>
      </thingDefs>
    </fixedIngredientFilter>
    <appliedOnFixedBodyParts>
      <li>Brain</li>
    </appliedOnFixedBodyParts>
    <addsHediff>Mindscrew</addsHediff>
  </RecipeDef>

  <!-- Drill arm -->

  <HediffDef ParentName="AddedBodyPartBase">
    <defName>DrillArm</defName>
    <label>drill arm</label>
    <labelNoun>a drill arm</labelNoun>
    <description>An installed drill arm.</description>
    <descriptionHyperlinks><ThingDef>DrillArm</ThingDef></descriptionHyperlinks>
    <addedPartProps>
      <solid>true</solid>
    </addedPartProps>
    <stages>
      <li>
        <statOffsets>
          <MiningSpeed>1.60</MiningSpeed>
        </statOffsets>
        <capMods>
          <li>
            <capacity>Moving</capacity>
            <offset>-0.08</offset>
          </li>
        </capMods>
      </li>
    </stages>
    <comps>
      <li Class="HediffCompProperties_VerbGiver">
        <tools>
          <li>
            <label>stab</label>
            <capacities>
              <li>Stab</li>
            </capacities>
            <power>13</power>
            <cooldownTime>2</cooldownTime>
            <alwaysTreatAsWeapon>true</alwaysTreatAsWeapon>
          </li>
        </tools>
      </li>
    </comps>
    <spawnThingOnRemoved>DrillArm</spawnThingOnRemoved>
  </HediffDef>

  <ThingDef ParentName="BodyPartProstheticImperialBase">
    <defName>DrillArm</defName>
    <label>drill arm</label>
    <description>A mechanical arm replacement for speeding up mining. It has a built-in snake drill, which allows the miner to rapidly find and exploit weak lines in the rock. It also has a general-purpose manipulator. It is somewhat ungainly, which slows down movement slightly.</description>
    <descriptionHyperlinks><RecipeDef>InstallDrillArm</RecipeDef></descriptionHyperlinks>
    <thingSetMakerTags><li>RewardStandardLowFreq</li></thingSetMakerTags>
    <costList>
      <Steel>60</Steel>
      <ComponentIndustrial>8</ComponentIndustrial>
    </costList>
    <recipeMaker>
      <researchPrerequisite>SpecializedLimbs</researchPrerequisite>
    </recipeMaker>
  </ThingDef>

  <RecipeDef ParentName="SurgeryInstallBodyPartProstheticBase">
    <defName>InstallDrillArm</defName>
    <label>install drill arm</label>
    <description>Install a drill arm.</description>
    <descriptionHyperlinks><ThingDef>DrillArm</ThingDef></descriptionHyperlinks>
    <jobString>Installing drill arm.</jobString>
    <ingredients>
      <li>
        <filter>
          <thingDefs>
            <li>DrillArm</li>
          </thingDefs>
        </filter>
        <count>1</count>
      </li>
    </ingredients>
    <fixedIngredientFilter>
      <thingDefs>
        <li>DrillArm</li>
      </thingDefs>
    </fixedIngredientFilter>
    <appliedOnFixedBodyParts>
      <li>Arm</li>
    </appliedOnFixedBodyParts>
    <addsHediff>DrillArm</addsHediff>
  </RecipeDef>

  <!-- Field hand -->

  <HediffDef ParentName="AddedBodyPartBase">
    <defName>FieldHand</defName>
    <label>field hand</label>
    <labelNoun>a field hand</labelNoun>
    <description>An installed field hand.</description>
    <descriptionHyperlinks><ThingDef>FieldHand</ThingDef></descriptionHyperlinks>
    <addedPartProps>
      <solid>true</solid>
    </addedPartProps>
    <stages>
      <li>
        <statOffsets>
          <PlantWorkSpeed>1.60</PlantWorkSpeed>
        </statOffsets>
        <capMods>
          <li>
            <capacity>Moving</capacity>
            <offset>-0.08</offset>
          </li>
        </capMods>
      </li>
    </stages>
    <comps>
      <li Class="HediffCompProperties_VerbGiver">
        <tools>
          <li>
            <label>punch</label>
            <capacities>
              <li>Blunt</li>
            </capacities>
            <power>9</power>
            <cooldownTime>2</cooldownTime>
            <alwaysTreatAsWeapon>false</alwaysTreatAsWeapon>
          </li>
        </tools>
      </li>
    </comps>
    <spawnThingOnRemoved>FieldHand</spawnThingOnRemoved>
  </HediffDef>

  <ThingDef ParentName="BodyPartProstheticImperialBase">
    <defName>FieldHand</defName>
    <label>field hand</label>
    <description>This mechanical hand replacement is made to speed up the sowing and harvesting tasks of a farmer. Multiple telescoping finger-like protrusions can simultaneously harvest from several points on the same plant, or precisely sow several holes at once. It also has a general-purpose manipulator. It is somewhat ungainly, which slows down movement slightly.</description>
    <descriptionHyperlinks><RecipeDef>InstallFieldHand</RecipeDef></descriptionHyperlinks>
    <thingSetMakerTags><li>RewardStandardLowFreq</li></thingSetMakerTags>
    <costList>
      <Steel>60</Steel>
      <ComponentIndustrial>8</ComponentIndustrial>
    </costList>
    <recipeMaker>
      <researchPrerequisite>SpecializedLimbs</researchPrerequisite>
    </recipeMaker>
  </ThingDef>

  <RecipeDef ParentName="SurgeryInstallBodyPartProstheticBase">
    <defName>InstallFieldHand</defName>
    <label>install field hand</label>
    <description>Install a field hand.</description>
    <descriptionHyperlinks><ThingDef>FieldHand</ThingDef></descriptionHyperlinks>
    <jobString>Installing field hand.</jobString>
    <ingredients>
      <li>
        <filter>
          <thingDefs>
            <li>FieldHand</li>
          </thingDefs>
        </filter>
        <count>1</count>
      </li>
    </ingredients>
    <fixedIngredientFilter>
      <thingDefs>
        <li>FieldHand</li>
      </thingDefs>
    </fixedIngredientFilter>
    <appliedOnFixedBodyParts>
      <li>Hand</li>
    </appliedOnFixedBodyParts>
    <addsHediff>FieldHand</addsHediff>
  </RecipeDef>

  <!-- Hand talon -->

  <HediffDef ParentName="ImplantHediffBase">
    <defName>HandTalon</defName>
    <label>hand talon</label>
    <labelNoun>a hand talon</labelNoun>
    <description>An installed hand talon.</description>
    <descriptionHyperlinks><ThingDef>HandTalon</ThingDef></descriptionHyperlinks>
    <addedPartProps>
      <solid>true</solid>
    </addedPartProps>
    <comps>
      <li Class="HediffCompProperties_VerbGiver">
        <tools>
          <li>
            <label>scratch</label>
            <capacities>
              <li>Scratch</li>
            </capacities>
            <power>15</power>
            <cooldownTime>2</cooldownTime>
            <alwaysTreatAsWeapon>true</alwaysTreatAsWeapon>
          </li>
        </tools>
      </li>
    </comps>
    <spawnThingOnRemoved>HandTalon</spawnThingOnRemoved>
  </HediffDef>

  <ThingDef ParentName="BodyPartProstheticImperialBase">
    <defName>HandTalon</defName>
    <label>hand talon</label>
    <description>A razor-sharp talon which extends from a hidden opening between the middle and ring fingers. The talon is longer than the palm, but it becomes flexible upon retracting, allowing the user to curl it up and conceal it inside the palm of the hand.</description>
    <descriptionHyperlinks><RecipeDef>InstallHandTalon</RecipeDef></descriptionHyperlinks>
    <thingSetMakerTags><li>RewardStandardLowFreq</li></thingSetMakerTags>
    <costList>
      <Steel>15</Steel>
      <ComponentIndustrial>4</ComponentIndustrial>
    </costList>
    <recipeMaker>
      <researchPrerequisite>CompactWeaponry</researchPrerequisite>
    </recipeMaker>
    <techHediffsTags>
      <li>AdvancedWeapon</li>
    </techHediffsTags>
  </ThingDef>

  <RecipeDef ParentName="SurgeryInstallImplantBase">
    <defName>InstallHandTalon</defName>
    <label>install hand talon</label>
    <description>Install a hand talon.</description>
    <descriptionHyperlinks><ThingDef>HandTalon</ThingDef></descriptionHyperlinks>
    <jobString>Installing hand talon.</jobString>
    <ingredients>
      <li>
        <filter>
          <thingDefs>
            <li>HandTalon</li>
          </thingDefs>
        </filter>
        <count>1</count>
      </li>
    </ingredients>
    <fixedIngredientFilter>
      <thingDefs>
        <li>HandTalon</li>
      </thingDefs>
    </fixedIngredientFilter>
    <appliedOnFixedBodyParts>
      <li>Hand</li>
    </appliedOnFixedBodyParts>
    <addsHediff>HandTalon</addsHediff>
  </RecipeDef>

  <!-- Elbow blade -->

  <HediffDef ParentName="ImplantHediffBase">
    <defName>ElbowBlade</defName>
    <label>elbow blade</label>
    <labelNoun>an elbow blade</labelNoun>
    <description>An installed elbow blade.</description>
    <descriptionHyperlinks><ThingDef>ElbowBlade</ThingDef></descriptionHyperlinks>
    <addedPartProps>
      <solid>true</solid>
    </addedPartProps>
    <comps>
      <li Class="HediffCompProperties_VerbGiver">
        <tools>
          <li>
            <label>slice</label>
            <capacities>
              <li>Cut</li>
            </capacities>
            <power>15</power>
            <cooldownTime>2</cooldownTime>
            <alwaysTreatAsWeapon>true</alwaysTreatAsWeapon>
          </li>
        </tools>
      </li>
    </comps>
    <spawnThingOnRemoved>ElbowBlade</spawnThingOnRemoved>
  </HediffDef>

  <ThingDef ParentName="BodyPartProstheticImperialBase">
    <defName>ElbowBlade</defName>
    <label>elbow blade</label>
    <description>A razor-sharp blade that extends at will from a hidden opening at the end of the ulna. Appearing without warning, it can be used for devastating slice attacks.</description>
    <descriptionHyperlinks><RecipeDef>InstallElbowBlade</RecipeDef></descriptionHyperlinks>
    <thingSetMakerTags><li>RewardStandardLowFreq</li></thingSetMakerTags>
    <costList>
      <Steel>15</Steel>
      <ComponentIndustrial>4</ComponentIndustrial>
    </costList>
    <recipeMaker>
      <researchPrerequisite>CompactWeaponry</researchPrerequisite>
    </recipeMaker>
    <techHediffsTags>
      <li>AdvancedWeapon</li>
    </techHediffsTags>
  </ThingDef>

  <RecipeDef ParentName="SurgeryInstallImplantBase">
    <defName>InstallElbowBlade</defName>
    <label>install elbow blade</label>
    <description>Install an elbow blade.</description>
    <descriptionHyperlinks><ThingDef>ElbowBlade</ThingDef></descriptionHyperlinks>
    <jobString>Installing elbow blade.</jobString>
    <ingredients>
      <li>
        <filter>
          <thingDefs>
            <li>ElbowBlade</li>
          </thingDefs>
        </filter>
        <count>1</count>
      </li>
    </ingredients>
    <fixedIngredientFilter>
      <thingDefs>
        <li>ElbowBlade</li>
      </thingDefs>
    </fixedIngredientFilter>
    <appliedOnFixedBodyParts>
      <li>Arm</li>
    </appliedOnFixedBodyParts>
    <addsHediff>ElbowBlade</addsHediff>
  </RecipeDef>

  <!-- Knee spike -->

  <HediffDef ParentName="ImplantHediffBase">
    <defName>KneeSpike</defName>
    <label>knee spike</label>
    <labelNoun>a knee spike</labelNoun>
    <description>An installed knee spike.</description>
    <descriptionHyperlinks><ThingDef>KneeSpike</ThingDef></descriptionHyperlinks>
    <addedPartProps>
      <solid>true</solid>
    </addedPartProps>
    <comps>
      <li Class="HediffCompProperties_VerbGiver">
        <tools>
          <li>
            <label>stab</label>
            <capacities>
              <li>Stab</li>
            </capacities>
            <power>15</power>
            <cooldownTime>2</cooldownTime>
            <alwaysTreatAsWeapon>true</alwaysTreatAsWeapon>
          </li>
        </tools>
      </li>
    </comps>
    <spawnThingOnRemoved>KneeSpike</spawnThingOnRemoved>
  </HediffDef>

  <ThingDef ParentName="BodyPartProstheticImperialBase">
    <defName>KneeSpike</defName>
    <label>knee spike</label>
    <description>A spike that extends at will from a hidden opening on the front of the knee. Appearing without warning, it can be used for devastating stabbing attacks.</description>
    <descriptionHyperlinks><RecipeDef>InstallKneeSpike</RecipeDef></descriptionHyperlinks>
    <thingSetMakerTags><li>RewardStandardLowFreq</li></thingSetMakerTags>
    <costList>
      <Steel>15</Steel>
      <ComponentIndustrial>4</ComponentIndustrial>
    </costList>
    <recipeMaker>
      <researchPrerequisite>CompactWeaponry</researchPrerequisite>
    </recipeMaker>
    <techHediffsTags>
      <li>AdvancedWeapon</li>
    </techHediffsTags>
  </ThingDef>

  <RecipeDef ParentName="SurgeryInstallImplantBase">
    <defName>InstallKneeSpike</defName>
    <label>install knee spike</label>
    <description>Install a knee spike.</description>
    <descriptionHyperlinks><ThingDef>KneeSpike</ThingDef></descriptionHyperlinks>
    <jobString>Installing knee spike.</jobString>
    <ingredients>
      <li>
        <filter>
          <thingDefs>
            <li>KneeSpike</li>
          </thingDefs>
        </filter>
        <count>1</count>
      </li>
    </ingredients>
    <fixedIngredientFilter>
      <thingDefs>
        <li>KneeSpike</li>
      </thingDefs>
    </fixedIngredientFilter>
    <appliedOnFixedBodyParts>
      <li>Leg</li>
    </appliedOnFixedBodyParts>
    <addsHediff>KneeSpike</addsHediff>
  </RecipeDef>

  <!-- venom fangs -->

  <HediffDef ParentName="ImplantHediffBase">
    <defName>VenomFangs</defName>
    <label>venom fangs</label>
    <labelNoun>a set of venom fangs</labelNoun>
    <description>An installed set of venom fangs.</description>
    <descriptionHyperlinks><ThingDef>VenomFangs</ThingDef></descriptionHyperlinks>
    <addedPartProps>
      <solid>true</solid>
    </addedPartProps>
    <comps>
      <li Class="HediffCompProperties_VerbGiver">
        <tools>
          <li>
            <label>venom fangs</label>
            <capacities>
              <li>ToxicBite</li>
            </capacities>
            <power>8.2</power>
            <cooldownTime>2</cooldownTime>
            <alwaysTreatAsWeapon>true</alwaysTreatAsWeapon>
          </li>
        </tools>
      </li>
    </comps>
    <spawnThingOnRemoved>VenomFangs</spawnThingOnRemoved>
  </HediffDef>

  <ThingDef ParentName="BodyPartProstheticImperialBase">
    <defName>VenomFangs</defName>
    <label>venom fangs</label>
    <description>A pair of tiny injectors implanted through the canine teeth, connected to a venom pump. The user can bite an enemy, extend the injectors, and pump venom into the target.</description>
    <descriptionHyperlinks><RecipeDef>InstallVenomFangs</RecipeDef></descriptionHyperlinks>
    <thingSetMakerTags><li>RewardStandardLowFreq</li></thingSetMakerTags>
    <costList>
      <Steel>15</Steel>
      <ComponentIndustrial>4</ComponentIndustrial>
    </costList>
    <recipeMaker>
      <researchPrerequisite>VenomSynthesis</researchPrerequisite>
    </recipeMaker>
    <techHediffsTags>
      <li>AdvancedWeapon</li>
    </techHediffsTags>
  </ThingDef>

  <RecipeDef ParentName="SurgeryInstallImplantBase">
    <defName>InstallVenomFangs</defName>
    <label>install venom fangs</label>
    <description>Install venom fangs.</description>
    <descriptionHyperlinks><ThingDef>VenomFangs</ThingDef></descriptionHyperlinks>
    <jobString>Installing venom fangs.</jobString>
    <ingredients>
      <li>
        <filter>
          <thingDefs>
            <li>VenomFangs</li>
          </thingDefs>
        </filter>
        <count>1</count>
      </li>
    </ingredients>
    <fixedIngredientFilter>
      <thingDefs>
        <li>VenomFangs</li>
      </thingDefs>
    </fixedIngredientFilter>
    <appliedOnFixedBodyPartGroups>
      <li>Teeth</li>
    </appliedOnFixedBodyPartGroups>
    <addsHediff>VenomFangs</addsHediff>
  </RecipeDef>

  <!-- venom talon -->

  <HediffDef ParentName="ImplantHediffBase">
    <defName>VenomTalon</defName>
    <label>venom talon</label>
    <labelNoun>a venom talon</labelNoun>
    <description>An installed venom talon.</description>
    <descriptionHyperlinks><ThingDef>VenomTalon</ThingDef></descriptionHyperlinks>
    <comps>
      <li Class="HediffCompProperties_VerbGiver">
        <tools>
          <li>
            <label>venom talon</label>
            <capacities>
              <li>ScratchToxic</li>
            </capacities>
            <power>8.2</power>
            <cooldownTime>2</cooldownTime>
            <alwaysTreatAsWeapon>true</alwaysTreatAsWeapon>
          </li>
        </tools>
      </li>
    </comps>
    <spawnThingOnRemoved>VenomTalon</spawnThingOnRemoved>
  </HediffDef>

  <ThingDef ParentName="BodyPartProstheticImperialBase">
    <defName>VenomTalon</defName>
    <label>venom talon</label>
    <description>A retractable finger talon connected to a venom pump in the lower arm. The user can scratch an enemy while squirting venom into the wound. The talon is designed to be installed in the middle finger.</description>
    <descriptionHyperlinks><RecipeDef>InstallVenomTalon</RecipeDef></descriptionHyperlinks>
    <thingSetMakerTags><li>RewardStandardLowFreq</li></thingSetMakerTags>
    <costList>
      <Steel>15</Steel>
      <ComponentIndustrial>4</ComponentIndustrial>
    </costList>
    <recipeMaker>
      <researchPrerequisite>VenomSynthesis</researchPrerequisite>
    </recipeMaker>
    <techHediffsTags>
      <li>AdvancedWeapon</li>
    </techHediffsTags>
  </ThingDef>

  <RecipeDef ParentName="SurgeryInstallImplantBase">
    <defName>InstallVenomTalon</defName>
    <label>install venom talon</label>
    <description>Install a venom talon.</description>
    <descriptionHyperlinks><ThingDef>VenomTalon</ThingDef></descriptionHyperlinks>
    <jobString>Installing venom talon.</jobString>
    <ingredients>
      <li>
        <filter>
          <thingDefs>
            <li>VenomTalon</li>
          </thingDefs>
        </filter>
        <count>1</count>
      </li>
    </ingredients>
    <fixedIngredientFilter>
      <thingDefs>
        <li>VenomTalon</li>
      </thingDefs>
    </fixedIngredientFilter>
    <appliedOnFixedBodyPartGroups>
      <li>MiddleFingers</li>
    </appliedOnFixedBodyPartGroups>
    <addsHediff>VenomTalon</addsHediff>
  </RecipeDef>

</Defs>