﻿<?xml version="1.0" encoding="utf-8" ?>
<Defs>

  <ThingDef ParentName="ResourceBase" Name="ArtifactBase" Abstract="True">
    <thingClass>ThingWithComps</thingClass>
    <techLevel>Archotech</techLevel>
    <thingCategories>
      <li>Artifacts</li>
    </thingCategories>
    <tradeTags>
      <li>Artifact</li>
    </tradeTags>
    <thingSetMakerTags><li>RewardStandardMidFreq</li></thingSetMakerTags>
    <statBases>
      <Mass>0.5</Mass>
    </statBases>
    <comps>
      <li Class="CompProperties_Usable">
        <useJob>UseArtifact</useJob>
        <useLabel>Activate</useLabel>
      </li>
      <li Class="CompProperties_UseEffect">
        <compClass>CompUseEffect_DestroySelf</compClass>
      </li>
    </comps>
  </ThingDef>

  <ThingDef ParentName="ArtifactBase">
    <defName>PsychicInsanityLance</defName>
    <label>psychic insanity lance</label>
    <description>A one-use psychic effector. It overwhelms the target's mind with terrifying perceptual distortions, driving him into a berserk state. There is a risk of brain damage. It works at long distances, and through walls.</description>
    <graphicData>
      <texPath>Things/Item/Artifact/PsychicInsanityLance</texPath>
      <graphicClass>Graphic_Single</graphicClass>
    </graphicData>
    <resourceReadoutPriority>Middle</resourceReadoutPriority>
    <stackLimit>1</stackLimit>
    <tradeNeverStack>true</tradeNeverStack>
    <useHitPoints>true</useHitPoints>
    <statBases>
      <MarketValue>650</MarketValue>
      <MaxHitPoints>80</MaxHitPoints>
    </statBases>
    <drawGUIOverlay>false</drawGUIOverlay>
    <comps>
      <li Class="CompProperties_Targetable">
        <compClass>CompTargetable_SinglePawn</compClass>
        <psychicSensitiveTargetsOnly>true</psychicSensitiveTargetsOnly>
        <nonDownedPawnOnly>true</nonDownedPawnOnly>
        <moteOnTarget>Mote_PsycastPsychicEffect</moteOnTarget>
        <moteConnecting>Mote_PsycastPsychicLine</moteConnecting>
      </li>
      <li>
        <compClass>CompTargetEffect_Berserk</compClass>
      </li>
      <li Class="CompProperties_TargetEffect_BrainDamageChance">
        <brainDamageChance>0.3</brainDamageChance>
      </li>
      <li Class="CompProperties_TargetEffect_GoodwillImpact">
        <goodwillImpact>-200</goodwillImpact>
      </li>
      <li Class="CompProperties_UseEffectArtifact">
        <sound>PsychicInsanityLanceCast</sound>
      </li>
    </comps>
  </ThingDef>
  
  <ThingDef ParentName="ArtifactBase">
    <defName>PsychicShockLance</defName>
    <label>psychic shock lance</label>
    <description>A one-use psychic effector. It shocks the target's mind with chaotic images, blocking coherent perception and dropping him into a state of psychic shock. There is a risk of brain damage. It works at long distances, and through walls.</description>
    <graphicData>
      <texPath>Things/Item/Artifact/PsychicShockLance</texPath>
      <graphicClass>Graphic_Single</graphicClass>
    </graphicData>
    <resourceReadoutPriority>Middle</resourceReadoutPriority>
    <stackLimit>1</stackLimit>
    <tradeNeverStack>true</tradeNeverStack>
    <useHitPoints>true</useHitPoints>
    <statBases>
      <MarketValue>550</MarketValue>
      <MaxHitPoints>80</MaxHitPoints>
    </statBases>
    <drawGUIOverlay>false</drawGUIOverlay>
    <comps>
      <li Class="CompProperties_Targetable">
        <compClass>CompTargetable_SinglePawn</compClass>
        <psychicSensitiveTargetsOnly>true</psychicSensitiveTargetsOnly>
        <nonDownedPawnOnly>true</nonDownedPawnOnly>
        <moteOnTarget>Mote_PsycastPsychicEffect</moteOnTarget>
        <moteConnecting>Mote_PsycastPsychicLine</moteConnecting>
      </li>
      <li>
        <compClass>CompTargetEffect_PsychicShock</compClass>
      </li>
      <li Class="CompProperties_TargetEffect_BrainDamageChance">
        <brainDamageChance>0.3</brainDamageChance>
      </li>
      <li Class="CompProperties_TargetEffect_GoodwillImpact">
        <goodwillImpact>-200</goodwillImpact>
      </li>
      <li Class="CompProperties_UseEffectArtifact">
        <sound>PsychicShockLanceCast</sound>
      </li>
    </comps>
  </ThingDef>

  <ThingDef ParentName="ArtifactBase">
    <defName>PsychicAnimalPulser</defName>
    <label>psychic animal pulser</label>
    <description>A one-use broad-wave psychic effector. The psychic pulse fills lower minds with terrifying imagery, driving all animals in the region into a manhunting rage. Animals currently under your control will not be affected.</description>
    <graphicData>
      <texPath>Things/Item/Artifact/PsychicAnimalPulser</texPath>
      <graphicClass>Graphic_Single</graphicClass>
    </graphicData>
    <resourceReadoutPriority>Middle</resourceReadoutPriority>
    <stackLimit>1</stackLimit>
    <tradeNeverStack>true</tradeNeverStack>
    <useHitPoints>true</useHitPoints>
    <statBases>
      <MarketValue>700</MarketValue>
      <MaxHitPoints>80</MaxHitPoints>
    </statBases>
    <drawGUIOverlay>false</drawGUIOverlay>
    <comps>
      <li Class="CompProperties_Targetable">
        <compClass>CompTargetable_AllAnimalsOnTheMap</compClass>
        <psychicSensitiveTargetsOnly>true</psychicSensitiveTargetsOnly>
        <doCameraShake>true</doCameraShake>
        <moteOnTarget>Mote_PsycastPsychicEffect</moteOnTarget>
        <moteOnUsed>Mote_PsycastAreaEffect</moteOnUsed>
        <moteOnUsedScale>10</moteOnUsedScale>
        <ignorePlayerFactionPawns>True</ignorePlayerFactionPawns>
      </li>
      <li>
        <compClass>CompTargetEffect_Manhunter</compClass>
      </li>
      <li Class="CompProperties_TargetEffect_GoodwillImpact">
        <goodwillImpact>-200</goodwillImpact>
      </li>
      <li Class="CompProperties_UseEffectArtifact">
        <sound>PsychicAnimalPulserCast</sound>
      </li>
    </comps>
  </ThingDef>
  
  <ThingDef ParentName="ArtifactBase">
    <defName>PsychicSoothePulser</defName>
    <label>psychic soothe pulser</label>
    <description>A one-use broad-wave psychic effector. The psychic pulse induces self-satisfying perceptual distortions, giving a temporary mood boost to everyone in the region.</description>
    <graphicData>
      <texPath>Things/Item/Artifact/PsychicSoothePulser</texPath>
      <graphicClass>Graphic_Single</graphicClass>
    </graphicData>
    <resourceReadoutPriority>Middle</resourceReadoutPriority>
    <stackLimit>1</stackLimit>
    <tradeNeverStack>true</tradeNeverStack>
    <useHitPoints>true</useHitPoints>
    <statBases>
      <MarketValue>600</MarketValue>
      <MaxHitPoints>80</MaxHitPoints>
    </statBases>
    <drawGUIOverlay>false</drawGUIOverlay>
    <comps>
      <li Class="CompProperties_Targetable">
        <compClass>CompTargetable_AllPawnsOnTheMap</compClass>
        <psychicSensitiveTargetsOnly>true</psychicSensitiveTargetsOnly>
        <doCameraShake>true</doCameraShake>
        <moteOnTarget>Mote_PsycastPsychicEffect</moteOnTarget>
        <moteOnUsed>Mote_PsycastAreaEffect</moteOnUsed>
        <moteOnUsedScale>10</moteOnUsedScale>
      </li>
      <li>
        <compClass>CompTargetEffect_MoodBoost</compClass>
      </li>
      <li Class="CompProperties_UseEffectArtifact">
        <sound>PsychicSoothePulserCast</sound>
      </li>
    </comps>
  </ThingDef>
  
</Defs>
