﻿<?xml version="1.0" encoding="utf-8" ?>
<Defs>

  <FactionDef>
    <defName>Empire</defName>
    <label>shattered empire</label>
    <categoryTag>Empire</categoryTag>
    <description>An ultratech refugee society from another planet, organized along feudal lines.\n\nThey lived for thousands of years in a stable multi-planet empire with a strict caste system, an intricate code of warrior ethics, and enforced cultural stasis. Invaded by powerful outsiders, they fled. Despite losing almost all of their people, their fleet and technology still make them powerful.\n\nThey will refuse to trade with anyone who lacks the appropriate royal title.</description>
    <pawnSingular>imperial</pawnSingular>
    <pawnsPlural>imperials</pawnsPlural>
    <listOrderPriority>100</listOrderPriority>
    <settlementGenerationWeight>1</settlementGenerationWeight>
    <requiredCountAtGameStart>1</requiredCountAtGameStart>
    <maxCountAtGameStart>1</maxCountAtGameStart>
    <canSiege>true</canSiege>
    <canStageAttacks>true</canStageAttacks>
    <leaderTitle>high stellarch</leaderTitle>
    <royalFavorLabel>royal favor</royalFavorLabel>
    <leaderForceGenerateNewPawn>true</leaderForceGenerateNewPawn>
    <factionNameMaker>NamerFactionEmpire</factionNameMaker>
    <settlementNameMaker>NamerSettlementEmpire</settlementNameMaker>
    <pawnNameMaker>NamerPersonEmpire</pawnNameMaker>
    <pawnNameMakerFemale>NamerPersonEmpireFemale</pawnNameMakerFemale>
    <factionIconPath>World/WorldObjects/Expanding/Empire</factionIconPath>
    <techLevel>Ultra</techLevel>
    <backstoryFilters>
      <li>
        <categories>
          <li>ImperialCommon</li>
        </categories>
      </li>
    </backstoryFilters>
    <geneticVariance>0.8</geneticVariance>
    <apparelStuffFilter>
      <stuffCategoriesToAllow>
        <li>Metallic</li>
        <li>Fabric</li>
      </stuffCategoriesToAllow>
      <disallowedThingDefs>
        <li>DevilstrandCloth</li>
        <li>Hyperweave</li>
      </disallowedThingDefs>
    </apparelStuffFilter>
    <hairTags>
      <li>Urban</li>
      <li>Rural</li>
    </hairTags>
    <allowedArrivalTemperatureRange>-40~45</allowedArrivalTemperatureRange>
    <settlementTexturePath>World/WorldObjects/DefaultSettlement</settlementTexturePath>
    <colorSpectrum>
      <li>(0.85, 0.85, 0.75)</li>
    </colorSpectrum>
    <fixedLeaderKinds>
      <li>Empire_Royal_Stellarch</li>
    </fixedLeaderKinds>
    <royalTitleTags>
      <li>EmpireTitle</li>
    </royalTitleTags>
    <baseTraderKinds>
      <li>Base_Empire_Standard</li>
    </baseTraderKinds>
    <caravanTraderKinds>
      <li>Empire_Caravan_TraderGeneral</li>
    </caravanTraderKinds>
    <royalTitleInheritanceWorkerClass>RoyalTitleInheritanceWorker</royalTitleInheritanceWorkerClass>
    <royalTitleInheritanceRelations>
      <li>Child</li>
      <li>Grandchild</li>
      <li>GreatGrandchild</li>
      <li>NephewOrNiece</li>
      <li>Spouse</li>
      <li>Sibling</li>
      <li>HalfSibling</li>
      <li>Cousin</li>
      <li>Parent</li>
      <li>UncleOrAunt</li>
    </royalTitleInheritanceRelations>
    <minTitleForBladelinkWeapons>Knight</minTitleForBladelinkWeapons>
    <royalImplantRules>
      <li>
        <implantHediff>PsychicAmplifier</implantHediff>
        <maxLevel>1</maxLevel>
        <minTitle>Yeoman</minTitle>
      </li>
      <li>
        <implantHediff>PsychicAmplifier</implantHediff>
        <maxLevel>2</maxLevel>
        <minTitle>Esquire</minTitle>
      </li>
      <li>
        <implantHediff>PsychicAmplifier</implantHediff>
        <maxLevel>3</maxLevel>
        <minTitle>Knight</minTitle>
      </li>
      <li>
        <implantHediff>PsychicAmplifier</implantHediff>
        <maxLevel>4</maxLevel>
        <minTitle>Praetor</minTitle>
      </li>
      <li>
        <implantHediff>PsychicAmplifier</implantHediff>
        <maxLevel>5</maxLevel>
        <minTitle>Baron</minTitle>
      </li>
      <li>
        <implantHediff>PsychicAmplifier</implantHediff>
        <maxLevel>6</maxLevel>
        <minTitle>Count</minTitle>
      </li>
    </royalImplantRules>
    <raidCommonalityFromPointsCurve>
      <points>
        <li>(0, 1)</li> <!--Constant 1 at all points levels-->
      </points>
    </raidCommonalityFromPointsCurve>
    <maxPawnCostPerTotalPointsCurve>
      <points>
        <li>(500, 100)</li> <!-- Can always use relatively strong pawns, because empire doesn't really have weak ones -->
        <li>(1000, 150)</li>
        <li>(2000, 250)</li>
        <li>(2001, 10000)</li>
      </points>
    </maxPawnCostPerTotalPointsCurve>
    <renounceTitleMessage>Bladelink and psycast use will become illegal</renounceTitleMessage>
    <pawnGroupMakers>
      <!-- Traders - TODO -->
      <li>
        <kindDef>Trader</kindDef>
        <traders>
          <Empire_Common_Trader>1</Empire_Common_Trader>
        </traders>
        <carriers>
          <Muffalo>6</Muffalo>
          <Dromedary>5</Dromedary>
          <Alpaca>2</Alpaca>
          <Elephant>1</Elephant>
        </carriers>
        <guards>
          <Villager>3</Villager>
          <Empire_Fighter_Trooper>10</Empire_Fighter_Trooper>
          <Empire_Fighter_Cataphract>1.5</Empire_Fighter_Cataphract>
          <Empire_Fighter_Janissary>7</Empire_Fighter_Janissary>
          <Empire_Fighter_Champion>10</Empire_Fighter_Champion>
        </guards>
      </li>
      <li>
        <!-- Normal fights -->
        <kindDef>Combat</kindDef>
        <commonality>100</commonality>
        <options>
          <Empire_Fighter_Trooper>5</Empire_Fighter_Trooper>
          <Empire_Fighter_Janissary>3.5</Empire_Fighter_Janissary>
          <Empire_Fighter_Cataphract>2</Empire_Fighter_Cataphract>
          <Empire_Fighter_Champion>4</Empire_Fighter_Champion>
        </options>
      </li>
      <li>
        <!-- Base defense, mainly ranged with melee mix-ins -->
        <kindDef>Settlement</kindDef>
        <options>
          <Empire_Fighter_Trooper>5</Empire_Fighter_Trooper>
          <Empire_Fighter_Janissary>3.5</Empire_Fighter_Janissary>
          <Empire_Fighter_Cataphract>2</Empire_Fighter_Cataphract>
          <Empire_Fighter_Champion>4</Empire_Fighter_Champion>
      </options>
      </li>
    </pawnGroupMakers>
  </FactionDef>

  <!-- =============================== Names =============================== -->

  <RulePackDef>
    <defName>NamerFactionEmpire</defName>
    <include>
      <li>EmpireNameUtility</li>
    </include>
    <rulePack>
      <rulesStrings>
        <li>r_name(p=2)->[empire] of [ofThing]</li>
        <li>r_name(p=2)->The [empire] of [ofThing]</li>
        <li>r_name->The Exodus [empire]</li>
        <li>r_name->The Refugee [empire]</li>
        <li>r_name->The Broken [empire]</li>
        <li>r_name->The Shattered [empire]</li>
        <li>r_name->The Fallen [empire]</li>
        <li>r_name->The [Color] [empire]</li>

        <li>empire(p=4)->Empire</li>
        <li>empire->Commonwealth</li>
        <li>empire->Imperium</li>
        <li>empire->Dominion</li>
        <li>empire->Sovereignty</li>

        <li>ofThing(p=4)->[WordImperial]</li>
        <li>ofThing->the Sun</li>
        <li>ofThing->the Moon</li>
        <li>ofThing->the Universe</li>
        <li>ofThing->God</li>
        <li>ofThing->Perfection</li>
        <li>ofThing->Eternity</li>
        <li>ofThing->the Spirit</li>
      </rulesStrings>
    </rulePack>
  </RulePackDef>

  <RulePackDef>
    <defName>NamerSettlementEmpire</defName>
    <include>
      <li>EmpireNameUtility</li>
    </include>
    <rulePack>
      <rulesStrings>
        <li>r_name->[townname_wordgen]</li>
        <li>r_name->[townname_fixed]</li>

        <li>townname_wordgen->[WordImperial]</li>
        <li>townname_wordgen->[WordImperial][townend]</li>
        <li>townend(p=3)->ium</li>
        <li>townend(p=3)->ior</li>
        <li>townend(p=3)->polis</li>
        <li>townend->nor</li>
        <li>townend->lan</li>
        <li>townend->lax</li>
        <li>townend->lix</li>
        <li>townend->lin</li>
        <li>townend->lian</li>
        <li>townend->phrum</li>
        <li>townend->phor</li>
        <li>townend->teor</li>
        <li>townend->ople</li>
        <li>townend->opium</li>
        <li>townend->or</li>
        <li>townend->aetor</li>
        <li>townend->aeum</li>
        <li>townend->aetium</li>
        <li>townend->am</li>
        <li>townend->aeum</li>
      </rulesStrings>
      <rulesFiles>
        <li>townname_fixed->Names/EmpireTown</li>
      </rulesFiles>
    </rulePack>
  </RulePackDef>

  <RulePackDef>
    <defName>NamerPersonEmpire</defName>
    <include>
      <li>EmpireNameUtility</li>
    </include>
    <rulePack>
      <rulesStrings>
        <li>r_name(p=3)->[ImperialNameFirstMale] [ImperialNameLast]</li>
        <li>r_name(p=2)->[ImperialNameFirstMale] [WordImperial]</li>
        <li>r_name(p=2)->[WordImperial] [WordImperial]</li>
      </rulesStrings>
    </rulePack>
  </RulePackDef>

  <RulePackDef>
    <defName>NamerPersonEmpireFemale</defName>
    <include>
      <li>EmpireNameUtility</li>
    </include>
    <rulePack>
      <rulesStrings>
        <li>r_name(p=3)->[ImperialNameFirstFemale] [ImperialNameLast]</li>
        <li>r_name(p=2)->[ImperialNameFirstFemale] [WordImperial]</li>
        <li>r_name(p=2)->[WordImperial] [WordImperial]</li>
      </rulesStrings>
    </rulePack>
  </RulePackDef>

</Defs>