﻿<?xml version="1.0" encoding="utf-8" ?>
<Defs>

  <FactionDef Abstract="True" Name="AncientsBase">
    <pawnSingular>ancient</pawnSingular>
    <pawnsPlural>ancients</pawnsPlural>
    <categoryTag>Ancient</categoryTag>
    <requiredCountAtGameStart>1</requiredCountAtGameStart>
    <fixedName>Ancients</fixedName>
    <factionIconPath>World/WorldObjects/Expanding/Sites/DownedRefugee</factionIconPath>
    <techLevel>Spacer</techLevel>
    <backstoryFilters>
      <li>
        <categories>
          <li>Offworld</li>
        </categories>
      </li>
    </backstoryFilters>
    <hidden>true</hidden>
    <rescueesCanJoin>true</rescueesCanJoin>
    <autoFlee>false</autoFlee>
    <geneticVariance>1</geneticVariance>
    <hairTags>
      <li>Urban</li>
    </hairTags>
    <apparelStuffFilter>
      <thingDefs>
        <li>Synthread</li>
        <li>Hyperweave</li>
        <li>Plasteel</li>
      </thingDefs>
    </apparelStuffFilter>
  </FactionDef>

  <FactionDef ParentName="AncientsBase">
    <defName>Ancients</defName>
    <label>neutral ancients</label>
  </FactionDef>

  <FactionDef ParentName="AncientsBase">
    <defName>AncientsHostile</defName>
    <label>hostile ancients</label>
    <permanentEnemy>true</permanentEnemy>
  </FactionDef>

  <FactionDef>
    <defName>Mechanoid</defName>
    <label>mechanoid hive</label>
    <pawnSingular>mechanoid</pawnSingular>
    <pawnsPlural>mechanoids</pawnsPlural>
    <requiredCountAtGameStart>1</requiredCountAtGameStart>
    <factionNameMaker>NamerFactionMechanoid</factionNameMaker>
    <factionIconPath>World/WorldObjects/Expanding/Sites/MechCluster</factionIconPath>
    <raidCommonalityFromPointsCurve>
      <points>
        <li>(300,  0)</li>
        <li>(700,  1)</li>
        <li>(1400, 2)</li>
        <li>(2800, 3.5)</li>
      </points>
    </raidCommonalityFromPointsCurve>
    <humanlikeFaction>false</humanlikeFaction>
    <hidden>true</hidden>
    <autoFlee>false</autoFlee>
    <canUseAvoidGrid>false</canUseAvoidGrid>
    <techLevel>Ultra</techLevel>
    <earliestRaidDays>45</earliestRaidDays>
    <permanentEnemy>true</permanentEnemy>
    <maxPawnCostPerTotalPointsCurve>
      <points>
        <li>(400,200)</li>
        <li>(900,300)</li>
        <li>(100000,10000)</li>
      </points>
    </maxPawnCostPerTotalPointsCurve>
    <pawnGroupMakers>
      <li>
        <!-- All types-->
        <kindDef>Combat</kindDef>
        <commonality>100</commonality>
        <options>
          <Mech_Centipede>10</Mech_Centipede>
          <Mech_Lancer>10</Mech_Lancer>
          <Mech_Scyther>10</Mech_Scyther>
          <Mech_Pikeman>10</Mech_Pikeman>
        </options>
      </li>
      <li>
        <!-- Ranged only -->
        <kindDef>Combat</kindDef>
        <commonality>80</commonality>
        <options>
          <Mech_Centipede>10</Mech_Centipede>
          <Mech_Lancer>10</Mech_Lancer>
          <Mech_Pikeman>10</Mech_Pikeman>
        </options>
      </li>
      <li>
        <!-- Melee only-->
        <kindDef>Combat</kindDef>
        <commonality>70</commonality>
        <options>
          <Mech_Scyther>10</Mech_Scyther>
        </options>
      </li>
      <li>
        <!-- Centipede only -->
        <kindDef>Combat</kindDef>
        <commonality>30</commonality>
        <options>
          <Mech_Centipede>10</Mech_Centipede>
        </options>
      </li>
    </pawnGroupMakers>
    <settlementTexturePath>World/WorldObjects/DefaultSettlement</settlementTexturePath>
    <allowedArrivalTemperatureRange>-100~200</allowedArrivalTemperatureRange>
  </FactionDef>

  <FactionDef>
    <defName>Insect</defName>
    <label>insects</label>
    <pawnSingular>insect</pawnSingular>
    <pawnsPlural>insects</pawnsPlural>
    <requiredCountAtGameStart>1</requiredCountAtGameStart>
    <fixedName>Sorne Geneline</fixedName>
    <factionIconPath>World/WorldObjects/Expanding/Sites/Manhunters</factionIconPath>
    <raidCommonalityFromPointsCurve>
      <points>
        <li>(0, 0)</li>
      </points>
    </raidCommonalityFromPointsCurve>
    <humanlikeFaction>false</humanlikeFaction>
    <hidden>true</hidden>
    <autoFlee>false</autoFlee>
    <canUseAvoidGrid>false</canUseAvoidGrid>
    <techLevel>Animal</techLevel>
    <permanentEnemy>true</permanentEnemy>
    <settlementTexturePath>World/WorldObjects/DefaultSettlement</settlementTexturePath>
    <allowedArrivalTemperatureRange>0~45</allowedArrivalTemperatureRange>
  </FactionDef>
  
</Defs>
