﻿<?xml version="1.0" encoding="utf-8" ?>
<Defs>
  <DutyDef>
    <defName>Concert</defName>
    <label>concert</label>
    <hook>MediumPriority</hook>
    <thinkNode Class="ThinkNode_Priority">
      <subNodes>
        <li Class="ThinkNode_ConditionalInGatheringArea">
          <subNodes>
            <!-- Instrument playing -->
            <li Class="JobGiver_ConcertOrganizerPlayInstrument">
              
            </li>
            
            <!-- Eat -->
            <li Class="ThinkNode_ConditionalRandom">
              <chance>0.05</chance>
              <subNodes>
                <li Class="JobGiver_EatInGatheringArea" />
              </subNodes>
            </li>
            
            <!-- Stand where you are and be socially active -->
            <li Class="ThinkNode_ConditionalRandom">
              <chance>0.35</chance>
              <subNodes>
                <li Class="JobGiver_StandAndBeSociallyActive">
                  <ticksRange>350~750</ticksRange>
                </li>
              </subNodes>
            </li>
            
            <!-- Get joy -->
            <li Class="ThinkNode_ConditionalRandom">
              <chance>0.1</chance>
              <subNodes>
                <li Class="JobGiver_GetJoyInGatheringArea" />
              </subNodes>
            </li>
            
            <!-- Wander -->
            <li Class="JobGiver_WanderInGatheringArea">
              <ticksBetweenWandersRange>50~250</ticksBetweenWandersRange>
            </li>
          </subNodes>
        </li>
        
        <!-- Reach the party area -->
        <li Class="JobGiver_WanderInGatheringArea">
          <ticksBetweenWandersRange>50~250</ticksBetweenWandersRange>
          <locomotionUrgency>Jog</locomotionUrgency>
        </li>
      </subNodes>
    </thinkNode>
  </DutyDef>
</Defs>