﻿<?xml version="1.0" encoding="utf-8" ?>
<Defs>

  <ThingDef ParentName="BuildingBase">
    <defName>Shuttle</defName>
    <label>shuttle</label>
    <description>A spacer-tech shuttle designed for transit between surface and orbit, or between moons of a planetary system.</description>
    <altitudeLayer>Building</altitudeLayer>
    <pathCost>150</pathCost>
    <blockWind>true</blockWind>
    <passability>Impassable</passability>
    <fillPercent>1.0</fillPercent>
    <size>(5,3)</size>
    <graphicData>
      <texPath>Things/Building/Misc/Shuttle</texPath>
      <graphicClass>Graphic_Single</graphicClass>
      <drawSize>(6,3)</drawSize>
      <color>(162,164,149)</color>
      <shadowData>
        <volume>(4.1, 1.0, 1.8)</volume>
        <offset>(0, 0, -0.1)</offset>
      </shadowData>
    </graphicData>
    <statBases>
      <MaxHitPoints>1000</MaxHitPoints>
      <Flammability>1</Flammability>
    </statBases>
    <tickerType>Normal</tickerType>
    <killedLeavings>
      <Steel>100</Steel>
      <Plasteel>35</Plasteel>
      <ChunkSlagSteel>8</ChunkSlagSteel>
      <ComponentIndustrial>4</ComponentIndustrial>
      <ComponentSpacer>1</ComponentSpacer>
    </killedLeavings>
    <rotatable>false</rotatable>
    <selectable>true</selectable>
    <terrainAffordanceNeeded>Light</terrainAffordanceNeeded>
    <soundImpactDefault>BulletImpact_Metal</soundImpactDefault>
    <drawerType>MapMeshOnly</drawerType>
    <repairEffect>ConstructMetal</repairEffect>
    <forceDebugSpawnable>true</forceDebugSpawnable>
    <building>
      <claimable>false</claimable>
    </building>
    <inspectorTabs>
      <li>ITab_ContentsTransporter</li>
    </inspectorTabs>
    <comps>
      <li Class="CompProperties_Shuttle" />
      <li Class="CompProperties_Transporter">
        <massCapacity>999999</massCapacity>
        <max1PerGroup>true</max1PerGroup>
        <canChangeAssignedThingsAfterStarting>true</canChangeAssignedThingsAfterStarting>
        <showOverallStats>false</showOverallStats>
        <pawnLoadedSound>Shuttle_PawnLoaded</pawnLoadedSound>
      </li>
    </comps>
  </ThingDef>

</Defs>