﻿<?xml version="1.0" encoding="utf-8" ?>
<Defs>

  <!-- Beam -->

  <ThingDef ParentName="BuildingBase">
    <defName>Ship_Beam</defName>
    <label>ship structural beam</label>
    <description>A structural beam around which a starship can be constructed. Includes all the necessary conduits and transit pipes for communications, power, and materials transport.</description>
    <thingClass>Building</thingClass>
    <graphicData>
      <texPath>Things/Building/Ship/ShipBeam</texPath>
      <graphicClass>Graphic_Multi</graphicClass>
      <drawSize>(2,8)</drawSize>
      <shadowData>
        <volume>(2.04, 1.0, 5.75)</volume>
      </shadowData>
      <damageData>
        <cornerTL>Damage/Corner</cornerTL>
        <cornerTR>Damage/Corner</cornerTR>
        <cornerBL>Damage/Corner</cornerBL>
        <cornerBR>Damage/Corner</cornerBR>
      </damageData>
    </graphicData>
    <altitudeLayer>Building</altitudeLayer>
    <passability>Impassable</passability>
    <blockWind>true</blockWind>
    <fillPercent>1</fillPercent>
    <blockLight>true</blockLight>
    <canOverlapZones>false</canOverlapZones>
    <statBases>
      <WorkToBuild>8000</WorkToBuild>
      <MaxHitPoints>400</MaxHitPoints>
      <Flammability>0</Flammability>
    </statBases>
    <tickerType>Normal</tickerType>
    <size>(2,6)</size>
    <designationCategory>Ship</designationCategory>
    <comps>
      <li Class="CompProperties_Power">
        <compClass>CompPowerTransmitter</compClass>
        <transmitsPower>true</transmitsPower>
      </li>
      <li Class="CompProperties_ShipPart"/>
    </comps>
    <placeWorkers>
      <li>PlaceWorker_NotUnderRoof</li>
    </placeWorkers>
    <building>
      <shipPart>true</shipPart>
    </building>
    <costList>
      <Steel>200</Steel>
      <Plasteel>40</Plasteel>
      <ComponentIndustrial>3</ComponentIndustrial>
      <ComponentSpacer>1</ComponentSpacer>
    </costList>
    <terrainAffordanceNeeded>Heavy</terrainAffordanceNeeded>
    <researchPrerequisites>
      <li>ShipBasics</li>
    </researchPrerequisites>
    <designationHotKey>Misc1</designationHotKey>
    <constructionSkillPrerequisite>5</constructionSkillPrerequisite>
    <uiIconScale>1.2</uiIconScale>
  </ThingDef>





  <!-- Cryptosleep casket -->

  <ThingDef ParentName="BuildingBase">
    <defName>Ship_CryptosleepCasket</defName>
    <label>ship cryptosleep casket</label>
    <description>A cryptosleep casket hardened against the dangers of space. Capable of maintaining a person in cryptosleep for centuries and surviving atmospheric re-entry.</description>
    <thingClass>Building_CryptosleepCasket</thingClass>
    <graphicData>
      <texPath>Things/Building/Ship/ShipCryptosleepCasket</texPath>
      <graphicClass>Graphic_Multi</graphicClass>
      <drawSize>(1,2)</drawSize>
      <shadowData>
        <volume>(0.83, 0.3, 1.7)</volume>
      </shadowData>
    </graphicData>
    <researchPrerequisites><li>ShipCryptosleep</li></researchPrerequisites>
    <altitudeLayer>Building</altitudeLayer>
    <passability>PassThroughOnly</passability>
    <pathCost>70</pathCost>
    <blockWind>true</blockWind>
    <fillPercent>0.5</fillPercent>
    <canOverlapZones>false</canOverlapZones>
    <statBases>
      <WorkToBuild>8000</WorkToBuild>
      <MaxHitPoints>200</MaxHitPoints>
      <Flammability>0</Flammability>
    </statBases>
    <tickerType>Normal</tickerType>
    <size>(1,2)</size>
    <designationCategory>Ship</designationCategory>
    <hasInteractionCell>true</hasInteractionCell>
    <interactionCellOffset>(1,0,0)</interactionCellOffset>
    <comps>
      <li Class="CompProperties_Power">
        <compClass>CompPowerTransmitter</compClass>
        <transmitsPower>true</transmitsPower>
      </li>
      <li Class="CompProperties_ShipPart"/>
      <li Class="CompProperties_Explosive">
        <explosiveRadius>2.66</explosiveRadius>
        <explosiveDamageType>Flame</explosiveDamageType>
      </li>
      <li Class="CompProperties_EmptyStateGraphic">
        <graphicData>
          <texPath>Things/Building/Ship/ShipCryptosleepCasketOpenDoor</texPath>
          <graphicClass>Graphic_Multi</graphicClass>
          <drawSize>(1, 2)</drawSize>
        </graphicData>
      </li>
    </comps>
    <placeWorkers>
      <li>PlaceWorker_HeadOnShipBeam</li>
      <li>PlaceWorker_NotUnderRoof</li>
      <li>PlaceWorker_PreventInteractionSpotOverlap</li>
    </placeWorkers>
    <defaultPlacingRot>South</defaultPlacingRot>
    <building>
      <shipPart>true</shipPart>
      <isPlayerEjectable>true</isPlayerEjectable>
    </building>
    <costList>
      <Steel>120</Steel>
      <Uranium>14</Uranium>
      <ComponentIndustrial>3</ComponentIndustrial>
      <ComponentSpacer>3</ComponentSpacer>
    </costList>
    <inspectorTabs>
      <li>ITab_ContentsCasket</li>
    </inspectorTabs>
    <terrainAffordanceNeeded>Heavy</terrainAffordanceNeeded>
    <designationHotKey>Misc2</designationHotKey>
    <constructionSkillPrerequisite>8</constructionSkillPrerequisite>
  </ThingDef>


  <!-- Computer core -->

  <ThingDef ParentName="BuildingBase">
    <defName>Ship_ComputerCore</defName>
    <label>ship computer core</label>
    <description>A computer core housing a machine persona who can guide a starship through any challenge during a multi-decade starflight.</description>
    <thingClass>Building_ShipComputerCore</thingClass>
    <graphicData>
      <texPath>Things/Building/Ship/ShipComputerCore</texPath>
      <graphicClass>Graphic_Multi</graphicClass>
      <drawSize>(2,2)</drawSize>
      <shadowData>
        <volume>(2.76, 0.5, 2.66)</volume>
        <offset>(0,0,-0.05)</offset>
      </shadowData>
    </graphicData>
    <rotatable>false</rotatable>
    <researchPrerequisites><li>ShipComputerCore</li></researchPrerequisites>
    <altitudeLayer>Building</altitudeLayer>
    <passability>Impassable</passability>
    <blockWind>true</blockWind>
    <fillPercent>1</fillPercent>
    <blockLight>true</blockLight>
    <canOverlapZones>false</canOverlapZones>
    <statBases>
      <WorkToBuild>16000</WorkToBuild>
      <MaxHitPoints>150</MaxHitPoints>
      <Flammability>0</Flammability>
    </statBases>
    <tickerType>Normal</tickerType>
    <size>(2,2)</size>
    <designationCategory>Ship</designationCategory>
    <comps>
      <li Class="CompProperties_ShipPart"/>
      <li Class="CompProperties_Power">
        <compClass>CompPowerTransmitter</compClass>
        <transmitsPower>true</transmitsPower>
      </li>
    </comps>
    <placeWorkers>
      <li>PlaceWorker_NotUnderRoof</li>
    </placeWorkers>
    <building>
      <shipPart>true</shipPart>
    </building>
    <costList>
      <Steel>150</Steel>
      <ComponentSpacer>4</ComponentSpacer>
      <Gold>70</Gold>
      <AIPersonaCore>1</AIPersonaCore>
    </costList>
    <terrainAffordanceNeeded>Heavy</terrainAffordanceNeeded>
    <designationHotKey>Misc3</designationHotKey>
    <constructionSkillPrerequisite>8</constructionSkillPrerequisite>
  </ThingDef>




  <!-- Reactor -->

  <ThingDef ParentName="BuildingBase">
    <defName>Ship_Reactor</defName>
    <label>ship reactor</label>
    <description>Powers a ship on its journey between stars. Takeoff requires a long powerup process that is likely to attract raiders.</description>
    <thingClass>Building_ShipReactor</thingClass>
    <graphicData>
      <texPath>Things/Building/Ship/ShipReactor</texPath>
      <graphicClass>Graphic_Multi</graphicClass>
      <drawSize>(8,8)</drawSize>
      <shadowData>
        <volume>(5.94, 1.0, 6.71)</volume>
      </shadowData>
      <damageData>
        <cornerTL>Damage/Corner</cornerTL>
        <cornerTR>Damage/Corner</cornerTR>
        <cornerBL>Damage/Corner</cornerBL>
        <cornerBR>Damage/Corner</cornerBR>
      </damageData>
    </graphicData>
    <researchPrerequisites><li>ShipReactor</li></researchPrerequisites>
    <altitudeLayer>Building</altitudeLayer>
    <passability>Impassable</passability>
    <blockWind>true</blockWind>
    <fillPercent>1</fillPercent>
    <blockLight>true</blockLight>
    <canOverlapZones>false</canOverlapZones>
    <statBases>
      <WorkToBuild>65000</WorkToBuild>
      <MaxHitPoints>500</MaxHitPoints>
      <Flammability>0</Flammability>
    </statBases>
    <tickerType>Normal</tickerType>
    <size>(6,7)</size>
    <designationCategory>Ship</designationCategory>
    <building>
      <shipPart>true</shipPart>
    </building>
    <costList>
      <Steel>350</Steel>
      <Plasteel>280</Plasteel>
      <Uranium>70</Uranium>
      <ComponentSpacer>8</ComponentSpacer>
    </costList>
    <comps>
      <li Class="CompProperties_Power">
        <compClass>CompPowerPlant</compClass>
        <basePowerConsumption>-1000</basePowerConsumption>
        <transmitsPower>true</transmitsPower>
      </li>
      <li Class="CompProperties_ShipPart"/>
      <li Class="CompProperties_Hibernatable">
        <incidentTargetWhileStarting>Map_RaidBeacon</incidentTargetWhileStarting>
      </li>
    </comps>
    <placeWorkers>
      <li>PlaceWorker_NotUnderRoof</li>
    </placeWorkers>
    <terrainAffordanceNeeded>Heavy</terrainAffordanceNeeded>
    <designationHotKey>Misc4</designationHotKey>
    <defaultPlacingRot>East</defaultPlacingRot>
    <constructionSkillPrerequisite>8</constructionSkillPrerequisite>
  </ThingDef>


  <!-- Engine -->

  <ThingDef ParentName="BuildingBase">
    <defName>Ship_Engine</defName>
    <label>ship engine</label>
    <description>A reactionless Johnson-Tanaka drive capable of launching a ship into orbit, and crawling across the vast expanses between stars.</description>
    <thingClass>Building</thingClass>
    <graphicData>
      <texPath>Things/Building/Ship/ShipEngine</texPath>
      <graphicClass>Graphic_Multi</graphicClass>
      <drawSize>(4.25,4.25)</drawSize>
      <shadowData>
        <volume>(3.1, 1.0, 3.3)</volume>
      </shadowData>
    </graphicData>
    <researchPrerequisites><li>ShipEngine</li></researchPrerequisites>
    <altitudeLayer>Building</altitudeLayer>
    <passability>Impassable</passability>
    <blockWind>true</blockWind>
    <fillPercent>1</fillPercent>
    <blockLight>true</blockLight>
    <canOverlapZones>false</canOverlapZones>
    <statBases>
      <WorkToBuild>50000</WorkToBuild>
      <MaxHitPoints>400</MaxHitPoints>
      <Flammability>0</Flammability>
    </statBases>
    <tickerType>Normal</tickerType>
    <size>(3,4)</size>
    <designationCategory>Ship</designationCategory>
    <comps>
      <li Class="CompProperties_Power">
        <compClass>CompPowerTransmitter</compClass>
        <transmitsPower>true</transmitsPower>
      </li>
      <li Class="CompProperties_ShipPart"/>
    </comps>
    <placeWorkers>
      <li>PlaceWorker_NotUnderRoof</li>
    </placeWorkers>
    <building>
      <shipPart>true</shipPart>
    </building>
    <costList>
      <Steel>260</Steel>
      <Plasteel>140</Plasteel>
      <Uranium>70</Uranium>
      <ComponentSpacer>6</ComponentSpacer>
    </costList>
    <terrainAffordanceNeeded>Heavy</terrainAffordanceNeeded>
    <designationHotKey>Misc5</designationHotKey>
    <constructionSkillPrerequisite>8</constructionSkillPrerequisite>
  </ThingDef>


  <!-- Sensor cluster -->

  <ThingDef ParentName="BuildingBase">
    <defName>Ship_SensorCluster</defName>
    <label>sensor cluster</label>
    <description>A multi-function sensor module. Can scan and signal across the void for communications, threat detection, deception, jamming, and other purposes.</description>
    <thingClass>Building</thingClass>
    <graphicData>
      <texPath>Things/Building/Ship/ShipSensorCluster</texPath>
      <graphicClass>Graphic_Multi</graphicClass>
      <drawSize>(2,2)</drawSize>
      <shadowData>
        <volume>(1.83, 0.5, 1.73)</volume>
        <offset>(0,0,-0.05)</offset>
      </shadowData>
    </graphicData>
    <researchPrerequisites>
      <li>ShipSensorCluster</li>
    </researchPrerequisites>
    <rotatable>false</rotatable>
    <altitudeLayer>Building</altitudeLayer>
    <passability>Impassable</passability>
    <blockWind>true</blockWind>
    <fillPercent>1</fillPercent>
    <blockLight>true</blockLight>
    <canOverlapZones>false</canOverlapZones>
    <statBases>
      <WorkToBuild>30000</WorkToBuild>
      <MaxHitPoints>100</MaxHitPoints>
      <Flammability>0</Flammability>
    </statBases>
    <tickerType>Normal</tickerType>
    <size>(2,2)</size>
    <designationCategory>Ship</designationCategory>
    <comps>
      <li Class="CompProperties_Power">
        <compClass>CompPowerTransmitter</compClass>
        <transmitsPower>true</transmitsPower>
      </li>
      <li Class="CompProperties_ShipPart"/>
    </comps>
    <placeWorkers>
      <li>PlaceWorker_NotUnderRoof</li>
    </placeWorkers>
    <building>
      <shipPart>true</shipPart>
    </building>
    <costList>
      <Steel>140</Steel>
      <Gold>4</Gold>
      <ComponentIndustrial>6</ComponentIndustrial>
      <ComponentSpacer>6</ComponentSpacer>
    </costList>
    <terrainAffordanceNeeded>Heavy</terrainAffordanceNeeded>
    <designationHotKey>Misc8</designationHotKey>
    <constructionSkillPrerequisite>8</constructionSkillPrerequisite>
  </ThingDef>



</Defs>
