﻿<?xml version="1.0" encoding="utf-8" ?>
<Defs>

	<ThingDef ParentName="BuildingBase">
		<defName>CraftingSpot</defName>
		<label>crafting spot</label>
		<description>A place for crafting simple items like knives or bows. Production here is slow because of the lack of tools.</description>
		<thingClass>Building_WorkTable</thingClass>
		<graphicData>
			<texPath>Things/Building/Production/CraftingSpot</texPath>
			<graphicClass>Graphic_Single</graphicClass>
			<drawSize>(1,1)</drawSize>
		</graphicData>
		<altitudeLayer>FloorEmplacement</altitudeLayer>
		<statBases>
			<WorkToBuild>0</WorkToBuild>
			<WorkTableWorkSpeedFactor>0.5</WorkTableWorkSpeedFactor>
		</statBases>
		<scatterableOnMapGen>false</scatterableOnMapGen>
		<useHitPoints>false</useHitPoints>
		<size>(1,1)</size>
		<designationCategory>Production</designationCategory>
		<passability>Standable</passability>
		<hasInteractionCell>True</hasInteractionCell>
		<interactionCellOffset>(0,0,-1)</interactionCellOffset>
		<surfaceType>Item</surfaceType>
		<inspectorTabs>
			<li>ITab_Bills</li>
		</inspectorTabs>
		<building>
			<spawnedConceptLearnOpportunity>BillsTab</spawnedConceptLearnOpportunity>
			<sowTag>SupportPlantsOnly</sowTag>
			<canPlaceOverImpassablePlant>false</canPlaceOverImpassablePlant>
			<ai_chillDestination>false</ai_chillDestination>
		</building>
		<comps>
			<li Class="CompProperties_AffectedByFacilities">
				<linkableFacilities>
					<li>ToolCabinet</li>
				</linkableFacilities>
			</li>
			<li>
				<compClass>CompReportWorkSpeed</compClass>
			</li>
		</comps>
		<designationHotKey>Misc1</designationHotKey>
		<placeWorkers>
			<li>PlaceWorker_ShowFacilitiesConnections</li>
			<li>PlaceWorker_ReportWorkSpeedPenalties</li>
			<li>PlaceWorker_PreventInteractionSpotOverlap</li>
		</placeWorkers>
	</ThingDef>

	<ThingDef ParentName="BuildingBase">
		<defName>ButcherSpot</defName>
		<label>butcher spot</label>
		<description>A place for butchering animals. Due to the lack of equipment, butchering here yields only 70% of the meat and leather of each creature.</description>
		<thingClass>Building_WorkTable</thingClass>
		<graphicData>
			<texPath>Things/Building/Production/ButcherSpot</texPath>
			<graphicClass>Graphic_Single</graphicClass>
			<drawSize>(1,1)</drawSize>
		</graphicData>
		<altitudeLayer>FloorEmplacement</altitudeLayer>
		<statBases>
			<WorkToBuild>0</WorkToBuild>
			<WorkTableEfficiencyFactor>0.7</WorkTableEfficiencyFactor>
		</statBases>
		<scatterableOnMapGen>false</scatterableOnMapGen>
		<useHitPoints>false</useHitPoints>
		<size>(1,1)</size>
		<designationCategory>Production</designationCategory>
		<passability>Standable</passability>
		<hasInteractionCell>True</hasInteractionCell>
		<interactionCellOffset>(0,0,-1)</interactionCellOffset>
		<surfaceType>Item</surfaceType>
		<recipes>
			<li>ButcherCorpseFlesh</li>
			<li>Make_Kibble</li>
		</recipes>
		<inspectorTabs>
			<li>ITab_Bills</li>
		</inspectorTabs>
		<building>
			<spawnedConceptLearnOpportunity>BillsTab</spawnedConceptLearnOpportunity>
			<sowTag>SupportPlantsOnly</sowTag>
			<canPlaceOverImpassablePlant>false</canPlaceOverImpassablePlant>
			<ai_chillDestination>false</ai_chillDestination>
		</building>
		<comps>
			<li Class="CompProperties_AffectedByFacilities">
				<linkableFacilities>
					<li>ToolCabinet</li>
				</linkableFacilities>
			</li>
			<li>
				<compClass>CompReportWorkSpeed</compClass>
			</li>
		</comps>
		<designationHotKey>Misc1</designationHotKey>
		<placeWorkers>
			<li>PlaceWorker_ShowFacilitiesConnections</li>
			<li>PlaceWorker_ReportWorkSpeedPenalties</li>
			<li>PlaceWorker_PreventInteractionSpotOverlap</li>
		</placeWorkers>
	</ThingDef>

	<!-- ========================= Work tables ==========================-->

	<ThingDef Name="BenchBase" ParentName="BuildingBase" Abstract="True">
		<canOverlapZones>false</canOverlapZones>
		<minifiedDef>MinifiedThing</minifiedDef>
		<terrainAffordanceNeeded>Medium</terrainAffordanceNeeded>
		<thingCategories>
			<li>BuildingsProduction</li>
		</thingCategories>
		<statBases>
			<Mass>20</Mass>
		</statBases>
		<interactionCellIcon>DiningChair</interactionCellIcon>
		<comps>
			<li>
				<compClass>CompReportWorkSpeed</compClass>
			</li>
		</comps>
		<placeWorkers>
			<li>PlaceWorker_ReportWorkSpeedPenalties</li>
		</placeWorkers>
	</ThingDef>

	<ThingDef ParentName="BenchBase">
		<defName>TableSculpting</defName>
		<label>art bench</label>
		<description>A workbench equipped for creating art.</description>
		<thingClass>Building_WorkTable</thingClass>
		<graphicData>
			<texPath>Things/Building/Production/TableSculpting</texPath>
			<graphicClass>Graphic_Multi</graphicClass>
			<shaderType>CutoutComplex</shaderType>
			<drawSize>(3.5,1.5)</drawSize>
			<shadowData>
				<volume>(2.9, 0.3, 0.5)</volume>
				<offset>(0, 0, 0)</offset>
			</shadowData>
			<damageData>
				<cornerTL>Damage/Corner</cornerTL>
				<cornerTR>Damage/Corner</cornerTR>
				<cornerBL>Damage/Corner</cornerBL>
				<cornerBR>Damage/Corner</cornerBR>
			</damageData>
		</graphicData>
		<costList>
			<Steel>50</Steel>
		</costList>
		<stuffCategories>
			<li>Metallic</li>
			<li>Woody</li>
		</stuffCategories>
		<costStuffCount>75</costStuffCount>
		<altitudeLayer>Building</altitudeLayer>
		<fillPercent>0.5</fillPercent>
		<useHitPoints>True</useHitPoints>
		<statBases>
			<WorkToBuild>2500</WorkToBuild>
			<MaxHitPoints>180</MaxHitPoints>
			<Flammability>1.0</Flammability>
			<Cleanliness>-5</Cleanliness>
		</statBases>
		<size>(3,1)</size>
		<designationCategory>Production</designationCategory>
		<passability>PassThroughOnly</passability>
		<pathCost>70</pathCost>
		<hasInteractionCell>True</hasInteractionCell>
		<interactionCellOffset>(0,0,-1)</interactionCellOffset>
		<surfaceType>Item</surfaceType>
		<inspectorTabs>
			<li>ITab_Bills</li>
		</inspectorTabs>
		<building>
			<spawnedConceptLearnOpportunity>BillsTab</spawnedConceptLearnOpportunity>
		</building>
		<comps>
			<li Class="CompProperties_AffectedByFacilities">
				<linkableFacilities>
					<li>ToolCabinet</li>
				</linkableFacilities>
			</li>
		</comps>
		<designationHotKey>Misc2</designationHotKey>
		<placeWorkers>
			<li>PlaceWorker_ShowFacilitiesConnections</li>
			<li>PlaceWorker_PreventInteractionSpotOverlap</li>
		</placeWorkers>
	</ThingDef>

	<ThingDef ParentName="BenchBase">
		<defName>TableButcher</defName>
		<label>butcher table</label>
		<description>A heavy table for butchering dead creatures into pieces of raw meat.</description>
		<thingClass>Building_WorkTable</thingClass>
		<graphicData>
			<texPath>Things/Building/Production/TableButcher</texPath>
			<graphicClass>Graphic_Multi</graphicClass>
			<drawSize>(3.5,1.5)</drawSize>
			<damageData>
				<cornerTL>Damage/Corner</cornerTL>
				<cornerTR>Damage/Corner</cornerTR>
				<cornerBL>Damage/Corner</cornerBL>
				<cornerBR>Damage/Corner</cornerBR>
			</damageData>
		</graphicData>
		<castEdgeShadows>true</castEdgeShadows>
		<staticSunShadowHeight>0.20</staticSunShadowHeight>
		<costStuffCount>75</costStuffCount>
		<costList>
			<WoodLog>20</WoodLog>
		</costList>
		<stuffCategories>
			<li>Metallic</li>
			<li>Woody</li>
		</stuffCategories>
		<altitudeLayer>Building</altitudeLayer>
		<fillPercent>0.5</fillPercent>
		<useHitPoints>True</useHitPoints>
		<statBases>
			<WorkToBuild>2000</WorkToBuild>
			<MaxHitPoints>180</MaxHitPoints>
			<Flammability>1.0</Flammability>
			<Cleanliness>-15</Cleanliness>
		</statBases>
		<size>(3,1)</size>
		<designationCategory>Production</designationCategory>
		<passability>PassThroughOnly</passability>
		<pathCost>60</pathCost>
		<hasInteractionCell>True</hasInteractionCell>
		<interactionCellOffset>(0,0,-1)</interactionCellOffset>
		<surfaceType>Item</surfaceType>
		<recipes>
			<li>ButcherCorpseFlesh</li>
			<li>Make_Kibble</li>
		</recipes>
		<inspectorTabs>
			<li>ITab_Bills</li>
		</inspectorTabs>
		<building>
			<spawnedConceptLearnOpportunity>BillsTab</spawnedConceptLearnOpportunity>
		</building>
		<comps>
			<li Class="CompProperties_AffectedByFacilities">
				<linkableFacilities>
					<li>ToolCabinet</li>
				</linkableFacilities>
			</li>
		</comps>
		<designationHotKey>Misc3</designationHotKey>
		<placeWorkers>
			<li>PlaceWorker_ShowFacilitiesConnections</li>
			<li>PlaceWorker_PreventInteractionSpotOverlap</li>
		</placeWorkers>
	</ThingDef>

	<ThingDef ParentName="BenchBase">
		<defName>HandTailoringBench</defName>
		<label>hand tailor bench</label>
		<description>A workbench for tailoring clothes by hand. Works at 50% of the speed of an electric tailoring bench.</description>
		<thingClass>Building_WorkTable</thingClass>
		<graphicData>
			<texPath>Things/Building/Production/TableTailorHand</texPath>
			<graphicClass>Graphic_Multi</graphicClass>
			<drawSize>(3.5,1.5)</drawSize>
			<shaderType>CutoutComplex</shaderType>
			<damageData>
				<cornerTL>Damage/Corner</cornerTL>
				<cornerTR>Damage/Corner</cornerTR>
				<cornerBL>Damage/Corner</cornerBL>
				<cornerBR>Damage/Corner</cornerBR>
			</damageData>
		</graphicData>
		<castEdgeShadows>true</castEdgeShadows>
		<staticSunShadowHeight>0.20</staticSunShadowHeight>
		<costStuffCount>75</costStuffCount>
		<stuffCategories>
			<li>Metallic</li>
			<li>Woody</li>
		</stuffCategories>
		<altitudeLayer>Building</altitudeLayer>
		<fillPercent>0.5</fillPercent>
		<useHitPoints>True</useHitPoints>
		<statBases>
			<WorkToBuild>2000</WorkToBuild>
			<MaxHitPoints>180</MaxHitPoints>
			<Flammability>1.0</Flammability>
			<WorkTableWorkSpeedFactor>0.5</WorkTableWorkSpeedFactor>
		</statBases>
		<size>(3,1)</size>
		<designationCategory>Production</designationCategory>
		<passability>PassThroughOnly</passability>
		<pathCost>70</pathCost>
		<hasInteractionCell>True</hasInteractionCell>
		<interactionCellOffset>(0,0,-1)</interactionCellOffset>
		<surfaceType>Item</surfaceType>
		<inspectorTabs>
			<li>ITab_Bills</li>
		</inspectorTabs>
		<building>
			<spawnedConceptLearnOpportunity>BillsTab</spawnedConceptLearnOpportunity>
		</building>
		<comps>
			<li Class="CompProperties_AffectedByFacilities">
				<linkableFacilities>
					<li>ToolCabinet</li>
				</linkableFacilities>
			</li>
		</comps>
		<placeWorkers>
			<li>PlaceWorker_ShowFacilitiesConnections</li>
			<li>PlaceWorker_PreventInteractionSpotOverlap</li>
		</placeWorkers>
		<researchPrerequisites>
			<li>ComplexClothing</li>
		</researchPrerequisites>
	</ThingDef>

	<ThingDef ParentName="BenchBase">
		<defName>ElectricTailoringBench</defName>
		<label>electric tailor bench</label>
		<description>A workbench with a sewing machine for rapid tailoring of clothes. Can work without electricity at 50% of normal speed.</description>
		<thingClass>Building_WorkTable</thingClass>
		<graphicData>
			<texPath>Things/Building/Production/TableTailorElectric</texPath>
			<graphicClass>Graphic_Multi</graphicClass>
			<drawSize>(3.5,1.5)</drawSize>
			<shaderType>CutoutComplex</shaderType>
			<damageData>
				<cornerTL>Damage/Corner</cornerTL>
				<cornerTR>Damage/Corner</cornerTR>
				<cornerBL>Damage/Corner</cornerBL>
				<cornerBR>Damage/Corner</cornerBR>
			</damageData>
		</graphicData>
		<castEdgeShadows>true</castEdgeShadows>
		<staticSunShadowHeight>0.20</staticSunShadowHeight>
		<costStuffCount>75</costStuffCount>
		<costList>
			<Steel>50</Steel>
			<ComponentIndustrial>2</ComponentIndustrial>
		</costList>
		<stuffCategories>
			<li>Metallic</li>
			<li>Woody</li>
		</stuffCategories>
		<altitudeLayer>Building</altitudeLayer>
		<fillPercent>0.5</fillPercent>
		<useHitPoints>True</useHitPoints>
		<statBases>
			<WorkToBuild>2500</WorkToBuild>
			<MaxHitPoints>180</MaxHitPoints>
			<Flammability>1.0</Flammability>
		</statBases>
		<size>(3,1)</size>
		<designationCategory>Production</designationCategory>
		<passability>PassThroughOnly</passability>
		<pathCost>70</pathCost>
		<hasInteractionCell>True</hasInteractionCell>
		<interactionCellOffset>(0,0,-1)</interactionCellOffset>
		<surfaceType>Item</surfaceType>
		<constructionSkillPrerequisite>4</constructionSkillPrerequisite>
		<inspectorTabs>
			<li>ITab_Bills</li>
		</inspectorTabs>
		<building>
			<spawnedConceptLearnOpportunity>BillsTab</spawnedConceptLearnOpportunity>
			<unpoweredWorkTableWorkSpeedFactor>0.5</unpoweredWorkTableWorkSpeedFactor>
		</building>
		<comps>
			<li Class="CompProperties_Power">
				<compClass>CompPowerTrader</compClass>
				<shortCircuitInRain>true</shortCircuitInRain>
				<basePowerConsumption>120</basePowerConsumption>
			</li>
			<li Class="CompProperties_Flickable"/>
			<li Class="CompProperties_AffectedByFacilities">
				<linkableFacilities>
					<li>ToolCabinet</li>
				</linkableFacilities>
			</li>
			<li Class="CompProperties_Breakdownable"/>
		</comps>
		<placeWorkers>
			<li>PlaceWorker_ShowFacilitiesConnections</li>
			<li>PlaceWorker_PreventInteractionSpotOverlap</li>
		</placeWorkers>
		<researchPrerequisites>
			<li>ComplexClothing</li>
			<li>Electricity</li>
		</researchPrerequisites>
	</ThingDef>

	<ThingDef ParentName="BenchBase">
		<defName>FueledSmithy</defName>
		<label>fueled smithy</label>
		<description>A wood-fueled station for smithing non-mechanical weapons and tools.</description>
		<thingClass>Building_WorkTable</thingClass>
		<graphicData>
			<texPath>Things/Building/Production/TableSmithingFueled</texPath>
			<graphicClass>Graphic_Multi</graphicClass>
			<drawSize>(3.5,1.5)</drawSize>
			<shadowData>
				<volume>(2.8, 0.35, 0.59)</volume>
				<offset>(0, 0, 0.08)</offset>
			</shadowData>
			<damageData>
				<cornerTL>Damage/Corner</cornerTL>
				<cornerTR>Damage/Corner</cornerTR>
				<cornerBL>Damage/Corner</cornerBL>
				<cornerBR>Damage/Corner</cornerBR>
			</damageData>
		</graphicData>
		<costList>
			<Steel>100</Steel>
		</costList>
		<constructEffect>ConstructWood</constructEffect>
		<altitudeLayer>Building</altitudeLayer>
		<fillPercent>0.5</fillPercent>
		<useHitPoints>True</useHitPoints>
		<statBases>
			<WorkToBuild>3000</WorkToBuild>
			<MaxHitPoints>180</MaxHitPoints>
			<Flammability>1.0</Flammability>
			<Cleanliness>-3</Cleanliness>
		</statBases>
		<size>(3,1)</size>
		<designationCategory>Production</designationCategory>
		<passability>PassThroughOnly</passability>
		<pathCost>70</pathCost>
		<hasInteractionCell>True</hasInteractionCell>
		<interactionCellOffset>(0,0,-1)</interactionCellOffset>
		<surfaceType>Item</surfaceType>
		<constructionSkillPrerequisite>4</constructionSkillPrerequisite>
		<inspectorTabs>
			<li>ITab_Bills</li>
		</inspectorTabs>
		<building>
			<spawnedConceptLearnOpportunity>BillsTab</spawnedConceptLearnOpportunity>
		</building>
		<comps>
			<li Class="CompProperties_Refuelable">
				<fuelConsumptionRate>80.0</fuelConsumptionRate>
				<fuelCapacity>50.0</fuelCapacity>
				<fuelFilter>
					<thingDefs>
						<li>WoodLog</li>
					</thingDefs>
				</fuelFilter>
				<consumeFuelOnlyWhenUsed>true</consumeFuelOnlyWhenUsed>
				<showAllowAutoRefuelToggle>true</showAllowAutoRefuelToggle>
			</li>
			<li Class="CompProperties_AffectedByFacilities">
				<linkableFacilities>
					<li>ToolCabinet</li>
				</linkableFacilities>
			</li>
		</comps>
		<placeWorkers>
			<li>PlaceWorker_ShowFacilitiesConnections</li>
			<li>PlaceWorker_PreventInteractionSpotOverlap</li>
		</placeWorkers>
		<researchPrerequisites>
			<li>Smithing</li>
		</researchPrerequisites>
	</ThingDef>

	<ThingDef ParentName="BenchBase">
		<defName>ElectricSmithy</defName>
		<label>electric smithy</label>
		<description>An electric-powered station for smithing non-mechanical weapons and tools.</description>
		<thingClass>Building_WorkTable</thingClass>
		<graphicData>
			<texPath>Things/Building/Production/TableSmithingElectric</texPath>
			<graphicClass>Graphic_Multi</graphicClass>
			<drawSize>(3.5,1.5)</drawSize>
			<shadowData>
				<volume>(2.8, 0.35, 0.59)</volume>
				<offset>(0, 0, 0.08)</offset>
			</shadowData>
			<damageData>
				<cornerTL>Damage/Corner</cornerTL>
				<cornerTR>Damage/Corner</cornerTR>
				<cornerBL>Damage/Corner</cornerBL>
				<cornerBR>Damage/Corner</cornerBR>
			</damageData>
		</graphicData>
		<costList>
			<Steel>100</Steel>
			<ComponentIndustrial>3</ComponentIndustrial>
		</costList>
		<constructEffect>ConstructWood</constructEffect>
		<altitudeLayer>Building</altitudeLayer>
		<fillPercent>0.5</fillPercent>
		<useHitPoints>True</useHitPoints>
		<statBases>
			<WorkToBuild>3000</WorkToBuild>
			<MaxHitPoints>180</MaxHitPoints>
			<Flammability>1.0</Flammability>
			<Cleanliness>-3</Cleanliness>
		</statBases>
		<size>(3,1)</size>
		<designationCategory>Production</designationCategory>
		<passability>PassThroughOnly</passability>
		<pathCost>70</pathCost>
		<hasInteractionCell>True</hasInteractionCell>
		<interactionCellOffset>(0,0,-1)</interactionCellOffset>
		<surfaceType>Item</surfaceType>
		<constructionSkillPrerequisite>5</constructionSkillPrerequisite>
		<inspectorTabs>
			<li>ITab_Bills</li>
		</inspectorTabs>
		<building>
			<spawnedConceptLearnOpportunity>BillsTab</spawnedConceptLearnOpportunity>
		</building>
		<comps>
			<li Class="CompProperties_Power">
				<compClass>CompPowerTrader</compClass>
				<shortCircuitInRain>true</shortCircuitInRain>
				<basePowerConsumption>210</basePowerConsumption>
			</li>
			<li Class="CompProperties_Flickable"/>
			<li Class="CompProperties_AffectedByFacilities">
				<linkableFacilities>
					<li>ToolCabinet</li>
				</linkableFacilities>
			</li>
			<li Class="CompProperties_HeatPusher">
				<compClass>CompHeatPusherPowered</compClass>
				<heatPerSecond>4</heatPerSecond>
			</li>
		</comps>
		<placeWorkers>
			<li>PlaceWorker_ShowFacilitiesConnections</li>
			<li>PlaceWorker_PreventInteractionSpotOverlap</li>
		</placeWorkers>
		<researchPrerequisites>
			<li>Smithing</li>
			<li>Electricity</li>
		</researchPrerequisites>
	</ThingDef>

	<ThingDef ParentName="BenchBase">
		<defName>TableMachining</defName>
		<label>machining table</label>
		<description>A work station for assembling machinery like guns and ammunition, or breaking down dead mechanoids.</description>
		<thingClass>Building_WorkTable</thingClass>
		<graphicData>
			<texPath>Things/Building/Production/TableMachining</texPath>
			<graphicClass>Graphic_Multi</graphicClass>
			<drawSize>(3.5,1.5)</drawSize>
			<damageData>
				<cornerTL>Damage/Corner</cornerTL>
				<cornerTR>Damage/Corner</cornerTR>
				<cornerBL>Damage/Corner</cornerBL>
				<cornerBR>Damage/Corner</cornerBR>
			</damageData>
		</graphicData>
		<castEdgeShadows>true</castEdgeShadows>
		<staticSunShadowHeight>0.20</staticSunShadowHeight>
		<costList>
			<Steel>150</Steel>
			<ComponentIndustrial>5</ComponentIndustrial>
		</costList>
		<altitudeLayer>Building</altitudeLayer>
		<fillPercent>0.5</fillPercent>
		<useHitPoints>True</useHitPoints>
		<statBases>
			<WorkToBuild>3000</WorkToBuild>
			<MaxHitPoints>180</MaxHitPoints>
			<Flammability>1.0</Flammability>
			<Cleanliness>-2</Cleanliness>
		</statBases>
		<size>(3,1)</size>
		<designationCategory>Production</designationCategory>
		<passability>PassThroughOnly</passability>
		<pathCost>70</pathCost>
		<hasInteractionCell>True</hasInteractionCell>
		<interactionCellOffset>(0,0,-1)</interactionCellOffset>
		<surfaceType>Item</surfaceType>
		<constructionSkillPrerequisite>4</constructionSkillPrerequisite>
		<recipes>
			<li>ButcherCorpseMechanoid</li>
		</recipes>
		<inspectorTabs>
			<li>ITab_Bills</li>
		</inspectorTabs>
		<comps>
			<li Class="CompProperties_Power">
				<compClass>CompPowerTrader</compClass>
				<shortCircuitInRain>true</shortCircuitInRain>
				<basePowerConsumption>350</basePowerConsumption>
			</li>
			<li Class="CompProperties_Flickable"/>
			<li Class="CompProperties_Glower">
				<glowRadius>5</glowRadius>
				<glowColor>(73,123,138,0)</glowColor>
			</li>
			<li Class="CompProperties_AffectedByFacilities">
				<linkableFacilities>
					<li>ToolCabinet</li>
				</linkableFacilities>
			</li>
			<li Class="CompProperties_Breakdownable"/>
		</comps>
		<building>
			<spawnedConceptLearnOpportunity>BillsTab</spawnedConceptLearnOpportunity>
		</building>
		<constructEffect>ConstructMetal</constructEffect>
		<researchPrerequisites>
			<li>Machining</li>
		</researchPrerequisites>
		<designationHotKey>Misc7</designationHotKey>
		<placeWorkers>
			<li>PlaceWorker_ShowFacilitiesConnections</li>
			<li>PlaceWorker_PreventInteractionSpotOverlap</li>
		</placeWorkers>
	</ThingDef>

	<ThingDef ParentName="BenchBase">
		<defName>ElectricStove</defName>
		<label>electric stove</label>
		<description>An electrically-powered stove with an attached countertop for preparing meals.</description>
		<thingClass>Building_WorkTable_HeatPush</thingClass>
		<graphicData>
			<texPath>Things/Building/Production/TableStoveElectric</texPath>
			<graphicClass>Graphic_Multi</graphicClass>
			<drawSize>(3.5,1.5)</drawSize>
			<damageData>
				<cornerTL>Damage/Corner</cornerTL>
				<cornerTR>Damage/Corner</cornerTR>
				<cornerBL>Damage/Corner</cornerBL>
				<cornerBR>Damage/Corner</cornerBR>
			</damageData>
		</graphicData>
		<castEdgeShadows>true</castEdgeShadows>
		<staticSunShadowHeight>0.20</staticSunShadowHeight>
		<constructEffect>ConstructMetal</constructEffect>
		<costList>
			<Steel>80</Steel>
			<ComponentIndustrial>2</ComponentIndustrial>
		</costList>
		<altitudeLayer>Building</altitudeLayer>
		<fillPercent>0.5</fillPercent>
		<useHitPoints>True</useHitPoints>
		<statBases>
			<WorkToBuild>2000</WorkToBuild>
			<MaxHitPoints>180</MaxHitPoints>
			<Flammability>1.0</Flammability>
		</statBases>
		<size>(3,1)</size>
		<designationCategory>Production</designationCategory>
		<passability>PassThroughOnly</passability>
		<pathCost>70</pathCost>
		<hasInteractionCell>True</hasInteractionCell>
		<interactionCellOffset>(0,0,-1)</interactionCellOffset>
		<surfaceType>Item</surfaceType>
		<constructionSkillPrerequisite>4</constructionSkillPrerequisite>
		<recipes>
			<li>CookMealSimple</li>
			<li>CookMealFine</li>
			<li>CookMealLavish</li>
			<li>CookMealSurvival</li>
			<li>CookMealSimpleBulk</li>
			<li>CookMealFineBulk</li>
			<li>CookMealLavishBulk</li>
			<li>CookMealSurvivalBulk</li>
			<li>Make_Pemmican</li>
			<li>Make_PemmicanBulk</li>
		</recipes>
		<inspectorTabs>
			<li>ITab_Bills</li>
		</inspectorTabs>
		<comps>
			<li Class="CompProperties_Power">
				<compClass>CompPowerTrader</compClass>
				<shortCircuitInRain>true</shortCircuitInRain>
				<basePowerConsumption>350</basePowerConsumption>
			</li>
			<li Class="CompProperties_Flickable"/>
			<li Class="CompProperties_Breakdownable"/>
			<li Class="CompProperties_HeatPusher">
				<compClass>CompHeatPusherPowered</compClass>
				<heatPerSecond>3</heatPerSecond>
			</li>
		</comps>
		<building>
			<isMealSource>true</isMealSource>
			<spawnedConceptLearnOpportunity>BillsTab</spawnedConceptLearnOpportunity>
			<heatPerTickWhileWorking>0.10</heatPerTickWhileWorking>
		</building>
		<designationHotKey>Misc8</designationHotKey>
		<placeWorkers>
			<li>PlaceWorker_PreventInteractionSpotOverlap</li>
		</placeWorkers>
		<researchPrerequisites>
			<li>Electricity</li>
		</researchPrerequisites>
	</ThingDef>

	<ThingDef ParentName="BenchBase">
		<defName>FueledStove</defName>
		<label>fueled stove</label>
		<description>A wood-fueled stove with an attached countertop for preparing meals.</description>
		<thingClass>Building_WorkTable_HeatPush</thingClass>
		<graphicData>
			<texPath>Things/Building/Production/TableStoveFueled</texPath>
			<graphicClass>Graphic_Multi</graphicClass>
			<drawSize>(3.5,1.5)</drawSize>
			<damageData>
				<cornerTL>Damage/Corner</cornerTL>
				<cornerTR>Damage/Corner</cornerTR>
				<cornerBL>Damage/Corner</cornerBL>
				<cornerBR>Damage/Corner</cornerBR>
			</damageData>
		</graphicData>
		<castEdgeShadows>true</castEdgeShadows>
		<staticSunShadowHeight>0.20</staticSunShadowHeight>
		<constructEffect>ConstructMetal</constructEffect>
		<costList>
			<Steel>80</Steel>
		</costList>
		<altitudeLayer>Building</altitudeLayer>
		<fillPercent>0.5</fillPercent>
		<useHitPoints>True</useHitPoints>
		<statBases>
			<WorkToBuild>2000</WorkToBuild>
			<MaxHitPoints>180</MaxHitPoints>
			<Flammability>1.0</Flammability>
		</statBases>
		<size>(3,1)</size>
		<designationCategory>Production</designationCategory>
		<passability>PassThroughOnly</passability>
		<pathCost>70</pathCost>
		<hasInteractionCell>True</hasInteractionCell>
		<interactionCellOffset>(0,0,-1)</interactionCellOffset>
		<surfaceType>Item</surfaceType>
		<recipes>
			<li>CookMealSimple</li>
			<li>CookMealFine</li>
			<li>CookMealLavish</li>
			<li>CookMealSurvival</li>
			<li>CookMealSimpleBulk</li>
			<li>CookMealFineBulk</li>
			<li>CookMealLavishBulk</li>
			<li>CookMealSurvivalBulk</li>
			<li>Make_Pemmican</li>
			<li>Make_PemmicanBulk</li>
		</recipes>
		<inspectorTabs>
			<li>ITab_Bills</li>
		</inspectorTabs>
		<comps>
			<li Class="CompProperties_Refuelable">
				<fuelConsumptionRate>160.0</fuelConsumptionRate>
				<fuelCapacity>50.0</fuelCapacity>
				<fuelFilter>
					<thingDefs>
						<li>WoodLog</li>
					</thingDefs>
				</fuelFilter>
				<consumeFuelOnlyWhenUsed>true</consumeFuelOnlyWhenUsed>
				<showAllowAutoRefuelToggle>true</showAllowAutoRefuelToggle>
			</li>
			<li Class="CompProperties_HeatPusher">
				<compClass>CompHeatPusherPowered</compClass>
				<heatPerSecond>4</heatPerSecond>
			</li>
		</comps>
		<placeWorkers>
			<li>PlaceWorker_PreventInteractionSpotOverlap</li>
		</placeWorkers>
		<building>
			<isMealSource>true</isMealSource>
			<spawnedConceptLearnOpportunity>BillsTab</spawnedConceptLearnOpportunity>
			<heatPerTickWhileWorking>0.10</heatPerTickWhileWorking>
		</building>
	</ThingDef>

	<ThingDef ParentName="BenchBase">
		<defName>TableStonecutter</defName>
		<label>stonecutter's table</label>
		<description>A work table with saws and chisels for cutting stone chunks into usable blocks.</description>
		<thingClass>Building_WorkTable_HeatPush</thingClass>
		<graphicData>
			<texPath>Things/Building/Production/TableStonecutter</texPath>
			<graphicClass>Graphic_Multi</graphicClass>
			<drawSize>(3.5,1.5)</drawSize>
			<shaderType>CutoutComplex</shaderType>
			<shadowData>
				<volume>(2.85, 0.3, 0.62)</volume>
				<offset>(0, 0, 0.20)</offset>
			</shadowData>
			<damageData>
				<cornerTL>Damage/Corner</cornerTL>
				<cornerTR>Damage/Corner</cornerTR>
				<cornerBL>Damage/Corner</cornerBL>
				<cornerBR>Damage/Corner</cornerBR>
			</damageData>
		</graphicData>
		<costStuffCount>75</costStuffCount>
		<costList>
			<Steel>30</Steel>
		</costList>
		<stuffCategories>
			<li>Metallic</li>
			<li>Woody</li>
		</stuffCategories>
		<altitudeLayer>Building</altitudeLayer>
		<fillPercent>0.5</fillPercent>
		<useHitPoints>True</useHitPoints>
		<statBases>
			<WorkToBuild>2000</WorkToBuild>
			<MaxHitPoints>180</MaxHitPoints>
			<Flammability>1.0</Flammability>
			<Cleanliness>-5</Cleanliness>
		</statBases>
		<size>(3,1)</size>
		<designationCategory>Production</designationCategory>
		<passability>PassThroughOnly</passability>
		<pathCost>70</pathCost>
		<hasInteractionCell>True</hasInteractionCell>
		<interactionCellOffset>(0,0,-1)</interactionCellOffset>
		<surfaceType>Item</surfaceType>
		<terrainAffordanceNeeded>Heavy</terrainAffordanceNeeded>
		<inspectorTabs>
			<li>ITab_Bills</li>
		</inspectorTabs>
		<building>
			<spawnedConceptLearnOpportunity>BillsTab</spawnedConceptLearnOpportunity>
		</building>
		<comps>
			<li Class="CompProperties_AffectedByFacilities">
				<linkableFacilities>
					<li>ToolCabinet</li>
				</linkableFacilities>
			</li>
		</comps>
		<researchPrerequisites>
			<li>Stonecutting</li>
		</researchPrerequisites>
		<designationHotKey>Misc9</designationHotKey>
		<placeWorkers>
			<li>PlaceWorker_ShowFacilitiesConnections</li>
			<li>PlaceWorker_PreventInteractionSpotOverlap</li>
		</placeWorkers>
	</ThingDef>

	<ThingDef ParentName="BenchBase">
		<defName>Brewery</defName>
		<label>brewery</label>
		<description>A work station with all the equipment needed to mix wort for beer production. Wort must be fermented to finally become beer.</description>
		<thingClass>Building_WorkTable</thingClass>
		<graphicData>
			<texPath>Things/Building/Production/TableBrewery</texPath>
			<graphicClass>Graphic_Multi</graphicClass>
			<drawSize>(3.5,1.5)</drawSize>
			<shadowData>
				<volume>(2.8, 0.3, 0.54)</volume>
				<offset>(0, 0, -0.18)</offset>
			</shadowData>
			<damageData>
				<rect>(0.3,0,2.7,1)</rect>
				<cornerTR>Damage/Corner</cornerTR>
				<cornerBR>Damage/Corner</cornerBR>
			</damageData>
		</graphicData>
		<constructEffect>ConstructWood</constructEffect>
		<costList>
			<WoodLog>120</WoodLog>
			<Steel>30</Steel>
		</costList>
		<altitudeLayer>Building</altitudeLayer>
		<fillPercent>0.5</fillPercent>
		<useHitPoints>True</useHitPoints>
		<statBases>
			<WorkToBuild>2000</WorkToBuild>
			<MaxHitPoints>180</MaxHitPoints>
			<Flammability>1.0</Flammability>
		</statBases>
		<size>(3,1)</size>
		<designationCategory>Production</designationCategory>
		<passability>PassThroughOnly</passability>
		<pathCost>70</pathCost>
		<hasInteractionCell>True</hasInteractionCell>
		<interactionCellOffset>(0,0,-1)</interactionCellOffset>
		<surfaceType>Item</surfaceType>
		<recipes>
			<li>Make_Wort</li>
		</recipes>
		<inspectorTabs>
			<li>ITab_Bills</li>
		</inspectorTabs>
		<building>
			<spawnedConceptLearnOpportunity>BillsTab</spawnedConceptLearnOpportunity>
		</building>
		<placeWorkers>
			<li>PlaceWorker_PreventInteractionSpotOverlap</li>
		</placeWorkers>
		<researchPrerequisites>
			<li>Brewing</li>
		</researchPrerequisites>
	</ThingDef>

	<ThingDef ParentName="BenchBase">
		<defName>DrugLab</defName>
		<label>drug lab</label>
		<description>A work bench equipped with containers, heaters, and measurement devices for producing various drugs.</description>
		<thingClass>Building_WorkTable</thingClass>
		<graphicData>
			<texPath>Things/Building/Production/TableDrugLab</texPath>
			<graphicClass>Graphic_Multi</graphicClass>
			<shaderType>CutoutComplex</shaderType>
			<drawSize>(3.5,1.5)</drawSize>
			<damageData>
				<cornerTL>Damage/Corner</cornerTL>
				<cornerTR>Damage/Corner</cornerTR>
				<cornerBL>Damage/Corner</cornerBL>
				<cornerBR>Damage/Corner</cornerBR>
			</damageData>
		</graphicData>
		<castEdgeShadows>true</castEdgeShadows>
		<staticSunShadowHeight>0.20</staticSunShadowHeight>
		<costStuffCount>50</costStuffCount>
		<stuffCategories>
			<li>Metallic</li>
			<li>Woody</li>
		</stuffCategories>
		<costList>
			<Steel>75</Steel>
			<ComponentIndustrial>6</ComponentIndustrial>
		</costList>
		<altitudeLayer>Building</altitudeLayer>
		<fillPercent>0.5</fillPercent>
		<useHitPoints>True</useHitPoints>
		<statBases>
			<WorkToBuild>3500</WorkToBuild>
			<MaxHitPoints>120</MaxHitPoints>
			<Flammability>1.0</Flammability>
		</statBases>
		<size>(3,1)</size>
		<designationCategory>Production</designationCategory>
		<passability>PassThroughOnly</passability>
		<pathCost>70</pathCost>
		<hasInteractionCell>True</hasInteractionCell>
		<interactionCellOffset>(0,0,-1)</interactionCellOffset>
		<surfaceType>Item</surfaceType>
		<constructionSkillPrerequisite>4</constructionSkillPrerequisite>
		<inspectorTabs>
			<li>ITab_Bills</li>
		</inspectorTabs>
		<building>
			<spawnedConceptLearnOpportunity>BillsTab</spawnedConceptLearnOpportunity>
		</building>
		<comps>
			<li Class="CompProperties_AffectedByFacilities">
				<linkableFacilities>
					<li>ToolCabinet</li>
				</linkableFacilities>
			</li>
		</comps>
		<placeWorkers>
			<li>PlaceWorker_ShowFacilitiesConnections</li>
			<li>PlaceWorker_PreventInteractionSpotOverlap</li>
		</placeWorkers>
		<researchPrerequisites>
			<li>DrugProduction</li>
		</researchPrerequisites>
	</ThingDef>

	<ThingDef ParentName="BenchBase">
		<defName>ElectricSmelter</defName>
		<label>electric smelter</label>
		<description>Extracts usable metal from slag chunks and other mixed metal items. Consumes a lot of power.</description>
		<thingClass>Building_WorkTable_HeatPush</thingClass>
		<graphicData>
			<texPath>Things/Building/Production/ElectricSmelter</texPath>
			<graphicClass>Graphic_Multi</graphicClass>
			<drawSize>(3.5,1.5)</drawSize>
			<damageData>
				<cornerTL>Damage/Corner</cornerTL>
				<cornerTR>Damage/Corner</cornerTR>
				<cornerBL>Damage/Corner</cornerBL>
				<cornerBR>Damage/Corner</cornerBR>
			</damageData>
		</graphicData>
		<castEdgeShadows>true</castEdgeShadows>
		<staticSunShadowHeight>0.20</staticSunShadowHeight>
		<constructEffect>ConstructMetal</constructEffect>
		<costList>
			<Steel>170</Steel>
			<ComponentIndustrial>2</ComponentIndustrial>
		</costList>
		<altitudeLayer>Building</altitudeLayer>
		<fillPercent>0.5</fillPercent>
		<useHitPoints>True</useHitPoints>
		<statBases>
			<WorkToBuild>3500</WorkToBuild>
			<MaxHitPoints>180</MaxHitPoints>
			<Flammability>1.0</Flammability>
		</statBases>
		<size>(3,1)</size>
		<designationCategory>Production</designationCategory>
		<passability>PassThroughOnly</passability>
		<pathCost>70</pathCost>
		<hasInteractionCell>True</hasInteractionCell>
		<interactionCellOffset>(0,0,-1)</interactionCellOffset>
		<surfaceType>Item</surfaceType>
		<terrainAffordanceNeeded>Heavy</terrainAffordanceNeeded>
		<constructionSkillPrerequisite>4</constructionSkillPrerequisite>
		<recipes>
			<li>ExtractMetalFromSlag</li>
			<li>SmeltWeapon</li>
			<li>SmeltApparel</li>
			<li>DestroyWeapon</li>
			<li>DestroyApparel</li>
		</recipes>
		<inspectorTabs>
			<li>ITab_Bills</li>
		</inspectorTabs>
		<comps>
			<li Class="CompProperties_Power">
				<compClass>CompPowerTrader</compClass>
				<basePowerConsumption>700</basePowerConsumption>
				<shortCircuitInRain>true</shortCircuitInRain>
			</li>
			<li Class="CompProperties_Flickable"/>
			<li Class="CompProperties_Glower">
				<glowRadius>6</glowRadius>
				<glowColor>(217,112,33,0)</glowColor>
			</li>
			<li Class="CompProperties_HeatPusher">
				<compClass>CompHeatPusherPowered</compClass>
				<heatPerSecond>9</heatPerSecond>
			</li>
			<li Class="CompProperties_Breakdownable"/>
		</comps>
		<building>
			<spawnedConceptLearnOpportunity>BillsTab</spawnedConceptLearnOpportunity>
			<heatPerTickWhileWorking>0.32</heatPerTickWhileWorking>
		</building>
		<designationHotKey>Misc10</designationHotKey>
		<placeWorkers>
			<li>PlaceWorker_PreventInteractionSpotOverlap</li>
		</placeWorkers>
		<researchPrerequisites>
			<li>Electricity</li>
		</researchPrerequisites>
	</ThingDef>

	<ThingDef ParentName="BenchBase">
		<defName>BiofuelRefinery</defName>
		<label>biofuel refinery</label>
		<description>Refines biological matter like wood or plant matter into chemfuel.</description>
		<thingClass>Building_WorkTable</thingClass>
		<altitudeLayer>Building</altitudeLayer>
		<passability>PassThroughOnly</passability>
		<pathCost>70</pathCost>
		<statBases>
			<MaxHitPoints>200</MaxHitPoints>
			<WorkToBuild>2000</WorkToBuild>
			<Flammability>1.0</Flammability>
		</statBases>
		<minifiedDef />
		<thingCategories Inherit="false" />
		<size>(3,2)</size>
		<costList>
			<Steel>150</Steel>
			<ComponentIndustrial>3</ComponentIndustrial>
		</costList>
		<comps>
			<li Class="CompProperties_Power">
				<compClass>CompPowerTrader</compClass>
				<basePowerConsumption>170</basePowerConsumption>
				<shortCircuitInRain>true</shortCircuitInRain>
			</li>
			<li Class="CompProperties_Flickable"/>
			<li Class="CompProperties_Breakdownable"/>
		</comps>
		<recipes>
			<li>Make_ChemfuelFromWood</li>
			<li>Make_ChemfuelFromOrganics</li>
		</recipes>
		<castEdgeShadows>false</castEdgeShadows>
		<staticSunShadowHeight>0</staticSunShadowHeight>
		<graphicData>
			<texPath>Things/Building/Production/Refinery</texPath>
			<graphicClass>Graphic_Multi</graphicClass>
			<shaderType>CutoutComplex</shaderType>
			<drawSize>(3,2)</drawSize>
			<shadowData>
				<volume>(2.22, 0.8, 0.62)</volume>
				<offset>(0, 0, -0.13)</offset>
			</shadowData>
			<damageData>
				<rect>(0.3,0.1,2.4,1.8)</rect>
			</damageData>
		</graphicData>
		<inspectorTabs>
			<li>ITab_Bills</li>
		</inspectorTabs>
		<building>
			<spawnedConceptLearnOpportunity>BillsTab</spawnedConceptLearnOpportunity>
		</building>
		<fillPercent>0.5</fillPercent>
		<interactionCellOffset>(0,0,-1)</interactionCellOffset>
		<hasInteractionCell>true</hasInteractionCell>
		<terrainAffordanceNeeded>Heavy</terrainAffordanceNeeded>
		<designationCategory>Production</designationCategory>
		<surfaceType>Item</surfaceType>
		<constructionSkillPrerequisite>4</constructionSkillPrerequisite>
		<placeWorkers>
			<li>PlaceWorker_PreventInteractionSpotOverlap</li>
		</placeWorkers>
		<researchPrerequisites>
			<li>BiofuelRefining</li>
		</researchPrerequisites>
	</ThingDef>

	<ThingDef ParentName="BenchBase">
		<defName>FabricationBench</defName>
		<label>fabrication bench</label>
		<description>A workbench equipped with advanced tools for producing technological marvels from simpler materials.</description>
		<thingClass>Building_WorkTable</thingClass>
		<altitudeLayer>Building</altitudeLayer>
		<passability>PassThroughOnly</passability>
		<pathCost>70</pathCost>
		<statBases>
			<MaxHitPoints>300</MaxHitPoints>
			<WorkToBuild>5000</WorkToBuild>
			<Flammability>1.0</Flammability>
		</statBases>
		<minifiedDef />
		<thingCategories Inherit="false" />
		<size>(5,2)</size>
		<costList>
			<Steel>200</Steel>
			<ComponentIndustrial>12</ComponentIndustrial>
			<ComponentSpacer>2</ComponentSpacer>
		</costList>
		<comps>
			<li Class="CompProperties_AffectedByFacilities">
				<linkableFacilities>
					<li>ToolCabinet</li>
				</linkableFacilities>
			</li>
			<li Class="CompProperties_Power">
				<compClass>CompPowerTrader</compClass>
				<basePowerConsumption>250</basePowerConsumption>
				<shortCircuitInRain>true</shortCircuitInRain>
			</li>
			<li Class="CompProperties_Flickable"/>
			<li Class="CompProperties_Breakdownable"/>
		</comps>
		<recipes>
			<li>Make_ComponentIndustrial</li>
			<li>Make_ComponentSpacer</li>
		</recipes>
		<graphicData>
			<texPath>Things/Building/Production/FabricationBench</texPath>
			<graphicClass>Graphic_Multi</graphicClass>
			<shaderType>CutoutComplex</shaderType>
			<drawSize>(7,4)</drawSize>
			<damageData>
				<cornerTL>Damage/Corner</cornerTL>
				<cornerTR>Damage/Corner</cornerTR>
				<cornerBL>Damage/Corner</cornerBL>
				<cornerBR>Damage/Corner</cornerBR>
			</damageData>
		</graphicData>
		<castEdgeShadows>true</castEdgeShadows>
		<staticSunShadowHeight>0.20</staticSunShadowHeight>
		<inspectorTabs>
			<li>ITab_Bills</li>
		</inspectorTabs>
		<building>
			<spawnedConceptLearnOpportunity>BillsTab</spawnedConceptLearnOpportunity>
		</building>
		<fillPercent>0.5</fillPercent>
		<interactionCellOffset>(0,0,-1)</interactionCellOffset>
		<hasInteractionCell>true</hasInteractionCell>
		<terrainAffordanceNeeded>Heavy</terrainAffordanceNeeded>
		<designationCategory>Production</designationCategory>
		<surfaceType>Item</surfaceType>
		<designationHotKey>Misc12</designationHotKey>
		<constructionSkillPrerequisite>6</constructionSkillPrerequisite>
		<placeWorkers>
			<li>PlaceWorker_ShowFacilitiesConnections</li>
			<li>PlaceWorker_PreventInteractionSpotOverlap</li>
		</placeWorkers>
		<researchPrerequisites>
			<li>Fabrication</li>
		</researchPrerequisites>
	</ThingDef>

	<!-- ========== Non-standard work buildings ==============-->

	<ThingDef ParentName="BenchBase">
		<defName>SimpleResearchBench</defName>
		<label>simple research bench</label>
		<description>A simple bench with writing implements and simple measurement devices. Researchers work here to discover new things.</description>
		<thingClass>Building_ResearchBench</thingClass>
		<size>(3,2)</size>
		<stuffCategories>
			<li>Metallic</li>
			<li>Woody</li>
			<li>Stony</li>
		</stuffCategories>
		<costStuffCount>75</costStuffCount>
		<costList>
			<Steel>25</Steel>
		</costList>
		<graphicData>
			<texPath>Things/Building/Production/ResearchBenchSimple</texPath>
			<graphicClass>Graphic_Multi</graphicClass>
			<shaderType>CutoutComplex</shaderType>
			<drawSize>(5,4)</drawSize>
			<damageData>
				<cornerTL>Damage/Corner</cornerTL>
				<cornerTR>Damage/Corner</cornerTR>
				<cornerBL>Damage/Corner</cornerBL>
				<cornerBR>Damage/Corner</cornerBR>
			</damageData>
		</graphicData>
		<castEdgeShadows>true</castEdgeShadows>
		<staticSunShadowHeight>0.20</staticSunShadowHeight>
		<altitudeLayer>Building</altitudeLayer>
		<passability>PassThroughOnly</passability>
		<pathCost>70</pathCost>
		<statBases>
			<MaxHitPoints>250</MaxHitPoints>
			<WorkToBuild>2800</WorkToBuild>
			<Flammability>1.0</Flammability>
			<ResearchSpeedFactor>0.75</ResearchSpeedFactor>
		</statBases>
		<placeWorkers>
			<li>PlaceWorker_PreventInteractionSpotOverlap</li>
		</placeWorkers>
		<fillPercent>0.5</fillPercent>
		<interactionCellOffset>(0,0,-1)</interactionCellOffset>
		<hasInteractionCell>true</hasInteractionCell>
		<designationCategory>Production</designationCategory>
		<surfaceType>Item</surfaceType>
	</ThingDef>

	<ThingDef ParentName="BenchBase">
		<defName>HiTechResearchBench</defName>
		<label>hi-tech research bench</label>
		<description>A high-tech bench with computers and electronic measurement equipment. Allows more rapid research, and unlocks advanced research projects.</description>
		<thingClass>Building_ResearchBench</thingClass>
		<size>(5,2)</size>
		<minifiedDef />
		<thingCategories Inherit="false" />
		<stuffCategories>
			<li>Metallic</li>
		</stuffCategories>
		<costStuffCount>150</costStuffCount>
		<costList>
			<Steel>100</Steel>
			<ComponentIndustrial>10</ComponentIndustrial>
		</costList>
		<graphicData>
			<texPath>Things/Building/Production/ResearchBenchHiTech</texPath>
			<graphicClass>Graphic_Multi</graphicClass>
			<shaderType>CutoutComplex</shaderType>
			<drawSize>(7,4)</drawSize>
			<damageData>
				<cornerTL>Damage/Corner</cornerTL>
				<cornerTR>Damage/Corner</cornerTR>
				<cornerBL>Damage/Corner</cornerBL>
				<cornerBR>Damage/Corner</cornerBR>
			</damageData>
		</graphicData>
		<castEdgeShadows>true</castEdgeShadows>
		<staticSunShadowHeight>0.20</staticSunShadowHeight>
		<altitudeLayer>Building</altitudeLayer>
		<passability>PassThroughOnly</passability>
		<pathCost>70</pathCost>
		<statBases>
			<MaxHitPoints>250</MaxHitPoints>
			<WorkToBuild>5000</WorkToBuild>
			<Flammability>1.0</Flammability>
			<ResearchSpeedFactor>1.0</ResearchSpeedFactor>
		</statBases>
		<comps>
			<li Class="CompProperties_Power">
				<compClass>CompPowerTrader</compClass>
				<basePowerConsumption>250</basePowerConsumption>
				<shortCircuitInRain>true</shortCircuitInRain>
			</li>
			<li Class="CompProperties_Flickable"/>
			<li Class="CompProperties_AffectedByFacilities">
				<linkableFacilities>
					<li>MultiAnalyzer</li>
				</linkableFacilities>
			</li>
		</comps>
		<fillPercent>0.5</fillPercent>
		<interactionCellOffset>(0,0,-1)</interactionCellOffset>
		<hasInteractionCell>true</hasInteractionCell>
		<terrainAffordanceNeeded>Heavy</terrainAffordanceNeeded>
		<designationCategory>Production</designationCategory>
		<surfaceType>Item</surfaceType>
		<designationHotKey>Misc4</designationHotKey>
		<constructionSkillPrerequisite>6</constructionSkillPrerequisite>
		<placeWorkers>
			<li>PlaceWorker_ShowFacilitiesConnections</li>
			<li>PlaceWorker_PreventInteractionSpotOverlap</li>
		</placeWorkers>
		<researchPrerequisites>
			<li>MicroelectronicsBasics</li>
		</researchPrerequisites>
	</ThingDef>

	<ThingDef ParentName="BuildingBase">
		<defName>ElectricCrematorium</defName>
		<label>electric crematorium</label>
		<description>A huge stone crematorium which vaporizes corpses with extremely high temperatures.</description>
		<thingClass>Building_WorkTable_HeatPush</thingClass>
		<graphicData>
			<texPath>Things/Building/Production/Crematorium</texPath>
			<graphicClass>Graphic_Multi</graphicClass>
			<shaderType>CutoutComplex</shaderType>
			<drawSize>(3,2)</drawSize>
			<shadowData>
				<volume>(1.95,0.5,1.3)</volume>
			</shadowData>
			<damageData>
				<rect>(0.3,0.1,2.4,1.8)</rect>
			</damageData>
		</graphicData>
		<stuffCategories>
			<li>Stony</li>
		</stuffCategories>
		<costStuffCount>150</costStuffCount>
		<costList>
			<Steel>20</Steel>
			<ComponentIndustrial>2</ComponentIndustrial>
		</costList>
		<altitudeLayer>Building</altitudeLayer>
		<useHitPoints>True</useHitPoints>
		<statBases>
			<WorkToBuild>4500</WorkToBuild>
			<MaxHitPoints>300</MaxHitPoints>
			<Cleanliness>-20</Cleanliness>
			<Beauty>-10</Beauty>
		</statBases>
		<size>(3,2)</size>
		<designationCategory>Production</designationCategory>
		<fillPercent>1</fillPercent>
		<passability>Impassable</passability>
		<hasInteractionCell>True</hasInteractionCell>
		<interactionCellOffset>(0,0,-1)</interactionCellOffset>
		<interactionCellIcon>DiningChair</interactionCellIcon>
		<surfaceType>Item</surfaceType>
		<canOverlapZones>false</canOverlapZones>
		<terrainAffordanceNeeded>Heavy</terrainAffordanceNeeded>
		<constructionSkillPrerequisite>4</constructionSkillPrerequisite>
		<recipes>
			<li>CremateCorpse</li>
			<li>BurnApparel</li>
			<li>BurnWeapon</li>
			<li>BurnDrugs</li>
		</recipes>
		<inspectorTabs>
			<li>ITab_Bills</li>
		</inspectorTabs>
		<comps>
			<li Class="CompProperties_Power">
				<compClass>CompPowerTrader</compClass>
				<basePowerConsumption>250</basePowerConsumption>
				<shortCircuitInRain>true</shortCircuitInRain>
			</li>
			<li Class="CompProperties_Flickable"/>
			<li Class="CompProperties_Glower">
				<glowRadius>6</glowRadius>
				<glowColor>(217,112,33,0)</glowColor>
			</li>
			<li Class="CompProperties_HeatPusher">
				<compClass>CompHeatPusherPowered</compClass>
				<heatPerSecond>12</heatPerSecond>
			</li>
		</comps>
		<building>
			<spawnedConceptLearnOpportunity>BillsTab</spawnedConceptLearnOpportunity>
			<heatPerTickWhileWorking>0.32</heatPerTickWhileWorking>
			<forceShowRoomStats>true</forceShowRoomStats>
		</building>
		<placeWorkers>
			<li>PlaceWorker_PreventInteractionSpotOverlap</li>
		</placeWorkers>
		<designationHotKey>Misc5</designationHotKey>
		<researchPrerequisites>
			<li>Electricity</li>
		</researchPrerequisites>
	</ThingDef>

	<ThingDef ParentName="BuildingBase">
		<defName>HydroponicsBasin</defName>
		<label>hydroponics basin</label>
		<description>An artificial nutrient bath for growing plants. The nutrients pumps must work continuously; the plants will die if power is cut.</description>
		<thingClass>Building_PlantGrower</thingClass>
		<graphicData>
			<texPath>Things/Building/Production/HydroponicsBasin</texPath>
			<graphicClass>Graphic_Multi</graphicClass>
			<drawSize>(1,4)</drawSize>
			<damageData>
				<cornerTL>Damage/Corner</cornerTL>
				<cornerTR>Damage/Corner</cornerTR>
				<cornerBL>Damage/Corner</cornerBL>
				<cornerBR>Damage/Corner</cornerBR>
			</damageData>
		</graphicData>
		<castEdgeShadows>true</castEdgeShadows>
		<altitudeLayer>LowPlant</altitudeLayer>
		<defaultPlacingRot>East</defaultPlacingRot>
		<passability>PassThroughOnly</passability>
		<pathCost>60</pathCost>
		<constructEffect>ConstructMetal</constructEffect>
		<fillPercent>0.30</fillPercent>
		<canOverlapZones>false</canOverlapZones>
		<constructionSkillPrerequisite>4</constructionSkillPrerequisite>
		<statBases>
			<WorkToBuild>2800</WorkToBuild>
			<MaxHitPoints>180</MaxHitPoints>
			<Flammability>0.5</Flammability>
			<Cleanliness>-3</Cleanliness>
		</statBases>
		<size>(1,4)</size>
		<costList>
			<Steel>100</Steel>
			<ComponentIndustrial>1</ComponentIndustrial>
		</costList>
		<fertility>2.8</fertility>
		<building>
			<defaultPlantToGrow>Plant_Rice</defaultPlantToGrow>
			<sowTag>Hydroponic</sowTag>
		</building>
		<tickerType>Rare</tickerType>
		<comps>
			<li Class="CompProperties_Forbiddable"/>
			<li Class="CompProperties_Power">
				<compClass>CompPowerTrader</compClass>
				<basePowerConsumption>70</basePowerConsumption>
			</li>
			<li Class="CompProperties_Flickable"/>
		</comps>
		<researchPrerequisites>
			<li>Hydroponics</li>
		</researchPrerequisites>
		<terrainAffordanceNeeded>Medium</terrainAffordanceNeeded>
		<designationCategory>Production</designationCategory>
	</ThingDef>

	<ThingDef ParentName="BuildingBase">
		<defName>FermentingBarrel</defName>
		<label>fermenting barrel</label>
		<description>A barrel for fermenting raw wort into beer.</description>
		<thingClass>Building_FermentingBarrel</thingClass>
		<graphicData>
			<texPath>Things/Building/Production/FermentingBarrel</texPath>
			<graphicClass>Graphic_Multi</graphicClass>
			<damageData>
				<rect>(0.05,0.1,0.9,0.9)</rect>
			</damageData>
			<shadowData>
				<volume>(0.75, 0.35, 0.33)</volume>
			</shadowData>
		</graphicData>
		<minifiedDef>MinifiedThing</minifiedDef>
		<altitudeLayer>Building</altitudeLayer>
		<passability>PassThroughOnly</passability>
		<fillPercent>0.45</fillPercent>
		<pathCost>60</pathCost>
		<thingCategories>
			<li>BuildingsProduction</li>
		</thingCategories>
		<statBases>
			<WorkToBuild>600</WorkToBuild>
			<Mass>10</Mass>
			<MaxHitPoints>100</MaxHitPoints>
			<Flammability>1.0</Flammability>
		</statBases>
		<costList>
			<Steel>10</Steel>
			<WoodLog>30</WoodLog>
		</costList>
		<comps>
			<li Class="CompProperties_TemperatureRuinable">
				<minSafeTemperature>-1</minSafeTemperature>
				<maxSafeTemperature>32</maxSafeTemperature>
				<progressPerDegreePerTick>0.00001</progressPerDegreePerTick>
			</li>
		</comps>
		<tickerType>Rare</tickerType>
		<rotatable>true</rotatable>
		<designationCategory>Production</designationCategory>
		<constructEffect>ConstructWood</constructEffect>
		<researchPrerequisites>
			<li>Brewing</li>
		</researchPrerequisites>
	</ThingDef>

	<ThingDef ParentName="BuildingBase">
		<defName>DeepDrill</defName>
		<label>deep drill</label>
		<description>A deep-crust drilling rig for extracting minerals from deep under the surface. Use a ground-penetrating scanner to detect the resources. This drill will yield stone chunks if no resources are present. Can be repositioned freely.</description>
		<graphicData>
			<graphicClass>Graphic_Single</graphicClass>
			<texPath>Things/Building/Production/DeepDrill</texPath>
			<drawSize>(2,2)</drawSize>
			<drawRotated>false</drawRotated>
			<shadowData>
				<volume>(0.52, 0.53, 0.09)</volume>
				<offset>(0,0,-0.43)</offset>
			</shadowData>
		</graphicData>
		<size>(1,1)</size>
		<altitudeLayer>Building</altitudeLayer>
		<passability>PassThroughOnly</passability>
		<pathCost>70</pathCost>
		<fillPercent>0.5</fillPercent>
		<hasInteractionCell>true</hasInteractionCell>
		<interactionCellOffset>(0,0,-1)</interactionCellOffset>
		<designationCategory>Production</designationCategory>
		<designationHotKey>Misc12</designationHotKey>
		<specialDisplayRadius>1.5</specialDisplayRadius>
		<rotatable>true</rotatable>
		<terrainAffordanceNeeded>Light</terrainAffordanceNeeded>
		<constructionSkillPrerequisite>4</constructionSkillPrerequisite>
		<uiIconOffset>(0, 0.03)</uiIconOffset>
		<uiIconScale>0.85</uiIconScale>
		<minifiedDef>MinifiedThing</minifiedDef>
		<building>
			<uninstallWork>1800</uninstallWork>
		</building>
		<thingCategories>
			<li>BuildingsProduction</li>
		</thingCategories>
		<costList>
			<Steel>200</Steel>
			<ComponentIndustrial>4</ComponentIndustrial>
		</costList>
		<placeWorkers>
			<li>PlaceWorker_DeepDrill</li>
			<li>PlaceWorker_PreventInteractionSpotOverlap</li>
		</placeWorkers>
		<drawPlaceWorkersWhileSelected>true</drawPlaceWorkersWhileSelected>
		<researchPrerequisites>
			<li>DeepDrilling</li>
		</researchPrerequisites>
		<statBases>
			<MaxHitPoints>300</MaxHitPoints>
			<WorkToBuild>10000</WorkToBuild>
			<Flammability>0.5</Flammability>
			<Beauty>-25</Beauty>
			<Mass>35</Mass>
		</statBases>
		<comps>
			<li Class="CompProperties_Forbiddable"/>
			<li Class="CompProperties_Flickable"/>
			<li Class="CompProperties_Power">
				<compClass>CompPowerTrader</compClass>
				<basePowerConsumption>300</basePowerConsumption>
			</li>
			<li Class="CompProperties_DeepDrill" />
			<li Class="CompProperties_CreatesInfestations" />
		</comps>
	</ThingDef>

	<!--======================== Nutrient dispenser ==============================-->

	<ThingDef ParentName="BuildingBase">
		<defName>NutrientPasteDispenser</defName>
		<label>nutrient paste dispenser</label>
		<description>A machine that synthesizes edible nutrient paste from organic feedstocks placed in adjacent hoppers. It consumes less ingredients and time than any other meal production method - but nobody likes eating nutrient paste. Accepts raw food, but not rough plant matter like hay.</description>
		<thingClass>Building_NutrientPasteDispenser</thingClass>
		<graphicData>
			<texPath>Things/Building/Production/NutrientDispenser</texPath>
			<graphicClass>Graphic_Multi</graphicClass>
			<color>(232,255,191)</color>
			<shaderType>CutoutComplex</shaderType>
			<drawSize>(3,4)</drawSize>
			<damageData>
				<rect>(0.02,0.25,2.96,2.85)</rect>
				<cornerTL>Damage/Corner</cornerTL>
				<cornerTR>Damage/Corner</cornerTR>
			</damageData>
			<shadowData>
				<volume>(2.87,0.75,3.05)</volume>
				<offset>(0,0,0.38)</offset>
			</shadowData>
		</graphicData>
		<altitudeLayer>Building</altitudeLayer>
		<passability>Impassable</passability>
		<blockWind>true</blockWind>
		<fillPercent>1</fillPercent>
		<statBases>
			<WorkToBuild>2200</WorkToBuild>
			<MaxHitPoints>350</MaxHitPoints>
			<Flammability>0.5</Flammability>
		</statBases>
		<building>
			<isMealSource>true</isMealSource>
			<wantsHopperAdjacent>true</wantsHopperAdjacent>
			<nutritionCostPerDispense>0.3</nutritionCostPerDispense>
			<soundDispense>DispensePaste</soundDispense>
			<forceShowRoomStats>true</forceShowRoomStats>
		</building>
		<comps>
			<li Class="CompProperties_Power">
				<compClass>CompPowerTrader</compClass>
				<basePowerConsumption>200</basePowerConsumption>
			</li>
			<li Class="CompProperties_Flickable"/>
			<li Class="CompProperties_Breakdownable"/>
		</comps>
		<size>(3,4)</size>
		<costList>
			<Steel>90</Steel>
			<ComponentIndustrial>3</ComponentIndustrial>
		</costList>
		<placeWorkers>
			<li>PlaceWorker_PreventInteractionSpotOverlap</li>
		</placeWorkers>
		<socialPropernessMatters>true</socialPropernessMatters>
		<interactionCellOffset>(0,0,3)</interactionCellOffset>
		<hasInteractionCell>true</hasInteractionCell>
		<terrainAffordanceNeeded>Heavy</terrainAffordanceNeeded>
		<designationCategory>Production</designationCategory>
		<constructEffect>ConstructMetal</constructEffect>
		<designationHotKey>Misc6</designationHotKey>
		<canOverlapZones>false</canOverlapZones>
		<constructionSkillPrerequisite>5</constructionSkillPrerequisite>
		<researchPrerequisites>
			<li>NutrientPaste</li>
		</researchPrerequisites>
	</ThingDef>

	<ThingDef ParentName="BuildingBase">
		<defName>Hopper</defName>
		<label>hopper</label>
		<description>Holds resources for use by machines like nutrient paste dispensers.</description>
		<thingClass>Building_Storage</thingClass>
		<graphicData>
			<texPath>Things/Building/Production/Hopper</texPath>
			<graphicClass>Graphic_Multi</graphicClass>
			<damageData>
				<rect>(0.05,0.1,0.9,0.9)</rect>
				<cornerTL>Damage/Corner</cornerTL>
				<cornerTR>Damage/Corner</cornerTR>
			</damageData>
		</graphicData>
		<altitudeLayer>Building</altitudeLayer>
		<passability>PassThroughOnly</passability>
		<fillPercent>0.5</fillPercent>
		<pathCost>70</pathCost>
		<canOverlapZones>false</canOverlapZones>
		<building>
			<fixedStorageSettings>
				<priority>Important</priority>
				<filter>
					<categories>
						<li>FoodRaw</li>
					</categories>
					<specialFiltersToDisallow>
						<li>AllowPlantFood</li>
					</specialFiltersToDisallow>
				</filter>
			</fixedStorageSettings>
			<defaultStorageSettings>
				<priority>Important</priority>
				<filter>
					<categories>
						<li>FoodRaw</li>
					</categories>
					<disallowedThingDefs>
						<li>Meat_Human</li>
						<li>Meat_Megaspider</li>
					</disallowedThingDefs>
				</filter>
			</defaultStorageSettings>
		</building>
		<inspectorTabs>
			<li>ITab_Storage</li>
		</inspectorTabs>
		<castEdgeShadows>true</castEdgeShadows>
		<statBases>
			<WorkToBuild>300</WorkToBuild>
			<MaxHitPoints>100</MaxHitPoints>
			<Flammability>0.5</Flammability>
		</statBases>
		<costList>
			<Steel>15</Steel>
		</costList>
		<tickerType>Never</tickerType>
		<rotatable>true</rotatable>
		<neverMultiSelect>true</neverMultiSelect>
		<designationCategory>Production</designationCategory>
		<surfaceType>Item</surfaceType>
		<placeWorkers>
			<li>PlaceWorker_NextToHopperAccepter</li>
		</placeWorkers>
		<constructEffect>ConstructMetal</constructEffect>
		<researchPrerequisites>
			<li>NutrientPaste</li>
		</researchPrerequisites>
		<uiIconPath>Things/Building/Production/Hopper_MenuIcon</uiIconPath>
		<uiIconScale>0.85</uiIconScale>
	</ThingDef>

</Defs>
