<?xml version="1.0" encoding="utf-8" ?>
<Defs>

  <!-- Mech capsule -->

  <ThingDef ParentName="BuildingBase">
    <defName>MechCapsule</defName>
    <label>mech capsule</label>
    <description>A mechanoid storage and deployment capsule. It can contain a number of mechanoids, ready to emerge and fight upon being awakened.</description>
    <altitudeLayer>Building</altitudeLayer>
    <pathCost>150</pathCost>
    <blockWind>true</blockWind>
    <passability>PassThroughOnly</passability>
    <fillPercent>1.0</fillPercent>
    <tickerType>Normal</tickerType>
    <rotatable>true</rotatable>
    <selectable>true</selectable>
    <neverMultiSelect>true</neverMultiSelect>
    <terrainAffordanceNeeded>Light</terrainAffordanceNeeded>
    <soundImpactDefault>BulletImpact_Metal</soundImpactDefault>
    <drawerType>MapMeshAndRealTime</drawerType>
    <repairEffect>ConstructMetal</repairEffect>
    <forceDebugSpawnable>true</forceDebugSpawnable>
    <receivesSignals>true</receivesSignals>
    <isMechClusterThreat>true</isMechClusterThreat>
    <size>(2,3)</size>
    <statBases>
      <MaxHitPoints>180</MaxHitPoints>
      <Flammability>0</Flammability>
      <Beauty>-20</Beauty>
    </statBases>
    <graphicData>
      <texPath>Things/Building/Mech/MechCapsule</texPath>
      <graphicClass>Graphic_Single</graphicClass>
      <drawSize>(2,3)</drawSize>
      <shadowData>
        <volume>(1.8, 0.7, 2.8)</volume>
      </shadowData>
    </graphicData>
    <building>
      <combatPower>400</combatPower>
      <buildingTags>
        <li>MechClusterMember</li>
        <li>MechClusterCombatThreat</li>
      </buildingTags>
      <roofCollapseDamageMultiplier>0.2</roofCollapseDamageMultiplier>
    </building>
    <costList>
      <ComponentIndustrial>3</ComponentIndustrial>
      <Plasteel>20</Plasteel>
    </costList>
    <killedLeavings>
      <ChunkSlagSteel>3</ChunkSlagSteel>
    </killedLeavings>
    <damageMultipliers>
      <li>
        <damageDef>Flame</damageDef>
        <multiplier>0</multiplier>
      </li>
    </damageMultipliers>
    <comps>
      <li Class="CompProperties_CanBeDormant">
        <awakeStateLabelKey>OpenedDaysAgo</awakeStateLabelKey>
        <dormantStateLabelKey>DormantCompSealed</dormantStateLabelKey>
      </li>
      <li Class="CompProperties_WakeUpDormant">
        <wakeUpSound>MechanoidsWakeUp</wakeUpSound>
      </li>
      <li Class="CompProperties_PawnSpawnOnWakeup">
        <points>410</points>  <!-- Slightly more than centipede's 400 -->
        <spawnablePawnKinds>
          <li>Mech_Scyther</li>
          <li>Mech_Lancer</li>
          <li>Mech_Centipede</li>
          <li>Mech_Pikeman</li>
        </spawnablePawnKinds>
        <spawnSound>CryptosleepCasket_Eject</spawnSound>
        <lordJob>LordJob_MechanoidsDefend</lordJob>
        <shouldJoinParentLord>True</shouldJoinParentLord>
      </li>
      <li Class="CompProperties_EmptyStateGraphic">
        <graphicData>
          <texPath>Things/Building/Mech/MechCapsuleOpen</texPath>
          <graphicClass>Graphic_Single</graphicClass>
          <drawSize>(2, 3)</drawSize>
        </graphicData>
      </li>
    </comps>
  </ThingDef>

  <!-- Mech assembler -->

  <ThingDef ParentName="MechBuildingBase">
    <defName>MechAssembler</defName>
    <label>mech assembler</label>
    <description>An automated mechanoid factory. It periodically assembles and deploys new mechanoids.</description>
    <size>(3,3)</size>
    <statBases>
      <MaxHitPoints>260</MaxHitPoints>
      <Flammability>0</Flammability>
    </statBases>
    <castEdgeShadows>True</castEdgeShadows>
    <graphicData>
      <texPath>Things/Building/Mech/MechAssembler</texPath>
      <graphicClass>Graphic_Single</graphicClass>
      <drawSize>(3,3)</drawSize>
      <shadowData>
        <volume>(2.8, 0.8, 2.8)</volume>
      </shadowData>
      <damageData>
        <rect>(0.15, 0.15, 2.7, 2.7)</rect>
      </damageData>
    </graphicData>
    <building>
      <combatPower>250</combatPower> <!-- Can spawn 1 of any mech, this is a rough average -->
      <buildingTags>
        <li>MechClusterCombatThreat</li>
      </buildingTags>
    </building>
    <costList>
      <ComponentIndustrial>3</ComponentIndustrial>
      <Plasteel>20</Plasteel>
    </costList>
    <killedLeavings>
      <ChunkSlagSteel>3</ChunkSlagSteel>
    </killedLeavings>
    <comps>
      <li Class="CompProperties_WakeUpDormant">
        <wakeUpSound>MechanoidsWakeUp</wakeUpSound>
      </li>
      <li Class="CompProperties_SpawnerPawn">
        <spawnablePawnKinds>
          <li>Mech_Scyther</li>
          <li>Mech_Lancer</li>
          <li>Mech_Centipede</li>
          <li>Mech_Pikeman</li>
        </spawnablePawnKinds>
        <chooseSingleTypeToSpawn>True</chooseSingleTypeToSpawn>
        <spawnMessageKey>MessageMechanoidsAssembled</spawnMessageKey>
        <nextSpawnInspectStringKey>MechAssemblyCompleteIn</nextSpawnInspectStringKey>
        <maxSpawnedPawnsPoints>500</maxSpawnedPawnsPoints>
        <spawnSound>MechAssembler_Spawn</spawnSound>
        <showNextSpawnInInspect>true</showNextSpawnInInspect>
        <lordJob>LordJob_AssaultColony</lordJob>
        <pawnSpawnIntervalDays>1</pawnSpawnIntervalDays>
      </li>
    </comps>
  </ThingDef>

  <ThingDef ParentName="MechBuildingBase">
    <defName>MechDropBeacon</defName>
    <label>mech drop beacon</label>
    <description>A mechanoid reinforcement drop beacon. When activated, it calls in a group of mechs to land in drop pods nearby.</description>
    <size>(1,1)</size>
    <tickerType>Normal</tickerType>
    <fillPercent>0.25</fillPercent>
    <receivesSignals>true</receivesSignals>
    <drawerType>MapMeshOnly</drawerType>
    <statBases>
      <MaxHitPoints>100</MaxHitPoints>
      <Flammability>0</Flammability>
    </statBases>
    <graphicData>
      <texPath>Things/Building/Mech/MechDropBeacon</texPath>
      <graphicClass>Graphic_Single</graphicClass>
      <drawSize>(1,1)</drawSize>
      <shadowData>
        <volume>(0.6, 0.4, 0.6)</volume>
      </shadowData>
      <damageData>
        <rect>(0.3, 0.3, 0.4, 0.4)</rect>
      </damageData>
    </graphicData>
    <building>
      <combatPower>400</combatPower>
      <buildingTags>
        <li>MechClusterCombatThreat</li>
      </buildingTags>
    </building>
    <comps>
      <li Class="CompProperties_CanBeDormant">
        <awakeStateLabelKey>DormantCompExpired</awakeStateLabelKey>
        <dormantStateLabelKey>DormantCompBeacon</dormantStateLabelKey>
      </li>
      <li Class="CompProperties_WakeUpDormant">
        <wakeUpSound>MechanoidsWakeUp</wakeUpSound>
      </li>
      <li Class="CompProperties_PawnSpawnOnWakeup">
        <points>350~450</points>
        <dropInPods>True</dropInPods>
        <pawnSpawnRadius>10~30</pawnSpawnRadius>
        <spawnEffecter>MechDropBeaconActivated</spawnEffecter>
        <activatedMessageKey>MessageMechanoidsReinforcementsDrop</activatedMessageKey>
        <spawnablePawnKinds>
          <li>Mech_Scyther</li>
          <li>Mech_Lancer</li>
          <li>Mech_Centipede</li>
          <li>Mech_Pikeman</li>
        </spawnablePawnKinds>
        <lordJob>LordJob_MechanoidsDefend</lordJob>
        <shouldJoinParentLord>True</shouldJoinParentLord>
      </li>
    </comps>
    <costList>
      <Plasteel>7</Plasteel>
    </costList>
  </ThingDef>

</Defs>