﻿<?xml version="1.0" encoding="utf-8" ?>
<Defs>
  <ApparelLayerDef>
    <defName>OnSkin</defName>
    <label>skin</label>
    <drawOrder>0</drawOrder>
  </ApparelLayerDef>

  <ApparelLayerDef>
    <defName>Middle</defName>
    <label>middle</label>
    <drawOrder>100</drawOrder>
  </ApparelLayerDef>

  <ApparelLayerDef>
    <defName>Shell</defName>
    <label>outer</label>
    <drawOrder>200</drawOrder>
  </ApparelLayerDef>

  <ApparelLayerDef>
    <defName>Belt</defName>
    <label>belt</label>
    <drawOrder>300</drawOrder>
  </ApparelLayerDef>

  <ApparelLayerDef>
    <defName>Overhead</defName>
    <label>headgear</label>
    <drawOrder>400</drawOrder>
  </ApparelLayerDef>
</Defs>
