﻿<?xml version="1.0" encoding="utf-8" ?>
<Defs>

  <StatDef>
    <defName>MedicalPotency</defName>
    <label>medical potency</label>
    <description>How effective this is when used to tend wounds and diseases, or do surgery.\n\nHigher medical potency improves the quality of tending, and acts as a multiplier on the chance of success during surgery.\nMedical potency is just one factor in medical outcomes, among many others, including doctor ability, equipment, cleanliness, and luck.</description>
    <category>BasicsNonPawnImportant</category>
    <defaultBaseValue>0.0</defaultBaseValue>
    <minValue>0.2</minValue>
    <toStringStyle>PercentZero</toStringStyle>
    <showIfUndefined>false</showIfUndefined>
    <displayPriorityInCategory>4000</displayPriorityInCategory>
  </StatDef>

  <StatDef>
    <defName>MedicalQualityMax</defName>
    <label>medical tend quality maximum</label>
    <description>The maximum quality of medical tending that can be achieved while using this.\n\nBetter tend quality allows skilled doctors to treat wounds better, as well as more reliably.</description>
    <category>BasicsNonPawnImportant</category>
    <defaultBaseValue>1.0</defaultBaseValue>
    <minValue>0.0</minValue>
    <toStringStyle>PercentZero</toStringStyle>
    <showIfUndefined>false</showIfUndefined>
    <displayPriorityInCategory>4010</displayPriorityInCategory>
  </StatDef>

  <StatDef>
    <defName>ConstructionSpeedFactor</defName>
    <label>construction speed</label>
    <labelForFullStatList>construction speed (material factor)</labelForFullStatList>
    <description>The speed at which buildings made of this are constructed is multiplied by this value.\n\nSome materials, like stone, are slow to build from, while others, like wood, are fast.</description>
    <category>BasicsNonPawn</category>
    <defaultBaseValue>1</defaultBaseValue>
    <minValue>0.1</minValue>
    <toStringStyle>PercentZero</toStringStyle>
    <hideAtValue>1</hideAtValue>
    <displayPriorityInCategory>2500</displayPriorityInCategory>
  </StatDef>

</Defs>
